dataset,qid,query,class,best_model,utility_bm25,utility_l6,utility_bge,eff_bm25,eff_l6,eff_bge,lat_bm25,lat_l6,lat_bge
scifact-train,0,0-dimensional biomaterials lack inductive properties.,0,bm25,0.04993251152844013,0.04209674971132203,0.0,0.0,0.0,0.0,0.0008380061481148005,0.09813486924394965,0.6208513311576098
scifact-train,2,1 in 5 million in UK have abnormal PrP positivity.,0,bm25,0.9997223943967382,0.9899128887644809,0.95,1.0,1.0,1.0,0.0016262899152934551,0.05909306975081563,0.29291374096646905
scifact-train,4,1-1% of colorectal cancer patients are diagnosed with regional or distant metastases.,2,bge,0.04969264805409658,0.03971022637468902,0.27875508343640726,0.0,0.0,0.2934264036172708,0.001777673838660121,0.05951438285410404,0.2891918958630413
scifact-train,6,10% of sudden infant death syndrome (SIDS) deaths happen in newborns aged less than 6 months.,1,l6,0.586907294322813,0.9896051483682256,0.95,0.5654648767857288,1.0,1.0,0.00166133395396173,0.060735048027709126,0.2921400428749621
scifact-train,9,32% of liver transplantation programs required patients to discontinue methadone treatment in 2001.,0,bm25,0.9996532237410739,0.989725131100897,0.95,1.0,1.0,1.0,0.002018437022343278,0.05980563908815384,0.2910287210252136
scifact-train,10,4-PBA treatment decreases endoplasmic reticulum stress in response to general endoplasmic reticulum stress markers.,1,l6,0.3284011744312443,0.4354151503148375,0.3233213650848617,0.2934264036172708,0.41666666666666663,0.34033827903669656,0.0020285530481487513,0.05971545400097966,0.2865924600046128
scifact-train,11,4-PBA treatment raises endoplasmic reticulum stress in response to general endoplasmic reticulum stress markers.,1,l6,0.3284496753863644,0.36349637410117797,0.2483650805429772,0.2934264036172708,0.34033827903669656,0.26143692688734443,0.0017417070921510458,0.05603079707361758,0.2851442671380937
scifact-train,12,40mg/day dosage of folic acid and 2mg/day dosage of vitamin B12 does not affect chronic kidney disease (CKD) progression.,0,bm25,0.999707064792825,0.9899650283928314,0.95,1.0,1.0,1.0,0.0016686890739947557,0.05716365622356534,0.2848222120665014
scifact-train,14,5'-nucleotidase metabolizes 6MP.,0,bm25,0.04994446783003057,0.04043235097081642,0.0,0.0,0.0,0.0,0.0003131141420453787,0.053946500178426504,0.2819213999900967
scifact-train,15,50% of patients exposed to radiation have activated markers of mesenchymal stem cells.,0,bm25,0.04944377429299565,0.03988551000104655,0.0,0.0,0.0,0.0,0.003197707002982497,0.05814757407642901,0.2874468909576535
scifact-train,17,53% of perinatal mortality is due to low birth weight.,0,bm25,0.04984985077577378,0.039838265573121145,0.0,0.0,0.0,0.0,0.0008755349554121494,0.0592540770303458,0.29155493807047606
scifact-train,18,61% of colorectal cancer patients are diagnosed with regional or distant metastases.,2,bge,0.04974422779344191,0.0398769626611225,0.3233213650848617,0.0,0.0,0.34033827903669656,0.0014678901061415672,0.05809664214029908,0.2869526220019907
scifact-train,19,7-day-old adult Caenorhabditis elegans exhibit approximately 5% of the learning capacity seen in 1-day old adults.,2,bge,0.32854107385546505,0.04017352909461039,0.39583333333333326,0.2934264036172708,0.0,0.41666666666666663,0.0012272200547158718,0.05634907609783113,0.28672082093544304
scifact-train,20,7-day-old adult Caenorhabditis elegans exhibit approximately 75% of the learning capacity seen in 1-day old adults.,2,bge,0.32857900709447974,0.040355596404424904,0.39583333333333326,0.2934264036172708,0.0,0.41666666666666663,0.0010122659150511026,0.05544584197923541,0.2874508590903133
scifact-train,21,70% of burn patients are admitted for hospitalization and further treatment after appearing at hospital emergency wards or outpatient clinics.,2,bge,0.37300066924902253,0.3630319907903836,0.5371916329464423,0.34033827903669656,0.34033827903669656,0.5654648767857288,0.0018764720298349857,0.06020571803674102,0.2925625811330974
scifact-train,22,76-85% of people with severe mental disorder receive no treatment in low and middle income countries.,0,bm25,0.99972165427862,0.9899835591850282,0.95,1.0,1.0,1.0,0.0016188120935112238,0.05825394205749035,0.29079162515699863
scifact-train,24,90% of patients with melanoma and an objective response to PD-1 blockade will experience a progression in their melanoma.,1,l6,0.32840246695572783,0.9898229275022153,0.95,0.2934264036172708,1.0,1.0,0.0020509150344878435,0.05919267004355788,0.29081383696757257
scifact-train,25,90% of sudden infant death syndrome (SIDS) deaths happen in newborns aged less than 6 months.,1,l6,0.5869581416369106,0.9900744139344179,0.95,0.5654648767857288,1.0,1.0,0.0013527320697903633,0.057503890013322234,0.28967503597959876
scifact-train,26,A 100g dose of chloroquine chemoprophylactic regimen results in retinal toxicity after 1 year of weekly intake.,0,bm25,0.04958976825744364,0.0396964094458575,0.0,0.0,0.0,0.0,0.0024005069863051176,0.06029236293397844,0.29257938102819026
scifact-train,27,A 100g dose of chloroquine chemoprophylactic regimen results in retinal toxicity after 5-6 years of weekly intake.,0,bm25,0.04963207033080574,0.039634859103914434,0.0,0.0,0.0,0.0,0.0021485770121216774,0.06052869698032737,0.2919820270035416
scifact-train,28,A T helper 2 cell (Th2) environment impedes disease development in patients with systemic lupus erythematosus (SLE).,0,bm25,0.9993933345641793,0.9896815543878622,0.95,1.0,1.0,1.0,0.0034892919939011335,0.0593474879860878,0.28757959394715726
scifact-train,30,A breast cancer patient's capacity to metabolize tamoxifen influences treatment outcome.,1,l6,0.5868315617948376,0.9896729888122702,0.95,0.5654648767857288,1.0,1.0,0.0020850012078881264,0.05979882227256894,0.28952627815306187
scifact-train,32,A country's Vaccine Alliance (GAVI) eligibility is not indictivate of accelerated adoption of the Hub vaccine.,0,bm25,0.9999341741245075,0.9904198324629532,0.95,1.0,1.0,1.0,0.00037771998904645443,0.054972619051113725,0.2869084430858493
scifact-train,34,A deficiency of folate increases blood levels of homocysteine.,2,bge,0.5868857810724665,0.5774090698686016,0.95,0.5654648767857288,0.5654648767857288,1.0,0.0017785450909286737,0.056886130245402455,0.29075268818996847
scifact-train,35,A deficiency of vitamin B12 decreases blood levels of homocysteine.,1,l6,0.23268115436498626,0.29250964720930844,0.16493878171167375,0.19253705174241542,0.2659076186125986,0.1736197702228145,0.0013273211661726236,0.058544803177937865,0.2897514421492815
scifact-train,37,A deficiency of vitamin B6 decreases blood levels of homocysteine.,1,l6,0.2573320246929663,0.310384327754376,0.24418235822198067,0.2185988563846481,0.2848249001321995,0.25703406128629547,0.0019627290312200785,0.059421719051897526,0.2913021461572498
scifact-train,39,A diminished ovarian reserve does not solely indicate infertility in an a priori non-infertile population.,0,bm25,0.9997797263896238,0.9901872444974934,0.95,1.0,1.0,1.0,0.001272415043786168,0.05668358411639929,0.2888260290492326
scifact-train,40,"A diminished ovarian reserve is a very strong indicator of infertility, even in an a priori non-infertile population.",0,bm25,0.9997712300031951,0.9900589186363755,0.5371916329464423,1.0,1.0,0.5654648767857288,0.0013238550163805485,0.057527431985363364,0.2893419230822474
scifact-train,41,A high microerythrocyte count protects against severe anemia in homozygous alpha (+)- thalassemia trait subjects.,0,bm25,0.9996825487982277,0.9899756445573838,0.95,1.0,1.0,1.0,0.001843946985900402,0.05822746898047626,0.2904299898073077
scifact-train,43,A low percentage of hematopoietic progenitor cells are susceptible to HIV-1 infection ex vivo.,2,bge,0.23434663943985656,0.5772987453858591,0.95,0.19453241315894393,0.5654648767857288,1.0,0.0026471861638128757,0.057036133017390966,0.2882683780044317
scifact-train,44,A mutation in HNF4A leads to an increased risk of developing diabetes by the age of 14 years.,0,bm25,0.999474199401357,0.9885712013509453,0.95,1.0,1.0,1.0,0.0031083920039236546,0.0675639898981899,0.29558657901361585
scifact-train,45,A mutation in HNF4A leads to an increased risk of diabetes by the age of 14 years.,0,bm25,0.9995905670850304,0.9896282403796997,0.95,1.0,1.0,1.0,0.0024076569825410843,0.060990796191617846,0.29402337898500264
scifact-train,46,A single nucleotide variant the gene DGKK is strongly associated with increased risk of hypospadias.,0,bm25,0.9995000674211331,0.9899443242778396,0.95,1.0,1.0,1.0,0.0028845800552517176,0.058020626893267035,0.2884969071019441
scifact-train,47,A strong bias in the phage genome locations where the spacers were derived has been observed in many CRISPR subtypes that confer the immunity to phage.,0,bm25,0.9996792131030394,0.9906167730883985,0.95,1.0,1.0,1.0,0.001864155987277627,0.05452778399921954,0.2905598708894104
scifact-train,52,ALDH1 expression is associated with poorer prognosis for breast cancer primary tumors.,0,bm25,0.9995660852031483,0.9899603760986354,0.95,1.0,1.0,1.0,0.002502433955669403,0.057899605948477983,0.288355452939868
scifact-train,55,AMP-activated protein kinase (AMPK) activation reduces inflammation-related fibrosis in the lungs.,0,bm25,0.9995973158876691,0.2663248622298102,0.95,1.0,0.23809523809523808,1.0,0.002338957041501999,0.05730359489098191,0.2904208248946816
scifact-train,58,APOE4 expression in iPSC-derived neurons results in decreased tau phosphorylation.,0,bm25,0.9995535075234121,0.9900564300526292,0.95,1.0,1.0,1.0,0.002583220833912492,0.057529383804649115,0.2892793237697333
scifact-train,60,ART has no effect on the infectiveness of HIV-positive people.,2,bge,0.2939734240062721,0.4410613327024259,0.8699884490522206,0.25703406128629547,0.4221446636522743,0.9157773147918112,0.0012071309611201286,0.05763755086809397,0.2888782378286123
scifact-train,61,ART substantially reduces infectiveness of HIV-positive people.,0,bm25,0.8160696322630688,0.5456084727880858,0.5183367222909381,0.8065735963827292,0.5320460470092947,0.5456176024115138,0.0010122640524059534,0.05679853889159858,0.2887492061126977
scifact-train,62,ATF4 is a general endoplasmic reticulum stress marker.,0,bm25,0.37320720549887004,0.3189663446696586,0.2483650805429772,0.34033827903669656,0.2934264036172708,0.26143692688734443,0.0006570541299879551,0.05633982620202005,0.28777878102846444
scifact-train,63,ATM and Rad3 related protein are critical for sensing DNA damage.,0,bm25,0.049660429172169535,0.03977267311175488,0.0,0.0,0.0,0.0,0.001943483017385006,0.058534580981358886,0.28616754710674286
scifact-train,64,ATM and Rad3 related protein have no role in sensing DNA damage.,0,bm25,0.049598517334650684,0.04009136729059334,0.0,0.0,0.0,0.0,0.0022954789455980062,0.056652652099728584,0.2858752249740064
scifact-train,66,AZT given with ribavirin increases anemia.,0,bm25,0.049802565391129525,0.040386067715554,0.0,0.0,0.0,0.0,0.0011300980113446712,0.05502928700298071,0.28619552007876337
scifact-train,67,Activated Cdk5 phosphorylates the ATM protein in response to DNA damage.,0,bm25,0.9995628726462976,0.9897747973317136,0.95,1.0,1.0,1.0,0.0025108279660344124,0.058732826029881835,0.28719639079645276
scifact-train,68,Activated Cdk5 regulates DNA damage-induced neuronal death.,0,bm25,0.9996256581518386,0.9905383508955006,0.95,1.0,1.0,1.0,0.002145807957276702,0.054236206924542785,0.28661075001582503
scifact-train,69,Activation of PPM1D enhances p53 function.,0,bm25,0.9996460391202692,0.04042886161640948,0.95,1.0,0.0,1.0,0.0020350690465420485,0.05502847512252629,0.28747089905664325
scifact-train,71,Activation of the Rac1 homolog CED-10 kills viable cells in SRGP-1 mutant Caenorhabditis elegans.,0,bm25,0.9995764744722263,0.9905548540094485,0.95,1.0,1.0,1.0,0.0024508219212293625,0.054656376829370856,0.28933579684235156
scifact-train,73,Activator-inhibitor pairs are provided ventrally by Xrl-sizzled.,0,bm25,0.9998617120080933,0.5779159109638556,0.95,1.0,0.5654648767857288,1.0,0.0007988829165697098,0.053585388930514455,0.28884753677994013
scifact-train,74,Active H. pylori urease has a polymeric structure consisting of five distinct subunits.,1,l6,0.29802569101089255,0.9902562592261503,0.95,0.26143692688734443,1.0,1.0,0.001956053078174591,0.05615751910954714,0.28817227599211037
scifact-train,76,Active Ly49Q induces neutrophil polarization.,0,bm25,0.9997455504350516,0.9907503057038781,0.95,1.0,1.0,1.0,0.0014574839733541012,0.0529821349773556,0.2863993840292096
scifact-train,77,Active Ly49Q prevents neutrophil polarization.,0,bm25,0.9997578541229728,0.990453937291073,0.95,1.0,1.0,1.0,0.0013913412112742662,0.0548505331389606,0.2872940122615546
scifact-train,78,Active caspase-11 participate in regulating phagosome-lysosome fusion.,1,l6,0.5868844893292158,0.9903124676543404,0.95,0.5654648767857288,1.0,1.0,0.0017819020431488752,0.056202482199296355,0.290076358942315
scifact-train,79,Active caspase-11 protein promotes pyroptosis.,0,bm25,0.049442431172855336,0.03988556473189698,0.0,0.0,0.0,0.0,0.0032303710468113422,0.058599723037332296,0.2896836129948497
scifact-train,80,Acute ablation of KRAS causes severe growth impairment.,0,bm25,0.0496566972371747,0.040220296236733025,0.0,0.0,0.0,0.0,0.001987691968679428,0.056623600888997316,0.28949548094533384
scifact-train,81,Acute ablation of Snail in the embryonic cortex affects the proliferation and number of embryonic cortical precursors.,2,bge,0.04970694307838752,0.040706382792629316,0.2483650805429772,0.0,0.0,0.26143692688734443,0.0016946089453995228,0.053740572882816195,0.28912624483928084
scifact-train,82,"Addition of BMP4, activin A, CHIR99021, and SU504 to reprogramming fibroblasts generates, expands and maintains cardiovascular progenitor cells (CPCs)",2,bge,0.44532692206617697,0.04033612485243944,0.5371916329464423,0.41666666666666663,0.0,0.5654648767857288,0.002923451131209731,0.055788384983316064,0.28864396596327424
scifact-train,85,Adult tissue-resident macrophages are seeded before birth.,2,bge,0.38595525664474944,0.6072276929153363,0.8916772747855733,0.3537472630949308,0.5967132018086354,0.9386076576690247,0.0006075738929212093,0.05602839798666537,0.29030712880194187
scifact-train,86,Adult tissue-resident macrophages are seeded before birth.,2,bge,0.38596741474156204,0.6069763084689491,0.8916772747855733,0.3537472630949308,0.5967132018086354,0.9386076576690247,0.0005373549647629261,0.05752787389792502,0.2905086288228631
scifact-train,88,Adult tissue-resident macrophages possess a self-renewing capacity.,0,bm25,0.816133700478613,0.3445067537785689,0.4212550834364073,0.8065735963827292,0.3199534648580312,0.4434264036172708,0.0006410188507288694,0.05446164892055094,0.28818621463142335
scifact-train,89,Adult tissue-resident macrophages stem from the embryonal yolk sac and fetal liver.,2,bge,0.04983361852571606,0.3445056114626465,0.4212550834364073,0.0,0.3199534648580312,0.4434264036172708,0.0009553919080644846,0.054264609003439546,0.28710885997861624
scifact-train,90,Adult tissue-resident macrophages stem from the embryonal yolk sac and fetal liver.,2,bge,0.049841433175789034,0.4362697155694672,0.5371916329464423,0.0,0.41666666666666663,0.5654648767857288,0.0009057929273694754,0.054630956845358014,0.2856186758726835
scifact-train,91,Aged patients are less susceptible to ischaemia/reperfusion injury.,0,bm25,0.04972640328709558,0.04032338706014757,0.0,0.0,0.0,0.0,0.0015903469175100327,0.05624764785170555,0.2906370658893138
scifact-train,92,Aged patients are more susceptible to ischaemia/reperfusion injury.,0,bm25,0.04978900511092377,0.04014400972971299,0.0,0.0,0.0,0.0,0.0012189119588583708,0.05693779815919697,0.2888486930169165
scifact-train,93,Aggravated inflammation is dependent on NLRP3 inflammasome activation.,1,l6,0.23454763033268936,0.23601002414002908,0.0,0.19453241315894393,0.20607055338754615,0.0,0.0014847288839519024,0.0561139618512243,0.28755740891210735
scifact-train,95,Albendazole is used to treat soil-transmitted helminths.,0,bm25,0.049705336796989616,0.040092304132887724,0.0,0.0,0.0,0.0,0.0017111038323491812,0.057533808751031756,0.2903490858152509
scifact-train,96,Algerian physicians constitue the largest component of sub-Saharan Africa-trained physicians in the United States.,0,bm25,0.9998668509289274,0.990536713327538,0.95,1.0,1.0,1.0,0.0007691420614719391,0.054665134055539966,0.28882742300629616
scifact-train,98,Alirocumab treatment reduces apo(a) fractional clearance rate.,0,bm25,0.999747350587066,0.9900755611302972,0.95,1.0,1.0,1.0,0.0014720631297677755,0.05782479513436556,0.2913252622820437
scifact-train,104,Allogeneic mechanical circulatory support is not as effective as autologous mechanical circulatory support for treating acute myocardial infarction.,1,l6,0.37290047259577713,0.989672881184072,0.95,0.34033827903669656,1.0,1.0,0.0024641070049256086,0.06045991904102266,0.29272404103539884
scifact-train,105,Alteration of origin firing causes changes in termination zones of Okazaki fragments.,0,bm25,0.9997782010632486,0.9903514746403247,0.95,1.0,1.0,1.0,0.0012799599207937717,0.05567982397042215,0.28854058985598385
scifact-train,106,Ambulatory blood pressure monitoring is inaccurate at diagnosing hypertension.,0,bm25,0.999889444412847,0.9898455003717535,0.95,1.0,1.0,1.0,0.0006465490441769361,0.05938534811139107,0.29240903188474476
scifact-train,108,Amitriptyline is an effective treatment for chronic tension-type headaches.,1,l6,0.9551084332956156,0.9746997815548353,0.9345472921573553,0.9530127177673411,0.9837339917445846,0.9837339917445846,0.0014772971626371145,0.057353758020326495,0.29120942507870495
scifact-train,109,An M2-like phenotype in brown adipose tissue macrophages is quickly induced by cold exposure.,0,bm25,0.9997663079817141,0.5774051248955845,0.95,1.0,0.5654648767857288,1.0,0.00135132297873497,0.05659043602645397,0.28912476100958884
scifact-train,111,Androgenetic haploid mouse embryonic stem cells (ESCs) can be derived and genetically manipulated in vitro.,0,bm25,0.9995699814090846,0.9903712213237196,0.95,1.0,1.0,1.0,0.002482208190485835,0.055580465123057365,0.2886163811199367
scifact-train,112,Angiotensin converting enzyme inhibitors are associated with decreased risk for functional renal insufficiency.,0,bm25,0.9995690923569985,0.9895567129298753,0.95,1.0,1.0,1.0,0.0025353359524160624,0.06144528090953827,0.2941855399403721
scifact-train,114,Anthrax spores are very difficult to dispose once they are dispersed.,0,bm25,0.9999749843672128,0.9904585120565292,0.95,1.0,1.0,1.0,0.0001435361336916685,0.05474769719876349,0.28689286997541785
scifact-train,116,Anthrax spores remain deadly until affected areas are decontaminated.,0,bm25,0.9998349597833082,0.9902255465559832,0.95,1.0,1.0,1.0,0.0009513478726148605,0.056343270000070333,0.2882169848307967
scifact-train,119,Antidepressants increase the severity of migraines.,0,bm25,0.9997529237792795,0.9898071613110796,0.95,1.0,1.0,1.0,0.001433126861229539,0.05912196193821728,0.29001715686172247
scifact-train,120,Antidepressants reduce the severity of migraines.,0,bm25,0.9998222895808266,0.9900331980853758,0.95,1.0,1.0,1.0,0.0010328651405870914,0.05792773608118296,0.2906034281477332
scifact-train,121,Antimicrobial agents are less effective due to the pressure of antimicrobial usage.,1,l6,0.25897272462577714,0.990341903424671,0.95,0.22023243839286438,1.0,1.0,0.0014496250078082085,0.0564332059584558,0.292154906084761
scifact-train,122,Antimicrobial agents are more effective due to the pressure of antimicrobial usage.,2,bge,0.2590030816546254,0.43616550751766325,0.5371916329464423,0.22023243839286438,0.41666666666666663,0.5654648767857288,0.001263332786038518,0.05609429581090808,0.2901081219315529
scifact-train,123,Antiretroviral therapy increases rates of tuberculosis across a broad range of CD4 strata.,0,bm25,0.9996775441123892,0.9900897346277431,0.95,1.0,1.0,1.0,0.0018651238642632961,0.05732217384502292,0.28920604893937707
scifact-train,126,"Approximately 250,000 people are infected with human T-cell lymphotropic virus type 1 in the United Kingdom.",2,bge,0.5868246916145891,0.5772406616562766,0.95,0.5654648767857288,0.5654648767857288,1.0,0.0021182959899306297,0.057445429963991046,0.28864232590422034
scifact-train,134,Assessing treatment adherence is more beneficial to clinical practice than measuring routine outcomes.,2,bge,0.2344900218749153,0.24918510401773686,0.95,0.19453241315894393,0.22023243839286438,1.0,0.001852773828431964,0.05888421484269202,0.2933733658865094
scifact-train,138,Asymptomatic visual impairment screening in elderly populations leads to improved vision.,0,bm25,0.999763674943393,0.9895989334240526,0.95,1.0,1.0,1.0,0.0013978658244013786,0.06152244587428868,0.2957506589591503
scifact-train,139,At least 85% of patients exposed to radiation have activated markers of myofibroblasts.,0,bm25,0.049633488711852844,0.03825436691173964,0.0,0.0,0.0,0.0,0.0021368612069636583,0.06848025834187865,0.29151369631290436
scifact-train,144,Autologous transplantation of mesenchymal stem cells has better graft function than induction therapy with anti-interleukin-2 receptor antibodies.,0,bm25,0.9994866762842894,0.9901476254321548,0.95,1.0,1.0,1.0,0.0029688971117138863,0.05698292423039675,0.28918370814062655
scifact-train,149,Autophagy deficiency in the liver increases vulnerability to insulin resistance.,0,bm25,0.9997585544138943,0.9904532556365062,0.95,1.0,1.0,1.0,0.0013937728945165873,0.05510969879105687,0.2886308499146253
scifact-train,152,B cells go though plasmablast differentiation and antibody production by continuous expression of EBI2.,0,bm25,0.9995332893262547,0.9902943258710343,0.95,1.0,1.0,1.0,0.0026957609225064516,0.05606080708093941,0.28880429291166365
scifact-train,153,B3-Galectin decreases cell resistance to tyrosine kinase inhibitors (TKIs) by engaging the alternate KRAS-RalB signaling complex downstream of EGFR.,1,l6,0.24528517585820733,0.9899566385837969,0.95,0.20607055338754615,1.0,1.0,0.002808499848470092,0.058538522804155946,0.29142893687821925
scifact-train,154,B3-Galectin increases cell resistance to tyrosine kinase inhibitors (TKIs) by engaging the alternate KRAS-RalB signaling complex downstream of EGFR.,1,l6,0.25867491858271124,0.9898881817849197,0.95,0.22023243839286438,1.0,1.0,0.003187586087733507,0.059044542256742716,0.29195808805525303
scifact-train,155,BCL-2 activation antagonizes the apoptotic effects of c-Myc.,2,bge,0.04966144842523576,0.5774898649061672,0.95,0.0,0.5654648767857288,1.0,0.0019458979368209839,0.0557629968971014,0.2873857459053397
scifact-train,156,BCL-2 promotes the apoptotic effects of c-Myc.,1,l6,0.049779618312894874,0.9903757760976064,0.95,0.0,1.0,1.0,0.0012725419364869595,0.05557280499488115,0.28871317603625357
scifact-train,157,BLM gene encodes RecQ-class DNA helicase.,0,bm25,0.9997853844498423,0.9905379969577206,0.95,1.0,1.0,1.0,0.0012276140041649342,0.0541232330724597,0.2860030420124531
scifact-train,159,BRCA 1 mutation carriers' risk of breast and ovarian cancer depends on where the mutation is located.,0,bm25,0.9996692617192685,0.9901663151086073,0.95,1.0,1.0,1.0,0.0019306200556457043,0.05740221310406923,0.2918652251828462
scifact-train,160,Bacterial meningitis can be diagnosed on the basis of positive cerebrospinal fluid (CSF) cultures.,0,bm25,0.9998456543561614,0.9900114486011291,0.95,1.0,1.0,1.0,0.0008955439552664757,0.05795555096119642,0.2901098900474608
scifact-train,161,Bacteriophagaes MS2 and Qβ are members of the Leviviridae.,0,bm25,0.9999653690442805,0.990581544541608,0.95,1.0,1.0,1.0,0.00019688112661242485,0.053545046132057905,0.28425598214380443
scifact-train,164,Bariatric surgery increases rates of colorectal cancer.,0,bm25,0.9997114112590477,0.9900802695397881,0.5371916329464423,1.0,1.0,0.5654648767857288,0.0016689510084688663,0.05736725591123104,0.28915733215399086
scifact-train,165,Bariatric surgery increases rates of postmenopausal breast cancer.,0,bm25,0.9997046914146424,0.5772068595917165,0.0,1.0,0.5654648767857288,0.0,0.0017191681545227766,0.05812734621576965,0.2910799481905997
scifact-train,166,Bariatric surgery leads to negative outcomes in mental health.,0,bm25,0.9998070276356988,0.9900533389238912,0.95,1.0,1.0,1.0,0.0011277201119810343,0.05812775203958154,0.29219730920158327
scifact-train,167,Bariatric surgery leads to positive outcomes in mental health.,0,bm25,0.9997908633763954,0.989920512196663,0.95,1.0,1.0,1.0,0.0012197899632155895,0.058788641821593046,0.29162514489144087
scifact-train,168,Bariatric surgery reduces colorectal cancer.,0,bm25,0.9998100434937238,0.989845233919624,0.95,1.0,1.0,1.0,0.0010971419978886843,0.058651427971199155,0.2887876860331744
scifact-train,169,Bariatric surgery reduces postmenopausal breast cancer.,0,bm25,0.999809917508048,0.5773923255785728,0.27875508343640726,1.0,0.5654648767857288,0.2934264036172708,0.0011111078783869743,0.057280854787677526,0.2922699158079922
scifact-train,172,Basophils promote disease development in patients with systemic lupus erythematosus (SLE).,0,bm25,0.9995576590582169,0.9900180160915248,0.95,1.0,1.0,1.0,0.002554160077124834,0.05763785890303552,0.28870943607762456
scifact-train,173,Bcp1 is a chaperone for Rpl23.,0,bm25,0.049986530438518896,0.037105527538120714,0.0,0.0,0.0,0.0,3.802916035056114e-05,0.03640548815019429,0.14116703206673265
scifact-train,174,Beta-band coherence is diminished for visible stimuli over invisible stimuli.,0,bm25,0.04996733179529525,0.04117721090661223,0.0,0.0,0.0,0.0,0.00018584891222417355,0.05019271094352007,0.2844492280855775
scifact-train,175,Beta-band coherence is enhanced for visible stimuli over invisible stimuli.,0,bm25,0.0499168214090325,0.04053382922537017,0.0,0.0,0.0,0.0,0.00047487393021583557,0.05404320592060685,0.28545442083850503
scifact-train,176,BiP is a general endoplasmic reticulum stress marker.,0,bm25,0.37320349945734566,0.26639525822229415,0.27875508343640726,0.34033827903669656,0.23809523809523808,0.2934264036172708,0.0006814450025558472,0.05663145799189806,0.28907706891186535
scifact-train,177,Binding of p53 to enhancer regions (p53BERs) regulates the activity of p53 transcription and cell cycle arrest through the production of p53-dependent eRNAs.,0,bm25,0.9993966532441133,0.9901066384305488,0.95,1.0,1.0,1.0,0.0035101280082017183,0.05755722592584789,0.29088811483234167
scifact-train,178,Birth-weight is negatively associated with breast cancer.,2,bge,0.049755882602493806,0.9346640064501054,0.9418737389294266,0.0,0.9419121472949853,0.9914460409783439,0.0014255340211093426,0.059286155039444566,0.2919771461747587
scifact-train,181,Blocking the interaction between TDP-43 and respiratory complex I proteins ND3 and ND6 prevents TDP-43-induced neuronal loss.,0,bm25,0.999628428019046,0.9905558648848326,0.95,1.0,1.0,1.0,0.002156740054488182,0.05481722392141819,0.2902183379046619
scifact-train,182,Bone Marrow (BM) transplantation is used to treat acute myeloid leukemia (AML),0,bm25,0.04966112310688822,0.04046689692561145,0.0,0.0,0.0,0.0,0.0019585872069001198,0.055097925243899226,0.28898211219348013
scifact-train,184,Bone marrow cells don't contribute to adult macrophage compartments.,0,bm25,0.9996296555776658,0.9905826300180917,0.95,1.0,1.0,1.0,0.0021375559736043215,0.05435522785410285,0.288590274984017
scifact-train,186,British female students are bullied more than British male students.,1,l6,0.2761429409237509,0.9903744222311417,0.95,0.23809523809523808,1.0,1.0,0.00027483701705932617,0.05565268197096884,0.28908748808316886
scifact-train,187,British male students are bullied more than British female students.,1,l6,0.27614666665585225,0.9902512628477111,0.95,0.23809523809523808,1.0,1.0,0.000252024969086051,0.05608197394758463,0.2876371219754219
scifact-train,189,Broadly HIV-1 Neutralizing Antibodies (bnAb) 10EB have no affinity for phospholipids.,1,l6,0.44576912744463804,0.9903275994679785,0.95,0.41666666666666663,1.0,1.0,0.0003702871035784483,0.055782502982765436,0.28835914516821504
scifact-train,196,C2 works synergistically with A-769662 to activate dephosphorylated AMPK.,0,bm25,0.9997834308398854,0.9902859677422037,0.95,1.0,1.0,1.0,0.001252280082553625,0.05616999720223248,0.28911782312206924
scifact-train,197,CCL19 is a ligand for CCR7.,0,bm25,0.9999723487371139,0.5775894013645688,0.5371916329464423,1.0,0.5654648767857288,0.5654648767857288,0.00015857303515076637,0.05506638204678893,0.2867374191991985
scifact-train,199,CCL19 is predominantly present within dLNs.,0,bm25,0.9998361391385643,0.2887625011010485,0.5371916329464423,1.0,0.26143692688734443,0.5654648767857288,0.0009492530953139067,0.05562816024757922,0.28965217410586774
scifact-train,200,"CD28 initiates tonic signaling in conventional T cells, which causes an exhaustion phenotype and limited efficiency.",0,bm25,0.9995219801765147,0.9892951892560088,0.95,1.0,1.0,1.0,0.0028118970803916454,0.06296982802450657,0.29411929612979293
scifact-train,201,CD28 signals regulate trafficking of murine auto-reactive T cells into target tissues.,0,bm25,0.9995194990106356,0.9902535581762953,0.95,1.0,1.0,1.0,0.002770613878965378,0.0561988998670131,0.28830470074899495
scifact-train,203,CD44v6 is not associated with constitutive and reprogrammed cancer stem cells driving cancer metastasis.,0,bm25,0.9995023501787151,0.9903109331861615,0.95,1.0,1.0,1.0,0.002871384844183922,0.05590485199354589,0.2884945117402822
scifact-train,204,CDK6 shows impaired binding to loss-of-function variants of p18 INK4C.,0,bm25,0.9997482585751071,0.57789821704217,0.5371916329464423,1.0,0.5654648767857288,0.5654648767857288,0.001449870876967907,0.05352417891845107,0.287968274904415
scifact-train,205,CDK6 shows improved binding to loss-of-function variants of p18 INK4C.,0,bm25,0.9997318971742698,0.9903160340925247,0.95,1.0,1.0,1.0,0.0015448140911757946,0.05579921416938305,0.28810104611329734
scifact-train,209,CHOP is a general endoplasmic reticulum stress marker.,0,bm25,0.3286379615174395,0.2662844006596665,0.1848057925009967,0.2934264036172708,0.23809523809523808,0.19453241315894393,0.0006772270426154137,0.05727930599823594,0.2891119990963489
scifact-train,210,COPI coatmer is involved in lipid homeostasis.,0,bm25,0.9998645424298992,0.9904853267296029,0.95,1.0,1.0,1.0,0.0007782969623804092,0.05466834595426917,0.28728441009297967
scifact-train,211,COPI coatmer is involved in viral replication.,1,l6,0.04985886121520047,0.9906632948560044,0.0,0.0,1.0,0.0,0.000809455057606101,0.053547600051388144,0.2867585471831262
scifact-train,214,CRP is positively correlated with postoperative mortality following Coronary Artery Bypass Graft (CABG) surgery.,0,bm25,0.2981600458599724,0.03992524729599398,0.19576702571816884,0.26143692688734443,0.0,0.20607055338754615,0.0012030890211462975,0.059115970972925425,0.2933867098763585
scifact-train,220,Ca2+ cycling controls whole-body energy homeostasis in beige fat.,0,bm25,0.9998047192978349,0.9901552485356093,0.95,1.0,1.0,1.0,0.0011228639632463455,0.05660731717944145,0.2874999810010195
scifact-train,221,Ca2+ cycling is a UCP1-dependent thermogenic mechanism.,0,bm25,0.9998459763214672,0.9909659669743728,0.95,1.0,1.0,1.0,0.0008847720455378294,0.05189500702545047,0.28721948922611773
scifact-train,222,Ca2+ cycling is a UCP1-independent thermogenic mechanism.,0,bm25,0.9998511858789881,0.9909519981526173,0.95,1.0,1.0,1.0,0.0008499608375132084,0.05167820886708796,0.2855780189856887
scifact-train,223,Cancer cells can stimulate the accumulation of intra-tumoural myeloid-derived suppressor cells by promoting granulocyte colony stimulating factor production.,1,l6,0.5865938382106024,0.9898180183586665,0.95,0.5654648767857288,1.0,1.0,0.0034735880326479673,0.059164136881008744,0.29053350794129074
scifact-train,224,Cancer-associated fibroblasts (CAFs) are constituents of tumor microenvironments,0,bm25,0.04990308629510044,0.04028184181086983,0.0,0.0,0.0,0.0,0.0005574040114879608,0.05589447193779051,0.2875774959102273
scifact-train,225,Cancer-associated fibroblasts (CAFs) have no known interaction with cancer cells in the formation and activation of CAFs.,0,bm25,0.04946906846555533,0.04007517481711607,0.0,0.0,0.0,0.0,0.0031006119679659605,0.05796045204624534,0.2919973449315876
scifact-train,226,Cancer-associated fibroblasts (CAFs) interact with cancer cells to mediate formation and activation of CAFs.,0,bm25,0.04947367534729857,0.03977195444374728,0.0,0.0,0.0,0.0,0.003055583918467164,0.05937903793528676,0.29027558397501707
scifact-train,227,Cancers that initially benefit from epidermal growth factor receptor targeted therapies later become refractory through several mechanisms.,0,bm25,0.9994189467858218,0.9896922744207776,0.95,1.0,1.0,1.0,0.0033992629032582045,0.06030199700035155,0.29250874277204275
scifact-train,228,Cardiac tissue-resident macrophages directly contribute to electrical activity.,0,bm25,0.9996900476719276,0.9902567113988776,0.95,1.0,1.0,1.0,0.0017926159780472517,0.05635051988065243,0.28917607897892594
scifact-train,229,Carriers of HNF4A mutations are at reduced risk for diabetes.,0,bm25,0.9997847897747376,0.9896774462633189,0.95,1.0,1.0,1.0,0.0012475301045924425,0.05983775411732495,0.28983987704850733
scifact-train,235,Cell autonomous sex determination in somatic cells occurs in Galliformes.,0,bm25,0.9995209606239658,0.9905194993462729,0.95,1.0,1.0,1.0,0.002752970904111862,0.054483083775267005,0.2873428617604077
scifact-train,241,Cellular clocks are associated with mitosis timing in NIH 3T3 cells.,2,bge,0.04952783874028418,0.04084223220300214,0.13168866122242268,0.0,0.0,0.13861964339202387,0.0027169249951839447,0.05269591207616031,0.2877115539740771
scifact-train,242,Cellular clocks are not predictive of mitosis timing in NIH 3T3 cells.,1,l6,0.049597382550789645,0.2056689804360417,0.15125254171820363,0.0,0.1736197702228145,0.1592132018086354,0.002314983867108822,0.0532998270355165,0.28749174578115344
scifact-train,243,"Cellular differentiation of embryonic stem cells is accompanied by changes in replication timing, transcription and nuclear localization.",0,bm25,0.9994416073702834,0.9903020652531817,0.95,1.0,1.0,1.0,0.003221880877390504,0.05595630896277726,0.2884960067458451
scifact-train,244,Certain immunomodulator-human dialyzable leukocyte extract (hDLE) peptides are recognized by toll-like receptors (TLRs) on macrophages and dendritic cells.,0,bm25,0.9996219728086395,0.43587126062536585,0.95,1.0,0.41666666666666663,1.0,0.002185483928769827,0.0575936078093946,0.28906438197009265
scifact-train,245,Charcoal is an effective treatment for acute paraquat poisoning.,0,bm25,0.8159957587676674,0.2844448516842129,0.7662449165635927,0.8065735963827292,0.25703406128629547,0.8065735963827292,0.0014465940184891224,0.05653533199802041,0.29029676015488803
scifact-train,246,Charcoal shows no benefit for acute paraquat poisoning.,0,bm25,0.8160264196626126,0.46120355885490805,0.7662449165635927,0.8065735963827292,0.4434264036172708,0.8065735963827292,0.0012735419441014528,0.05858681793324649,0.29143249592743814
scifact-train,247,Chemical injury represses transglutaminase 2 activity.,1,l6,0.5869089999922915,0.990195771278308,0.39583333333333326,0.5654648767857288,1.0,0.41666666666666663,0.0016432618722319603,0.05700296093709767,0.2907059930730611
scifact-train,250,Chenodeoxycholic acid treatment decreases brown adipose tissue activity.,0,bm25,0.9996071558985509,0.9903033481107456,0.95,1.0,1.0,1.0,0.0022849689703434706,0.05640035984106362,0.29082388686947525
scifact-train,251,Chenodeoxycholic acid treatment increases brown adipose tissue activity.,0,bm25,0.9995326885236195,0.9899589285880803,0.95,1.0,1.0,1.0,0.002726358827203512,0.0585809787735343,0.29170681280083954
scifact-train,253,Chinese individuals with TT homozygosity in the MTHFR gene are less vulnerable to strokes caused by low levels of folate intake.,0,bm25,0.44542366024652835,0.43555220453869137,0.39583333333333326,0.41666666666666663,0.41666666666666663,0.41666666666666663,0.0024168279487639666,0.06065255496650934,0.2949703100603074
scifact-train,254,Chinese individuals with TT homozygosity in the MTHFR gene are more vulnerable to strokes caused by low levels of folate intake.,0,bm25,0.4454504012237329,0.4356384192922816,0.39583333333333326,0.41666666666666663,0.41666666666666663,0.41666666666666663,0.0022485158406198025,0.05986289773136377,0.29359196894802153
scifact-train,255,Chlamydia trachomatis is most prevalent in the UK among individuals in their 50s and 60s.,0,bm25,0.9998590929183899,0.9901966323250763,0.95,1.0,1.0,1.0,0.0008287529926747084,0.05765906302258372,0.2940778359770775
scifact-train,256,Chlamydia trachomatis is most prevalent in the UK among sexually-experienced individuals aged 16 to 24.,0,bm25,0.9997880687240538,0.9899548551125399,0.95,1.0,1.0,1.0,0.0012407249305397272,0.05880803405307233,0.2927186950109899
scifact-train,258,"Cholesterol loading induces KLF4 expression in VSMCs, resulting in the expression of pro-inflammatory cytokines.",0,bm25,0.049498130380823305,0.04011880114074226,0.0,0.0,0.0,0.0,0.002932051895186305,0.05772851500660181,0.29211290972307324
scifact-train,259,Chronic HIV stimulation of B cells leads to the premature exhaustion of B cells.,0,bm25,0.049533530810369625,0.040075960061193905,0.0,0.0,0.0,0.0,0.0026997379027307034,0.057436391012743115,0.2893800879828632
scifact-train,262,Cis-acting lncRNAs control the expression of genes that are positioned in the vicinity of their transcription sites.,0,bm25,0.04955163898806164,0.04019485702270092,0.0,0.0,0.0,0.0,0.002604068024083972,0.05694799195043743,0.29039858002215624
scifact-train,263,Citrullinated proteins externalized in neutrophil extracellular traps act indirectly to disrupt the inflammatory cycle.,0,bm25,0.984291915723474,0.9748948901766108,0.8385463025695953,0.9837339917445846,0.9837339917445846,0.8826803184943108,0.0014734980650246143,0.055693453876301646,0.2884953091852367
scifact-train,264,Citrullinated proteins externalized in neutrophil extracellular traps act indirectly to perpetuate the inflammatory cycle via induction of autoantibodies.,0,bm25,0.9997113107976743,0.9898507440351367,0.95,1.0,1.0,1.0,0.0016738588456064463,0.05884675192646682,0.2899067287798971
scifact-train,265,Clathrin stabilizes the spindle fiber apparatus during mitosis.,0,bm25,0.999946113221198,0.9911014628829371,0.95,1.0,1.0,1.0,0.0003099509049206972,0.051183420000597835,0.2875945749692619
scifact-train,266,Cnn1 recruitment varies with cell cycle timing.,0,bm25,0.9996286335817692,0.990104320755253,0.5371916329464423,1.0,1.0,0.5654648767857288,0.002145038917660713,0.057158149080350995,0.28880356601439416
scifact-train,267,Cognitive behavioral therapy is an ineffective treatment for insomnia,0,bm25,0.9415056044783947,0.8962306213209125,0.8633265554181235,0.9386076576690247,0.9032867981913646,0.9087647951769722,0.0010088500566780567,0.06988442316651344,0.2938335910439491
scifact-train,272,Combination nicotine replacement therapies with varenicline or bupropion are more effective after 12 weeks of reatment compared to varenicline monotherapy.,0,bm25,0.9996647606169701,0.9898654733095199,0.95,1.0,1.0,1.0,0.0019940538331866264,0.06028167577460408,0.2974074548110366
scifact-train,277,"Commelina yellow mottle virus (ComYMV) has three typical badnavirus ORFs, capable of encoding proteins 23, 15, and 216 kD.",0,bm25,0.9997165954403044,0.9903098793208752,0.95,1.0,1.0,1.0,0.0016424849163740873,0.0561595659237355,0.2897774330340326
scifact-train,278,Commelina yellow mottle virus' (ComYMV) genome consists of 2140 baise pairs.,0,bm25,0.9998688501986258,0.9902335109581545,0.95,1.0,1.0,1.0,0.0007563021499663591,0.05632045632228255,0.2883352250792086
scifact-train,280,Comparative transcriptome analysis identified new platelet proteins with structural features suggesting a role in platelet function.,0,bm25,0.9992841284292477,0.9897681429970319,0.95,1.0,1.0,1.0,0.004141331883147359,0.05919150495901704,0.28925103694200516
scifact-train,281,Concentrations of SNV and CNV in stem-cell regulatory elements and binding sites of transcription factors in iPSC-lines are distinct from their founding cells.,2,bge,0.25864964326379614,0.4357735183392618,0.95,0.22023243839286438,0.41666666666666663,1.0,0.003297841874882579,0.05808339500799775,0.28869017492979765
scifact-train,283,Consumption of whole fruits increases the risk of type 2 diabetes.,0,bm25,0.9996419472255017,0.9892583582404025,0.95,1.0,1.0,1.0,0.0020910981111228466,0.06273328512907028,0.2920097622554749
scifact-train,285,Continued HHV-8 transmission among MSM in San Francisco may be explained by urogenital contact.,0,bm25,0.9997484879071821,0.9903720623686616,0.95,1.0,1.0,1.0,0.0014634400140494108,0.056020802119746804,0.29092836007475853
scifact-train,286,Converting apoE4 to apoE3 by gene editing prevents the pathology associated with apoE4 in human iPSCderived neurons.,0,bm25,0.9995539654449279,0.990016371031118,0.95,1.0,1.0,1.0,0.002567826071754098,0.05747586698271334,0.2878505759872496
scifact-train,287,Converting apoE4 to apoE3 by gene editing worsens the pathology associated with apoE4 in human iPSCderived neurons.,0,bm25,0.9995896200533905,0.9899330593234811,0.95,1.0,1.0,1.0,0.002375812968239188,0.058280548080801964,0.28946504183113575
scifact-train,290,Cost effectiveness evaluations based on cRCT data accurately reflect prices for patients in actual clinical practice.,0,bm25,0.9995297965583031,0.9897970112690485,0.95,1.0,1.0,1.0,0.002770987106487155,0.06012790999375284,0.2946583181619644
scifact-train,292,Cost effectiveness evaluations based on cRCT data lack external validity.,0,bm25,0.9996193423931193,0.9889679099279696,0.95,1.0,1.0,1.0,0.0022584658581763506,0.06545409397222102,0.296653188765049
scifact-train,293,Crossover hot spots are found within gene promoters in Saccharomyces cerevisiae.,1,l6,0.586866518088037,0.9908849096409755,0.5371916329464423,0.5654648767857288,1.0,0.5654648767857288,0.001856870949268341,0.052060205955058336,0.2855715297628194
scifact-train,296,Cyclin A2 destruction is necessary to switch from unstable to stable kt-mt attachments in mitosis.,0,bm25,0.9999160932921599,0.9906064138395331,0.95,1.0,1.0,1.0,0.0004833908751606941,0.05411693477071822,0.28805258101783693
scifact-train,299,Cytochrome c is transferred from cytosol to the mitochondrial intermembrane space during apoptosis.,0,bm25,0.9999072835886723,0.9901253484960869,0.5371916329464423,1.0,1.0,0.5654648767857288,0.0005353509914129972,0.05701692285947502,0.28870346886105835
scifact-train,301,Cytosolic proteins bind to iron-responsive elements on mRNAs coding for TFRC1.,0,bm25,0.04977960484271444,0.04032348946892225,0.0,0.0,0.0,0.0,0.001263441052287817,0.055471729952842,0.28663085610605776
scifact-train,304,DMS3 protein enables Pol V transcription in vivo.,0,bm25,0.9997286707795271,0.9900423636350748,0.95,1.0,1.0,1.0,0.0015537498984485865,0.05702178506180644,0.2863218889106065
scifact-train,305,DRD1 proteins enable Pol V transcription in vivo.,0,bm25,0.9997239716515006,0.9902258633949983,0.95,1.0,1.0,1.0,0.0015971940010786057,0.056556482100859284,0.2893170230090618
scifact-train,306,DUSP4 decreases apoptosis.,0,bm25,0.9999023275187481,0.5777607490352464,0.95,1.0,0.5654648767857288,1.0,0.0005611018277704716,0.05417786189354956,0.2872363948263228
scifact-train,308,DUSP4 downregulation deactivates the Ras-ERK pathway,0,bm25,0.9998963138016718,0.9902161506644158,0.95,1.0,1.0,1.0,0.0005956091918051243,0.05620179628022015,0.28721720026805997
scifact-train,309,DUSP4 increases apoptosis.,0,bm25,0.9998052199316435,0.2885040864886121,0.95,1.0,0.26143692688734443,1.0,0.0011245240457355976,0.05693049100227654,0.2886650711297989
scifact-train,310,De novo assembly of sequence data has fewer specific contigs than unassembled sequence data.,2,bge,0.2980490971660301,0.03994751260464492,0.5371916329464423,0.26143692688734443,0.0,0.5654648767857288,0.0018191519193351269,0.057873303070664406,0.28785563609562814
scifact-train,313,De novo assembly of sequence data has shorter contigs than unassembled sequence data.,2,bge,0.2589764400661795,0.040391267613714484,0.39583333333333326,0.22023243839286438,0.0,0.41666666666666663,0.001407264033332467,0.0553327698726207,0.2879296022001654
scifact-train,315,Decrease of p62 in prostate tumor stroma results in defective autophagy.,2,bge,0.049617189097256216,0.040161511968224366,0.20922081647322116,0.0,0.0,0.22023243839286438,0.0022107448894530535,0.05681757489219308,0.2887515577021986
scifact-train,316,Decreased conversion of PGE 2 to PPARy ligand 15-ket-PGE 2 causes accumulation of PGE.,2,bge,0.049724022769542714,0.4360734583008411,0.95,0.0,0.41666666666666663,1.0,0.0016128427814692259,0.05703783594071865,0.29220576980151236
scifact-train,317,Decreased diastolic blood pressure (DBP) is associated with abdominal aortic aneurysm.,0,bm25,0.9997528807874001,0.9899446194611533,0.95,1.0,1.0,1.0,0.0014433569740504026,0.058730778051540256,0.2920365759637207
scifact-train,323,Deleting Raptor increases G-CSF levels.,0,bm25,0.04972816397482534,0.04036604053273462,0.0,0.0,0.0,0.0,0.0015593189746141434,0.05526278493925929,0.2868124218657613
scifact-train,325,Deletion of ATM and Rad3 related protein is not predictive of acute tissue loss.,1,l6,0.5868167414414105,0.9903994712322771,0.5371916329464423,0.5654648767857288,1.0,0.5654648767857288,0.002181184943765402,0.055857570841908455,0.29090882488526404
scifact-train,326,Deletion of ATM and Rad3 related protein leads to acute tissue loss.,1,l6,0.5868037356642671,0.9903020545863566,0.5371916329464423,0.5654648767857288,1.0,0.5654648767857288,0.0022471309639513493,0.05618124804459512,0.28965541487559676
scifact-train,330,Deltex has no known interactions with eIF3f.,0,bm25,0.9998693099713836,0.9904033476750869,0.95,1.0,1.0,1.0,0.0007520271465182304,0.05522183398716152,0.28771404922008514
scifact-train,331,Deltex interacts with eIF3. There is no known interaction between Deltex and elF3,1,l6,0.3285993511736421,0.9901820495160221,0.95,0.2934264036172708,1.0,1.0,0.0008994969539344311,0.056707687908783555,0.28879595594480634
scifact-train,332,Depletion of T-helper 17 (Th17) cells during simian immunodeficiency virus (SIV) infection decreases dissemination of Salmonella Typhimurium from the gut.,0,bm25,0.9996071812433688,0.9901952391692901,0.95,1.0,1.0,1.0,0.002292193938046694,0.05721318791620433,0.291762282140553
scifact-train,333,Depletion of T-helper 17 (Th17) cells during simian immunodeficiency virus (SIV) infection increases dissemination of Salmonella Typhimurium from the gut.,0,bm25,0.9995324508014611,0.9897412107718271,0.95,1.0,1.0,1.0,0.0026994040235877037,0.05922931106761098,0.28867593314498663
scifact-train,334,Depletion of nitric oxide is responsible for vasospasm.,0,bm25,0.9998237191268536,0.9901650335267717,0.95,1.0,1.0,1.0,0.0010199530515819788,0.05690466519445181,0.2892977080773562
scifact-train,335,Deregulation of HAND2 is a crucial step in endometrial carcinogenesis in mice.,0,bm25,0.9998733409688797,0.989232627375767,0.95,1.0,1.0,1.0,0.0007417909801006317,0.06306016887538135,0.2928298809565604
scifact-train,336,Destination container port throughput(CPT) is negatively related to dengue virus (DENV-1) diffusion in air traffic shipments.,0,bm25,0.4456301680109562,0.4359855770598974,0.27875508343640726,0.41666666666666663,0.41666666666666663,0.2934264036172708,0.001173325115814805,0.056872992077842355,0.2887611680198461
scifact-train,337,Destination container port throughput(CPT) is positively related to dengue virus (DENV-1) diffusion in air traffic shipments.,0,bm25,0.44561803646883796,0.4357031366529967,0.27875508343640726,0.41666666666666663,0.41666666666666663,0.2934264036172708,0.0012406508903950453,0.058375385822728276,0.28812562907114625
scifact-train,339,Dexamethasone increases risk of postoperative bleeding.,0,bm25,0.9997699067742538,0.9898924388134862,0.95,1.0,1.0,1.0,0.0013510121498256922,0.05934741417877376,0.29357929714024067
scifact-train,340,Diabetes remission occurs less in people treated with conventional therapy than in people treated with laparoscopic adjustable gastric banding surgery.,0,bm25,0.9997349032883714,0.9890511419590339,0.95,1.0,1.0,1.0,0.0015493480022996664,0.0639901990070939,0.29222316504456103
scifact-train,341,Diabetes remission occurs more in people treated with conventional therapy than in people treated with laparoscopic adjustable gastric banding surgery.,0,bm25,0.9997609211585757,0.9899904986499383,0.95,1.0,1.0,1.0,0.0013876501470804214,0.058096676133573055,0.2902076442260295
scifact-train,342,Diabetic patients with acute coronary syndrome experience decreased short-term and long-term risk for bleeding events.,1,l6,0.4663031748510868,0.4683195374004432,0.4076993241037576,0.4385523212426794,0.4519875261443267,0.4291571832671133,0.0018953969702124596,0.06524863303638995,0.2947462177835405
scifact-train,345,"Differentiated E2f-1, -2, -3 TKO cells in the intestine do not exhibit apoptosis.",2,bge,0.04965018891099664,0.577380623988997,0.95,0.0,0.5654648767857288,1.0,0.0020172959193587303,0.05657827598042786,0.28834076202474535
scifact-train,346,Differentiation of progenitor cells to myeloid cells is skewed upon activation of insulin signaling.,0,bm25,0.999430778125244,0.9901254884969436,0.95,1.0,1.0,1.0,0.0032617649994790554,0.056583096040412784,0.2865108619444072
scifact-train,347,Differentiation of progenitor cells to myeloid cells is skewed when insulin signaling is suppressed.,0,bm25,0.9995190633406206,0.9901272295073837,0.95,1.0,1.0,1.0,0.0027750059962272644,0.05696591595187783,0.28850015299394727
scifact-train,349,Diminished ovarian reserve is a reliable indicator of infertility in a non-infertile population.,0,bm25,0.9998172227887081,0.9899900501988119,0.95,1.0,1.0,1.0,0.0010656868107616901,0.058363246731460094,0.29152617091313004
scifact-train,351,Distant CREs are important for transcriptional regulation.,0,bm25,0.04973260794900411,0.04066838862975931,0.0,0.0,0.0,0.0,0.0015353721100836992,0.053582355147227645,0.28710130020044744
scifact-train,352,Distant CREs are less conserved among species.,1,l6,0.04984039195393527,0.2495405142614773,0.0,0.0,0.22023243839286438,0.0,0.0009247360285371542,0.056085670134052634,0.2896896651946008
scifact-train,355,Drosophila supracellular actomyosin structures are found at boundaries in wing imaginal discs.,1,l6,0.5837558261737876,0.9324230784666798,0.4293881498371103,0.5620252600019189,0.9386076576690247,0.4519875261443267,0.0009731948375701904,0.05355349788442254,0.28934710286557674
scifact-train,356,Dscam1 acts as a hypervariable pattern-recognition receptor for the immune system.,0,bm25,0.9997808540057085,0.9903338643053781,0.95,1.0,1.0,1.0,0.001260019140318036,0.055577178252860904,0.2874839543364942
scifact-train,357,"During non-homologous end joining, the ligation step is not as tolerant of disrepairs and other distortions when joining 3' of strand breaks as compared to 5' strand breaks.",1,l6,0.4455778159216064,0.9903162564652828,0.39583333333333326,0.41666666666666663,1.0,0.41666666666666663,0.0014840848743915558,0.056244688807055354,0.29040777776390314
scifact-train,358,"During non-homologous end joining, the ligation step is not as tolerant of disrepairs and other distortions when joining 5' of strand breaks as compared to 3' strand breaks.",1,l6,0.4455824355664302,0.5776731468053881,0.39583333333333326,0.41666666666666663,0.5654648767857288,0.41666666666666663,0.001460790866985917,0.055419056909158826,0.2911127677652985
scifact-train,361,During the primary early antibody response activated B cells migrate toward the inner-and outer follicular areas where oxysterol accumulation is generated by stromal cells.,0,bm25,0.9993050276442458,0.9899137844785506,0.95,1.0,1.0,1.0,0.004013409838080406,0.05824708892032504,0.2887460058555007
scifact-train,363,EG7 tumors can be killed by systemic oxaliplatin primed CD8+ T cells from the tumor-draining lymph node cells.,1,l6,0.049543836541097314,0.28827425425471387,0.2483650805429772,0.0,0.26143692688734443,0.26143692688734443,0.0026563999708741903,0.058762424159795046,0.29116755397990346
scifact-train,364,EGR2 is important to myelination of the peripheral nervous system.,1,l6,0.37311072377915677,0.9910394806486087,0.5371916329464423,0.34033827903669656,1.0,0.5654648767857288,0.0011964321602135897,0.050895305117592216,0.2839975180104375
scifact-train,365,ER-localized phosphatase Sac1 processes PI4P through coordination with OSBP and the endosome-localized protein sorting nexin 2.,0,bm25,0.9997016855070058,0.9901100102971744,0.95,1.0,1.0,1.0,0.0017265940550714731,0.057241595117375255,0.28939158096909523
scifact-train,366,ERAP1 SNPs are epistatic to HLA alleles for ankylosing spondylitis.,0,bm25,0.9999701393129479,0.9904324736329421,0.95,1.0,1.0,1.0,0.00017279689200222492,0.055365063017234206,0.28933843970298767
scifact-train,367,Early patent ductus ateriosus (PDA) screening decreases in-hospital mortality.,0,bm25,0.9998330035700609,0.9901364410884413,0.95,1.0,1.0,1.0,0.0009848219342529774,0.058168004965409636,0.2948631700128317
scifact-train,368,Early patent ductus ateriosus (PDA) screening increases in-hospital mortality.,0,bm25,0.9997478569354468,0.9890522737435682,0.95,1.0,1.0,1.0,0.0014742969069629908,0.06401206785812974,0.2923532538115978
scifact-train,369,"Ectopic expression of Sall4, Nanog, Esrrb, and Lin28 generates induced pluripotent stem cells from mouse embryonic fibroblasts more efficiently than other factor combinations.",0,bm25,0.9993721739887146,0.9899606666080496,0.95,1.0,1.0,1.0,0.003645987017080188,0.05830162903293967,0.2903660370502621
scifact-train,370,Egr2 regulates the homeostasis of B and T cells.,0,bm25,0.9996237439114339,0.9905495150416684,0.95,1.0,1.0,1.0,0.002152548171579838,0.05406590015627444,0.28604828426614404
scifact-train,371,Egr3 regulates the homeostasis of B and T cells.,0,bm25,0.9996269171779032,0.9903189242672066,0.95,1.0,1.0,1.0,0.002138816984370351,0.05549987289123237,0.2866410429123789
scifact-train,372,Eilat virus (EILV) produced in mosquitos elicits rapid and long-lasting neutralizing antibodies in nonhuman primates.,0,bm25,0.9998519572866063,0.990344676131089,0.95,1.0,1.0,1.0,0.0008583760354667902,0.05598315806128085,0.28990823519416153
scifact-train,375,Elevated cell-free mitochondrial DNA levels are associated with mortality.,0,bm25,0.9996711275275529,0.9902093205015121,0.95,1.0,1.0,1.0,0.0019163701217621565,0.05705118924379349,0.2913545952178538
scifact-train,376,Eliminating the last sporadic cases of malaria requires considerable funding.,1,l6,0.2590242819583949,0.5771607748235261,0.5371916329464423,0.22023243839286438,0.5654648767857288,0.5654648767857288,0.0011486690491437912,0.058626528130844235,0.29223087104037404
scifact-train,377,Emodin forms hydrogen bonds with residues involved in PGAM1 substrate binding.,0,bm25,0.9997827562835249,0.990224187542028,0.95,1.0,1.0,1.0,0.001259105047211051,0.056658830028027296,0.28979090112261474
scifact-train,378,Energy balance requires hypothalamic glutamate neurotransmission.,1,l6,0.7553465471628158,0.8081520192024026,0.2903290946936578,0.7426142775581612,0.8082168163143322,0.3056095733617451,0.0007958500646054745,0.05607427400536835,0.2904212132561952
scifact-train,379,Enhanced early production of inflammatory chemokines damages viral control in the lung.,0,bm25,0.9996722278201994,0.9900496654820394,0.95,1.0,1.0,1.0,0.001876134891062975,0.05695471097715199,0.2861949559301138
scifact-train,381,Environmental factors can influence the development of breast cancer.,0,bm25,0.9996323569898038,0.9898022409426546,0.5371916329464423,1.0,1.0,0.5654648767857288,0.00213416013866663,0.05919778230600059,0.29024897515773773
scifact-train,382,Environmentally-induced senescence is mimicked in disease modeling by adding specific molecules to the culture system.,0,bm25,0.049592959892949054,0.0398536297471241,0.0,0.0,0.0,0.0,0.0023595639504492283,0.05881732306443155,0.28984415903687477
scifact-train,383,Epidemiological disease burden from noncommunicable diseases is more prevalent in high economic settings.,1,l6,0.04967991551085427,0.24841534399383314,0.2483650805429772,0.0,0.22023243839286438,0.26143692688734443,0.0018736429046839476,0.0632507901173085,0.2926794281229377
scifact-train,389,Ethanol stress increases the expression of IBP in bacteria.,0,bm25,0.44549084801348254,0.0404839883844494,0.27875508343640726,0.41666666666666663,0.0,0.2934264036172708,0.0019680848345160484,0.05468356469646096,0.2873239698819816
scifact-train,390,Ethanol stress increases the expression of PSP in bacteria.,0,bm25,0.4455088036535286,0.04048190493511379,0.0,0.41666666666666663,0.0,0.0,0.0018722859676927328,0.05491206794977188,0.2884614388458431
scifact-train,391,Ethanol stress increases the expression of SRL in bacteria.,0,bm25,0.44549728665351096,0.040608151468124555,0.22619047619047616,0.41666666666666663,0.0,0.23809523809523808,0.0019523492082953453,0.05456434818916023,0.2904877990949899
scifact-train,392,Ethanol stress lowers the expression of PSP in bacteria.,0,bm25,0.445595254486265,0.04044040030430823,0.0,0.41666666666666663,0.0,0.0,0.0013853521086275578,0.05562615813687444,0.29094397206790745
scifact-train,393,Ethanol stress reduces the expression of SRL in bacteria.,0,bm25,0.4455657250975432,0.040211761004762384,0.27875508343640726,0.41666666666666663,0.0,0.2934264036172708,0.0015530821401625872,0.0568066940177232,0.29017831524834037
scifact-train,394,Excess gestational weight gain is associated with obesity-related pregnancy outcomes.,0,bm25,0.9997605512502944,0.9899867754971061,0.95,1.0,1.0,1.0,0.0014093380887061357,0.05893544526770711,0.2942880450282246
scifact-train,396,Exercise increases cancer mortality rates among Chinese citizens.,0,bm25,0.9996507733500879,0.9898033306786973,0.95,1.0,1.0,1.0,0.002044558059424162,0.059696711134165525,0.2927265230100602
scifact-train,397,Exercise reduces cancer mortality rates among Chinese citizens.,0,bm25,0.9997229194518603,0.9898850272966904,0.95,1.0,1.0,1.0,0.0016257890965789557,0.059350295225158334,0.2933784250635654
scifact-train,398,Exhaustion of B cells contributes to poor Ab response in HIV-infected individuals.,0,bm25,0.049564068502493994,0.04022376787861155,0.0,0.0,0.0,0.0,0.0025592930614948273,0.057394896168261766,0.29354303097352386
scifact-train,400,Exposure to fine particulate air pollution is unrelated to anxiety prevalence.,0,bm25,0.999922646769821,0.9903148248840294,0.95,1.0,1.0,1.0,0.0004487559199333191,0.05618743598461151,0.29006928275339305
scifact-train,401,"Expression of MSX2 is induced 3 hours after the addition of BMP4, which is earlier than T and CDX2.",0,bm25,0.9996492056259477,0.990201313918646,0.95,1.0,1.0,1.0,0.0020626129116863012,0.05761465383693576,0.29399173194542527
scifact-train,403,Expression of oncolytic virus antigens as peptides makes relapse more likely.,0,bm25,0.049736455622093896,0.04004203529179425,0.0,0.0,0.0,0.0,0.0015162948984652758,0.057292859768494964,0.28767354297451675
scifact-train,404,Expression of oncolytic virus antigens as peptides permits additional protection against relapse.,0,bm25,0.04971159314887511,0.0404316063387509,0.0,0.0,0.0,0.0,0.001674311002716422,0.05554814916104078,0.29026893712580204
scifact-train,406,F4/80+ macrophages regulate mature osteoblast maintenance.,0,bm25,0.049817779304007194,0.04050339745187556,0.0,0.0,0.0,0.0,0.0010496089234948158,0.05470135388895869,0.28800486074760556
scifact-train,407,FACT and other histone chaperone(s) compensate for Histone 2A (H2A)-histone 2B (H2B) dimer eviction during the histone exchange process.,1,l6,0.328608013508977,0.9905075386978958,0.39583333333333326,0.2934264036172708,1.0,0.41666666666666663,0.0008460721001029015,0.054608762031421065,0.2876427951268852
scifact-train,413,Female carriers of the Apolipoprotein E4 (APOE4) allele have decreased risk for dementia.,1,l6,0.25904590780454234,0.4358000039077654,0.0,0.22023243839286438,0.41666666666666663,0.0,0.001017044996842742,0.05834100488573313,0.29073601798154414
scifact-train,414,Female carriers of the Apolipoprotein E4 (APOE4) allele have increased risk for Alzheimer's disease.,1,l6,0.04964745576424356,0.28828902350411895,0.0,0.0,0.26143692688734443,0.0,0.002053705044090748,0.058696886990219355,0.2912691282108426
scifact-train,416,Female carriers of the Apolipoprotein E4 (APOE4) allele have longer lifetime exposure to estrogen due to an increased reproductive period.,0,bm25,0.9997165415317297,0.36348877386279543,0.5371916329464423,1.0,0.34033827903669656,0.5654648767857288,0.0016393519472330809,0.05686574708670378,0.28916968987323344
scifact-train,417,Female carriers of the Apolipoprotein E4 (APOE4) allele have shorter lifetime exposure to estrogen due to a decreased reproductive period.,0,bm25,0.4456362881506271,0.23598560017152911,0.3233213650848617,0.41666666666666663,0.20607055338754615,0.34033827903669656,0.0011491309851408005,0.057043460896238685,0.2915907329879701
scifact-train,418,Fibroblast Growth Factor is a ligand which signals through receptor tyrosine kinases.,0,bm25,0.04966498017239988,0.03953562002458066,0.0,0.0,0.0,0.0,0.001949354074895382,0.060888282023370266,0.29093115008436143
scifact-train,420,Fibroblast growth factor 21 protects against atherosclerosis by modulating adiponectin and SREBP2 levels.,0,bm25,0.9996417726808018,0.9899213774426097,0.95,1.0,1.0,1.0,0.002090104855597019,0.05880449875257909,0.29172884696163237
scifact-train,422,Flexible molecules experience less steric hindrance in the tumor microenviroment than rigid molecules.,0,bm25,0.049827239815879304,0.0395565482245617,0.0,0.0,0.0,0.0,0.0009867239277809858,0.05964802484959364,0.2855761970859021
scifact-train,423,Folate and vitamin B12 levels influence the association between homocysteine and preeclampsia.,1,l6,0.3284836003832692,0.5771224878037825,0.1848057925009967,0.2934264036172708,0.5654648767857288,0.19453241315894393,0.0015871420037001371,0.05886615393683314,0.29230959084816277
scifact-train,425,"For every 1,000 children with cerebral palsy, more than 300 of them are premature or underweight at birth.",0,bm25,0.9999334285768183,0.989573166972294,0.95,1.0,1.0,1.0,0.0003876728005707264,0.060719740809872746,0.2911705819424242
scifact-train,426,Forkhead 0 (fox0) transcription factors are involved in apoptosis.,1,l6,0.44555660012946147,0.9901476653738515,0.95,0.41666666666666663,1.0,1.0,0.0015990440733730793,0.056929624173790216,0.2889143859501928
scifact-train,428,Forkhead 0 (fox0) transcription factors are involved in cellular differentiation.,1,l6,0.32839502525681785,0.9906417192570675,0.95,0.2934264036172708,1.0,1.0,0.0020675109699368477,0.05373672698624432,0.2871079018805176
scifact-train,429,Formation of N-terminal pyroglutamate by glutamine cyclase (GC) competes with NTAQ1 for Nt-Gln substrates.,0,bm25,0.9999016753495787,0.9904225239346618,0.95,1.0,1.0,1.0,0.0005696949083358049,0.05549207981675863,0.2897009579464793
scifact-train,430,FoxO3a activation in neuronal death is inhibited by reactive oxygen species (ROS).,0,bm25,0.049691343103121184,0.0403167643103895,0.0,0.0,0.0,0.0,0.0017865009140223265,0.056046404875814915,0.28939915681257844
scifact-train,432,Foxk2 regulates autophagy genes in muscle cells and fibroblast cells.,0,bm25,0.999479205531179,0.9901574749803183,0.95,1.0,1.0,1.0,0.003002340905368328,0.056741415755823255,0.28824623581022024
scifact-train,434,Foxp3 enables the expression of transcriptional regulators implicated in memory T cell development.,1,l6,0.04943172260603115,0.2884157121652947,0.0,0.0,0.26143692688734443,0.0,0.0032847831025719643,0.0575097962282598,0.289012297289446
scifact-train,435,Foxp3 represses the expression of transcriptional regulators implicated in memory T cell development.,0,bm25,0.049436097253788225,0.039987703544350585,0.0,0.0,0.0,0.0,0.0032662851735949516,0.057994070230051875,0.2896142282988876
scifact-train,441,G-CSF increases the expansion and infiltration of MDSCs into tumors.,1,l6,0.44559366681130025,0.5777664360490335,0.5371916329464423,0.41666666666666663,0.5654648767857288,0.5654648767857288,0.0013837069272994995,0.05441606999374926,0.2886733857449144
scifact-train,444,GATA3 regulates cell cycle progression in bone marrow hematopoietic stem cells.,1,l6,0.5866755251666756,0.9902917690815931,0.95,0.5654648767857288,1.0,1.0,0.002951802918687463,0.05552480602636933,0.28596768295392394
scifact-train,445,GATA3 regulates self-renewal capacity in bone marrow hematopoietic stem cells.,1,l6,0.04959205203185248,0.9902479114348698,0.95,0.0,1.0,1.0,0.0023487601429224014,0.05614764313213527,0.287874965230003
scifact-train,447,Gastric infection with Helicobacter pylori decreases risk of gastric cancer in humans.,2,bge,0.5868468319377798,0.5772079674283837,0.95,0.5654648767857288,0.5654648767857288,1.0,0.0020027230493724346,0.05798856890760362,0.2904172260314226
scifact-train,448,Gastric infection with Helicobacter pylori increases risk of gastric cancer in humans.,2,bge,0.586770468416043,0.5771642074002876,0.95,0.5654648767857288,0.5654648767857288,1.0,0.002458794042468071,0.05854095588438213,0.2919042161665857
scifact-train,449,Gastric lavage is an effective treatment for acute paraquat poisoning.,0,bm25,0.23265903280927241,0.18079307015281337,0.14045123374807264,0.19253705174241542,0.14784340394533962,0.14784340394533962,0.001461103092879057,0.05618417006917298,0.2908636280335486
scifact-train,453,General exercise therapy is more effective than rotator cuff exercises in reducing pain and improving function of the shoulder.,0,bm25,0.9995400949013625,0.989652713139303,0.95,1.0,1.0,1.0,0.0027096199337393045,0.060963043943047523,0.294584680814296
scifact-train,454,General exercise therapy is more effective than scapular stabilizer exercises in reducing pain and improving function of the shoulder.,0,bm25,0.9995279296767675,0.989731627633533,0.95,1.0,1.0,1.0,0.002774817869067192,0.060357242822647095,0.2938987829256803
scifact-train,455,Genes involved in pre-mRNA splicing have a significant impact on genome stability.,0,bm25,0.9996030777633496,0.43617046589891706,0.95,1.0,0.41666666666666663,1.0,0.00230101915076375,0.0560171261895448,0.2898576771840453
scifact-train,456,Genes regulated by Esrrb transcription factor are sensitive to Mbd3 function.,0,bm25,0.9995167463253709,0.040606398174984244,0.95,1.0,0.0,1.0,0.00277629098854959,0.053966215811669827,0.28724985802546144
scifact-train,458,Genetic deficiency of mast cells leads to decreased weight gain in a mouse model of diet-induced obesity.,0,bm25,0.9994855135136724,0.9899094100913709,0.95,1.0,1.0,1.0,0.0030070750508457422,0.058977566892281175,0.29224043106660247
scifact-train,461,Genetic deletion of JAM-A increases gut permeability.,1,l6,0.049756067482011376,0.9905793380561039,0.95,0.0,1.0,1.0,0.0014121399726718664,0.054536776850000024,0.2894529979676008
scifact-train,463,Genomic aberrations of metastases provide information for targeted therapy.,2,bge,0.2454647006618241,0.03990040456296667,0.3233213650848617,0.20607055338754615,0.0,0.34033827903669656,0.0017558680847287178,0.05865725292824209,0.29039407218806446
scifact-train,466,Genomic sequences involved in alternative splicing responsible for Hutchinson-Gilford progeria syndrome (HGPS) are abundant in the ''progerinonly'' allele of Lmna knock-in models.,0,bm25,0.9995975224874799,0.9902691354111338,0.95,1.0,1.0,1.0,0.002340746810659766,0.05659319972619414,0.29079224774613976
scifact-train,469,Glial calcium waves influence seizures.,2,bge,0.2761222817265575,0.319180265479083,0.5371916329464423,0.23809523809523808,0.2934264036172708,0.5654648767857288,0.00039392290636897087,0.05530859692953527,0.28882322972640395
scifact-train,470,"Glioblastoma multiforme (GBM) is characterized by extensive invasion, rapid growth, necrosis, and angiogenesis.",0,bm25,0.9997986288921578,0.9903926162370119,0.95,1.0,1.0,1.0,0.0011667599901556969,0.055665934924036264,0.28970392094925046
scifact-train,472,Glucose restriction to 0.05% reduces RLS (replicative life span) by 20-40% in S. cerevisiae.,1,l6,0.5073429246651044,0.9457959559752783,0.4643712591640285,0.48162118296603373,0.9533138049242253,0.48881185175160896,0.0011322889477014542,0.05656966706737876,0.2870927518233657
scifact-train,473,Glycan adaptation involves insertion-deletion events.,0,bm25,0.04984294822087095,0.04033446607144675,0.0,0.0,0.0,0.0,0.0009049270302057266,0.05569247901439667,0.2880983059294522
scifact-train,474,Glycan adaptation is rarely observed in the B-cell repertoire.,0,bm25,0.04986904556213173,0.040610490578082206,0.0,0.0,0.0,0.0,0.0007456277962774038,0.05346194701269269,0.2846897777635604
scifact-train,479,Gpr124 increases BBB breakdown in mouse models of ischemic stroke.,0,bm25,0.9997006973661804,0.9898298186270905,0.95,1.0,1.0,1.0,0.0017394619062542915,0.05910620582289994,0.2905858000740409
scifact-train,480,Gpr124 suppresses BBB breakdown in mouse models of ischemic stroke.,0,bm25,0.9998025916429971,0.9903130802931875,0.95,1.0,1.0,1.0,0.0011505139991641045,0.05645625595934689,0.2914045830257237
scifact-train,481,Guanine nucleotide dissociation inhibitor (Rho-GDI) interacts with the p75 NTR death domain,0,bm25,0.9998080832424069,0.9904221009924603,0.5371916329464423,1.0,1.0,0.5654648767857288,0.001109059900045395,0.055349328787997365,0.2889429547358304
scifact-train,482,Guanine nucleotide exchange factors (GEFs) mediate RhoA activation in response to tensional forces on fibronectin-binding integrins.,0,bm25,0.9995625537408671,0.9901001097613331,0.95,1.0,1.0,1.0,0.0025400409940630198,0.057483922922983766,0.2903260618913919
scifact-train,483,H.pylori-mediated gastric cancer occurs due to the accumulation of mutations in host epithelial cells.,0,bm25,0.9995525637759286,0.9900298317903815,0.5371916329464423,1.0,1.0,0.5654648767857288,0.002599828876554966,0.05793167790398002,0.29052507784217596
scifact-train,484,"H4 G94P proteins induce chromatin assembly, which increases free histones.",0,bm25,0.0495928889128166,0.04053291817413425,0.0,0.0,0.0,0.0,0.0023596740793436766,0.054872560082003474,0.2898071501404047
scifact-train,485,H4 G94P proteins induce degradation of free histones via Rad53-dependent mechanisms.,2,bge,0.049631284416230236,0.5775609603650993,0.95,0.0,0.5654648767857288,1.0,0.002134494949132204,0.05575197492726147,0.289450058946386
scifact-train,486,"H4 G94P proteins inhibit chromatin assembly, which decreases free histones.",2,bge,0.04971338338877238,0.04038213598547006,0.22619047619047616,0.0,0.0,0.23809523809523808,0.0016480048652738333,0.055301354033872485,0.2874929087702185
scifact-train,487,H4 G94P proteins suppress degradation of free histones via Rad53-dependent mechanisms.,1,l6,0.04968761402987068,0.9901286471954632,0.95,0.0,1.0,1.0,0.0018078950233757496,0.057129228953272104,0.2893687931355089
scifact-train,488,HAND2 methylation is a key step in early endometrial carcinogenesis.,0,bm25,0.9998582538086507,0.9901760887475529,0.95,1.0,1.0,1.0,0.0008185419719666243,0.05673015699721873,0.2887350849341601
scifact-train,489,HIV trans-activator protein (TAT) effectively transports large and small molecules across cellular membranes into larger populations of neurons.,0,bm25,0.258709214468517,0.23596840911119799,0.2483650805429772,0.22023243839286438,0.20607055338754615,0.26143692688734443,0.002973139053210616,0.056943970965221524,0.29057148192077875
scifact-train,490,HNF4A mutations are associated with macrosomia in infancy.,0,bm25,0.9998086201324212,0.9902599077184459,0.95,1.0,1.0,1.0,0.0011099169496446848,0.05648814397864044,0.2899774578399956
scifact-train,492,HOXB4 facilitates HSC expansion when co-cultured with HSCs.,1,l6,0.3732637750774306,0.9899983559279414,0.95,0.34033827903669656,1.0,1.0,0.00032840296626091003,0.0570336717646569,0.28512148279696703
scifact-train,493,HOXB4 is a highly expressed component of cellular secretome from fetal liver cell populations.,1,l6,0.258688498778777,0.2660636063029282,0.0,0.22023243839286438,0.23809523809523808,0.0,0.0031008210498839617,0.05899035790935159,0.29125662008300424
scifact-train,494,HSCT-T dosage may not be diagnostic if the onset of symptoms occurs less than 3 hours before AMI.,0,bm25,0.5869052493081355,0.04033696709177921,0.20922081647322116,0.5654648767857288,0.0,0.22023243839286438,0.001680063782259822,0.056687985779717565,0.2933239818084985
scifact-train,495,Having a main partner improves HIV outcomes.,1,l6,0.44567237173880936,0.9899637951871527,0.95,0.41666666666666663,1.0,1.0,0.0009385491721332073,0.058519995072856545,0.29154444416053593
scifact-train,498,Having a main partner worsens HIV outcomes.,1,l6,0.3732026630885949,0.9902598072841544,0.95,0.34033827903669656,1.0,1.0,0.0006914720870554447,0.056739327032119036,0.2912638830021024
scifact-train,499,HbA1c consistently overestimates glycemic control in black individuals with Sickle cell trait (SCT).,0,bm25,0.9995687553813621,0.9899881694053072,0.95,1.0,1.0,1.0,0.002533764112740755,0.058824193896725774,0.2937734180595726
scifact-train,500,Headaches are correlated with cognitive impairment.,0,bm25,0.9998949163686226,0.9903602900452837,0.95,1.0,1.0,1.0,0.0006086060311645269,0.05582968099042773,0.28958174702711403
scifact-train,504,Healthy volunteers exhibit rapid and transient increase of cellular ATP after being bolus-injected with fructose.,0,bm25,0.9996997944612043,0.99041660535092,0.95,1.0,1.0,1.0,0.001738028833642602,0.05548270791769028,0.28947314573451877
scifact-train,505,Helicobacter pylori-induced aberrant NF-kB-dependent expression of activation-induced cytidine deaminase contributes to the mutagenesis of host DNA.,0,bm25,0.9997162151623074,0.9904413777478723,0.95,1.0,1.0,1.0,0.0016349758952856064,0.05507030291482806,0.28806611173786223
scifact-train,506,Helminths interfere with immune system control of coinfections by microbial pathogens 16.,1,l6,0.23454513238889044,0.9906028903374927,0.95,0.19453241315894393,1.0,1.0,0.001501463120803237,0.05412954627536237,0.2880116770975292
scifact-train,509,Hematopoietic Stem Cell purification reaches purity rates above 90%.,0,bm25,0.0496341322864486,0.04022234304014864,0.0,0.0,0.0,0.0,0.0020993128418922424,0.05610323091968894,0.2868950667325407
scifact-train,515,High levels of CRP lead to a higher risk of exacerbations in chronic obstructive pulmonary disease (COPD).,0,bm25,0.9995513865508282,0.9893774385603771,0.95,1.0,1.0,1.0,0.0026394068263471127,0.06249759392812848,0.2941738406661898
scifact-train,523,"Higher plasma levels of I-carnitine, when associated with trimethylamine N-oxide, are negatively correlated with cardiovascular events in humans.",0,bm25,0.5867181997868136,0.5768943866197423,0.5371916329464423,0.5654648767857288,0.5654648767857288,0.5654648767857288,0.0027900589630007744,0.06068422505632043,0.2946623938623816
scifact-train,524,"Higher plasma levels of I-carnitine, when associated with trimethylamine N-oxide, are positively correlated with cardiovascular events in humans.",0,bm25,0.5867092150872149,0.5769954963947858,0.5371916329464423,0.5654648767857288,0.5654648767857288,0.5654648767857288,0.002841070992872119,0.06004741997458041,0.29446163098327816
scifact-train,526,Homozygous deletion of murine Sbds gene from osterix-expressing mesenchymal stem and progenitor cells (MPCs) induces oxidative stress.,2,bge,0.586725798475837,0.23580952984063508,0.95,0.5654648767857288,0.20607055338754615,1.0,0.002722220029681921,0.05818911315873265,0.29218748304992914
scifact-train,529,Human embryonic stem cells give rise to cell types from all three embryonic germ layers.,0,bm25,0.4247247930316001,0.3714830655299114,0.36845467065030924,0.39503769052274285,0.34837160149324375,0.3878470217371676,0.0032315771095454693,0.05454935017041862,0.28801269410178065
scifact-train,530,"Human embryonic stem cells give rise to cell types from the outer embryonic germ layer, but not the other two layers.",0,bm25,0.430686067967345,0.3163782539521733,0.3231590823223226,0.4013470854637772,0.29069043216658386,0.34016745507612905,0.003438257146626711,0.056628230260685086,0.2895797661039978
scifact-train,531,Human embryonic stem cells have the capacity to give rise to differentiated progeny representative of all three embryonic germ layers.,2,bge,0.5841731028320432,0.8793470899298631,0.8836635572448169,0.5628323294930753,0.8826803184943108,0.93017216552086,0.0029503649566322565,0.052435279125347733,0.2849987340159714
scifact-train,537,Hypocretin neurones suppress panicprone state in rats.,0,bm25,0.9998652715108878,0.9902228997692157,0.95,1.0,1.0,1.0,0.0007822338957339525,0.05676586483605206,0.2903001068625599
scifact-train,541,Hypothalamic glutamate neurotransmission is unrelated to energy balance.,1,l6,0.20851541454446454,0.41854687613039043,0.2515518053096355,0.16691356081643446,0.3980409554829326,0.26479137401014263,0.000304460059851408,0.05566016701050103,0.2901375300716609
scifact-train,542,"IFI16 impedes STING phosphorylation and translocation, resulting in reduced activation of STING.",0,bm25,0.999530015914184,0.990228971969269,0.95,1.0,1.0,1.0,0.0027272580191493034,0.05670003592967987,0.29014365607872605
scifact-train,545,IFIT1 speeds viral replication by allowing for the proliferation of mis-capped viral RNAs.,0,bm25,0.049858697197296124,0.04020684364351408,0.0,0.0,0.0,0.0,0.0008166348561644554,0.05659783584997058,0.2889662627130747
scifact-train,547,IL-10 production by monocytes inhibits CD4 + T cell response.,1,l6,0.5867762848559734,0.9901829887891588,0.95,0.5654648767857288,1.0,1.0,0.0024234498851001263,0.057279749773442745,0.2917372127994895
scifact-train,548,IL-6 signaling plays a major role in atherosclerotic cardiovascular disease.,0,bm25,0.04959781228892396,0.039910312080071404,0.0,0.0,0.0,0.0,0.00232868199236691,0.058419673005118966,0.28950188285671175
scifact-train,550,ITAM phosphorylation allows for the transfer of the T cell receptor (TCR) signal from the echo-domain to the cytoplasmic tail of the T cell receptor (TCR).,2,bge,0.04948633644332114,0.43589144294149357,0.5371916329464423,0.0,0.41666666666666663,0.5654648767857288,0.0029948989395052195,0.057965873973444104,0.2915234009269625
scifact-train,553,IgA plasma cells that are specific for transglutaminase 2 are scarce in the duodenal mucosa of celiac disease patients when the disease is active.,0,bm25,0.9993535913962424,0.989776350427625,0.95,1.0,1.0,1.0,0.00380854494869709,0.06023624795489013,0.2945926869288087
scifact-train,555,Immune complex triggered cell death leads to extracellular release of nuclear DNA.,2,bge,0.2978717871226689,0.26639043148484065,0.39583333333333326,0.26143692688734443,0.23809523809523808,0.41666666666666663,0.0028589910361915827,0.056798324920237064,0.2897860500961542
scifact-train,557,Immune complex triggered cell death leads to sequestration of oxidized mitochondrial DNA.,0,bm25,0.9995182579824939,0.990166287396205,0.95,1.0,1.0,1.0,0.0028009151574224234,0.05717457411810756,0.2907069609500468
scifact-train,559,Immune responses in immune cells are geographically segregated.,0,bm25,0.04959380411840975,0.04057105499239214,0.0,0.0,0.0,0.0,0.0023384010419249535,0.05428084288723767,0.2878415498416871
scifact-train,562,Improvements in OER catalysts show stable activity over several hundred hours.,0,bm25,0.9995500906506884,0.9898930349992198,0.95,1.0,1.0,1.0,0.002638509962707758,0.0592726687900722,0.29322684300132096
scifact-train,563,"In British Men, haplogroup I decreases risk of cardiovascular disease.",0,bm25,0.9997502143835861,0.9897981703232512,0.95,1.0,1.0,1.0,0.0014768328983336687,0.060317314928397536,0.29562008404172957
scifact-train,564,"In British Men, haplogroup I increases risk of cardiovascular disease by 50%.",0,bm25,0.9996647964785776,0.9898601303890632,0.95,1.0,1.0,1.0,0.0019779889844357967,0.05983394896611571,0.2950429900083691
scifact-train,565,"In S. cerevisiae, the absence of RNA surveillance pathways causes sensitivity to high iron conditions.",0,bm25,0.9996240944143688,0.9906434672782745,0.95,1.0,1.0,1.0,0.0021795930806547403,0.05425147898495197,0.2899123029783368
scifact-train,566,"In S. cerevisiae, the absence of RNA surveillance pathways reduces sensitivity to high iron conditions.",0,bm25,0.9996109527948065,0.9902049194880502,0.95,1.0,1.0,1.0,0.002242433838546276,0.05645798170007765,0.28819559793919325
scifact-train,568,"In a naive state, blocking Wingless-Int-1 secretion from mouse embryonic stem cells inhibits self-renewal of the mouse embryonic stem cells.",0,bm25,0.9994603113930101,0.9904155674691155,0.95,1.0,1.0,1.0,0.0031016080174595118,0.05508204619400203,0.28735162992961705
scifact-train,570,"In breast cancer, the loss of myoepithelial cells promotes the transition of ductal carcinoma in situ to invasive carcinoma.",0,bm25,0.9995705379865024,0.9899575499003911,0.95,1.0,1.0,1.0,0.002480580937117338,0.05800538696348667,0.2888009718153626
scifact-train,571,"In breast cancer, the loss of myoepithelial cells slows the transition of ductal carcinoma in situ to invasive carcinoma.",0,bm25,0.999601152870368,0.9898828730504495,0.95,1.0,1.0,1.0,0.002302879933267832,0.058414682978764176,0.28869205294176936
scifact-train,572,"In chronic viral infections or tumors, peptides that selectively inhibit PTPRS can be utilized to boost insufficient activity of pDCs.",0,bm25,0.04957675629511874,0.03992319515733905,0.0,0.0,0.0,0.0,0.0024683959782123566,0.05876884702593088,0.2916045708116144
scifact-train,573,"In domesticated populations of Saccharomyces cerevisiae, segmental aneuploidy is very common.",0,bm25,0.9998519395194251,0.9907341305091666,0.95,1.0,1.0,1.0,0.0008498281240463257,0.053183648036792874,0.28698681807145476
scifact-train,574,"In domesticated populations of Saccharomyces cerevisiae, segmental aneuploidy occurs infrequently.",0,bm25,0.999847418903684,0.9913408923429227,0.5371916329464423,1.0,1.0,0.5654648767857288,0.0008773051667958498,0.049787818221375346,0.2874881580937654
scifact-train,576,"In melanoma, anti-CTLA-4 treatment reinvigorates exhausted PD-1+Eomes+CD8 T cells.",0,bm25,0.9996480605954496,0.9896724651243595,0.95,1.0,1.0,1.0,0.0020514149218797684,0.06019803090021014,0.29144433606415987
scifact-train,579,"In patients with congenital heart defects, β-blockers significantly improve clinical heart failure outcomes.",2,bge,0.4454340724888006,0.5771842878283387,0.95,0.41666666666666663,0.5654648767857288,1.0,0.0023543639108538628,0.059011376928538084,0.29484032094478607
scifact-train,580,"In pediatric tissue, most T cells are naive T cell emigrants from the thymus.",0,bm25,0.9995933731352424,0.9904523374203468,0.95,1.0,1.0,1.0,0.002337557030841708,0.05488620582036674,0.2874326850287616
scifact-train,582,"In rhesus macaques, daily subcutaneous injections of emtricitabine are ineffective at protecting against rectally transmitted simian-human immunodeficiency virus.",0,bm25,0.9998829804040268,0.9904358514133615,0.95,1.0,1.0,1.0,0.0006786631420254707,0.055467933183535933,0.2899784161709249
scifact-train,584,"In rhesus macaques, daily subcutaneous injections of tenofovir protects against rectally transmitted simian-human immunodeficiency virus.",0,bm25,0.9998886091270194,0.99050409894396,0.95,1.0,1.0,1.0,0.0006470689550042152,0.05516163585707545,0.2904497189447284
scifact-train,585,"In the UK, drowning affects boys and girls equally.",1,l6,0.44575266770104677,0.9899874663999727,0.95,0.41666666666666663,1.0,1.0,0.0004642670974135399,0.05762664694339037,0.28777255211025476
scifact-train,588,"In transgenic mice harboring green florescent protein under the control of the Sox2 promoter, more than 50 percent of the cells with green florescent colocalize with cell proliferation markers.",1,l6,0.2755484795546356,0.5771483376460175,0.5371916329464423,0.23809523809523808,0.5654648767857288,0.5654648767857288,0.00375789194367826,0.058787875808775425,0.29267224576324224
scifact-train,590,"In young and middle-aged adults, current or remote uses of ADHD medications increase the risk of serious cardiovascular events.",0,bm25,0.9995001485285253,0.9891534043961123,0.95,1.0,1.0,1.0,0.00296588521450758,0.06435863324441016,0.2966766513418406
scifact-train,591,Incidence of 10/66 dementia is higher than the incidence of DSM-IV dementia.,0,bm25,0.9998916561821783,0.9902648932078923,0.95,1.0,1.0,1.0,0.0006379229016602039,0.057319814804941416,0.29439746285788715
scifact-train,592,Incidence of 10/66 dementia is lower than the incidence of DSM-IV dementia.,0,bm25,0.9999012087969976,0.9900469716796272,0.95,1.0,1.0,1.0,0.0005799659993499517,0.05843048612587154,0.2935311959590763
scifact-train,594,Incidence of heart failure increased by 10% in women since 1979.,0,bm25,0.9997127419250876,0.9900605251695029,0.95,1.0,1.0,1.0,0.0016807431820780039,0.058155735256150365,0.2925493360962719
scifact-train,595,Incidence of sepsis has fallen substantially from 2009 to 2014.,0,bm25,0.9999279942894683,0.9898586176009779,0.95,1.0,1.0,1.0,0.00042005209252238274,0.05916070914827287,0.2916797080542892
scifact-train,600,Including pharmacists in rounding teams does not alter the incidence of adverse drug events (ADEs).,0,bm25,0.9997320390651026,0.9897672102736285,0.95,1.0,1.0,1.0,0.0015853431541472673,0.060540478210896254,0.2958160962443799
scifact-train,601,Including pharmacists in rounding teams reduces the incidence of adverse drug events (ADEs).,0,bm25,0.9997055843690746,0.9899412913492582,0.95,1.0,1.0,1.0,0.0017489718738943338,0.059753615874797106,0.29702428984455764
scifact-train,602,Increase of p62 in prostate tumor stroma results in defective autophagy.,0,bm25,0.049561171201000606,0.03993290509444948,0.0,0.0,0.0,0.0,0.0025528608821332455,0.05856473604217172,0.29087207675911486
scifact-train,603,Increased LDL receptors plays a role in the reduction of plasma Lp(a).,0,bm25,0.9995985752837291,0.9901410761848963,0.95,1.0,1.0,1.0,0.0023325770162045956,0.057287700939923525,0.2905372940003872
scifact-train,606,Increased conversion of PGE 2 to PPARy ligand 15-ket-PGE 2 causes accumulation of PGE.,2,bge,0.2344596923860595,0.363315981910295,0.5371916329464423,0.19453241315894393,0.34033827903669656,0.5654648767857288,0.0020216009579598904,0.058442315785214305,0.2920543609652668
scifact-train,607,Increased diastolic blood pressure (DBP) is associated with abdominal aortic aneurysm.,0,bm25,0.9996823090076586,0.9897890081419596,0.95,1.0,1.0,1.0,0.0018717339262366295,0.06015990488231182,0.29458404099568725
scifact-train,609,Increased flux of microbial products provokes immune responses.,0,bm25,0.04965582724908063,0.04045870188409445,0.0,0.0,0.0,0.0,0.001988785108551383,0.05513391620479524,0.2889225110411644
scifact-train,610,Increased flux of microbial products suppresses immune responses.,0,bm25,0.04962472735063285,0.040198942210713365,0.0,0.0,0.0,0.0,0.002165741054341197,0.05656301695853472,0.28855567518621683
scifact-train,611,Increased lipolysis leads to higher P38 phosphorylation in adipose tissue.,0,bm25,0.9996779013537904,0.9899986794640953,0.95,1.0,1.0,1.0,0.001870136009529233,0.058068637968972325,0.2903048540465534
scifact-train,612,Increased microtubule acetylation exacerbates LRRK2 Roc-COR domain mutation induced locomotor deficits.,0,bm25,0.9994376209983139,0.9896807377823476,0.95,1.0,1.0,1.0,0.0032492440659552813,0.0596213610842824,0.28888383600860834
scifact-train,614,Increased microtubule acetylation repairs interference of axonal transport caused by LRRK2 Roc-COR domain mutations.,0,bm25,0.9996115556879194,0.9900099029242716,0.95,1.0,1.0,1.0,0.002258762950077653,0.05809136712923646,0.2907447579782456
scifact-train,615,Increased microtubule acetylation worsens interference of axonal transport caused by LRRK2 Roc-COR domain mutations.,0,bm25,0.9996764475483685,0.9902383917221735,0.95,1.0,1.0,1.0,0.0018788180314004421,0.05668411892838776,0.290342110209167
scifact-train,616,Increased mobility of retrotransposons does not lead to mutation and higher tumorigenesis rates.,0,bm25,0.049590630638782385,0.04024027420299267,0.0,0.0,0.0,0.0,0.0023711801040917635,0.056531020207330585,0.2896137728821486
scifact-train,617,Increased mobility of retrotransposons is assosciated with mutation and higher tumorigenesis rates.,0,bm25,0.04969923040483393,0.0402639057235151,0.0,0.0,0.0,0.0,0.0017340260092169046,0.056131473975256085,0.28826484410092235
scifact-train,618,Increased purity of cytoplasmic membranes isolated from overexpressors is indicated by stronger spots for OmpF in 2D BN-PAGE gels.,0,bm25,0.04966412531754778,0.04018641607540251,0.0,0.0,0.0,0.0,0.0019508639816194773,0.057000329019501805,0.29041545605286956
scifact-train,620,Increased vessel density along with a reduction in fibrosis improves the efficacy of chemotherapy treatments.,0,bm25,0.049613300765816354,0.03967015108235466,0.0,0.0,0.0,0.0,0.002282935194671154,0.06098376610316336,0.2951822751201689
scifact-train,621,Individuals with Alzheimers who participate in six months of physical activity improve cognitive function for up to 18 months.,0,bm25,0.9994474870027691,0.9897709690803775,0.95,1.0,1.0,1.0,0.0032676258124411106,0.06049567274749279,0.29570578690618277
scifact-train,622,Individuals with low serum vitamin D concentrations have decreased risk of multiple sclerosis.,0,bm25,0.2758744870473939,0.23568712090433983,0.0,0.23809523809523808,0.20607055338754615,0.0,0.001861856086179614,0.05939233209937811,0.2946076039224863
scifact-train,624,Induced hepatic stem cells possess the potential to differentiate into cholangiocytic cells.,0,bm25,0.9994435869530113,0.9898112184630654,0.95,1.0,1.0,1.0,0.003219733014702797,0.05895828013308346,0.2893293958622962
scifact-train,625,Induced hepatic stem cells possess the potential to differentiate into hepatocytic cells.,0,bm25,0.9994793384388606,0.9901779170835384,0.95,1.0,1.0,1.0,0.00303162494674325,0.0571904550306499,0.29113201098516583
scifact-train,626,Induction of urokinase receptor signaling in podocytes causes foot process effacement and proteinuria.,0,bm25,0.9996936542611353,0.9901190662750816,0.95,1.0,1.0,1.0,0.0017904369160532951,0.05774909281171858,0.29222487681545317
scifact-train,631,Inhibiting HDAC6 increases survival of mice with ARID1A mutated tumors.,0,bm25,0.9996117865162942,0.9900304425104629,0.95,1.0,1.0,1.0,0.0022564339451491833,0.05794659093953669,0.29061766783706844
scifact-train,632,Inhibiting focal adhesion formation enables cells to convert mechanical strain into eventual scarring.,0,bm25,0.9995590877627527,0.9902772107715768,0.95,1.0,1.0,1.0,0.002556632040068507,0.05637764697894454,0.2899252758361399
scifact-train,633,Inhibiting focal adhesion formation increases the rate at which cells convert mechanical strain into inflammation and fibrosis.,0,bm25,0.9994208174770712,0.9902769927452248,0.95,1.0,1.0,1.0,0.0033854180946946144,0.056832593167200685,0.29225830896757543
scifact-train,635,Inhibiting glucose-6-phospate dehydrogenase improves lipogenesis by deactivating LKB1-AMPK signaling.,0,bm25,0.9997930592540407,0.9900901691181688,0.95,1.0,1.0,1.0,0.0012024010065943003,0.057579722022637725,0.2905181869864464
scifact-train,638,Input from  mental and physical health care professionals is not effective at decreasing homelessness.,0,bm25,0.9997208847127459,0.5770887009974422,0.95,1.0,0.5654648767857288,1.0,0.0016467769164592028,0.05960717983543873,0.2949994127266109
scifact-train,640,"Inside the body, falciparum parasites reproduce asexually.",0,bm25,0.9999367941343792,0.5781608020368898,0.27875508343640726,1.0,0.5654648767857288,0.2934264036172708,0.00036565912887454033,0.05224524228833616,0.2892604391090572
scifact-train,642,Insulin decreases risk of severe kidney failure.,0,bm25,0.9997554584717849,0.9898994737031125,0.95,1.0,1.0,1.0,0.0014280430041253567,0.05898378905840218,0.2919837408699095
scifact-train,643,Insulin effects appetite via ventral tegmental neurons.,2,bge,0.29813621217752734,0.31901160532969686,0.95,0.26143692688734443,0.2934264036172708,1.0,0.0013309339992702007,0.056661069160327315,0.29076408105902374
scifact-train,645,Intake of folic acid (FA) and vitamin B6 (VB6) increases levels of homocysteine.,0,bm25,0.29805956107409093,0.22499891423311966,0.27875508343640726,0.26143692688734443,0.19453241315894393,0.2934264036172708,0.0017959119286388159,0.05764702893793583,0.29391120886430144
scifact-train,646,Intake of folic acid (FA) and vitamin B6 (VB6) reduces levels of homocysteine.,0,bm25,0.29812234936049314,0.24944630681509922,0.2483650805429772,0.26143692688734443,0.22023243839286438,0.26143692688734443,0.00142705999314785,0.05746608879417181,0.2939589340239763
scifact-train,647,Integrated care is ineffective at tackling multiple comorbidities.,1,l6,0.5870589215168857,0.9904529454456041,0.5371916329464423,0.5654648767857288,1.0,0.5654648767857288,0.000776153989136219,0.05583531502634287,0.29242168203927577
scifact-train,648,Integrated care is successful at tackling multiple comorbidities.,0,bm25,0.9998562777488353,0.9901810075902222,0.95,1.0,1.0,1.0,0.0008398708887398243,0.05737932585179806,0.2921854068990797
scifact-train,650,Integrating classroom-based collaborative learning with Web-based collaborative learning offers the best class performance.,1,l6,0.587041031869649,0.9900427379782623,0.5371916329464423,0.5654648767857288,1.0,0.5654648767857288,0.0008670559618622065,0.05732696992345154,0.2878651269711554
scifact-train,651,"Interferon stimulated genes (ISGs) Irf1, Irg1, Ifi27, and Rsad2 encourage West Nile virus replication in cortical neurons.",0,bm25,0.9997443540520865,0.36360746449009107,0.95,1.0,0.34033827903669656,1.0,0.00148817989975214,0.05654707900248468,0.291062681004405
scifact-train,652,"Interferon stimulated genes (ISGs) Irf1, Irg1, Ifi27, and Rsad2 inhibit West Nile virus replication in cortical neurons.",0,bm25,0.9997091276518537,0.3634208210972318,0.95,1.0,0.34033827903669656,1.0,0.0016827599611133337,0.057276805862784386,0.28926090290769935
scifact-train,653,Interleukin-18 plays an important role in the pathogenesis of atherosclerosis.,0,bm25,0.049733952866105484,0.040059956453126246,0.0,0.0,0.0,0.0,0.0015355919022113085,0.05737272999249399,0.28859395696781576
scifact-train,654,Intra-cerebroventricular infusion of amyloid-β oligomers increases expression of fibronectin type-III domain-containing protein 5 mRNA in mice hippocampi.,0,bm25,0.9995277376132511,0.040143971511575005,0.95,1.0,0.0,1.0,0.002773972926661372,0.05789230088703334,0.29368980089202523
scifact-train,655,Intra-cerebroventricular infusion of amyloid-β oligomers reduces expression of fibronectin type-III domain-containing protein 5 mRNA in mice hippocampi.,0,bm25,0.9995773504055404,0.26606341680939116,0.95,1.0,0.23809523809523808,1.0,0.0024796510115265846,0.059414638904854655,0.29334595892578363
scifact-train,657,Intramembrane cleavage by signal peptide peptidase aids in the degradation of proteins with a complex membrane orientation.,0,bm25,0.9996906749142713,0.9902961265049921,0.5371916329464423,1.0,1.0,0.5654648767857288,0.0018010190688073635,0.056499980157241225,0.2911207580473274
scifact-train,658,It is not proven that moderate consumption of candy and chocolate reduces the risk of cardiovascular disease (CVD) specifically.,0,bm25,0.9996448401009663,0.43580049388902586,0.95,1.0,0.41666666666666663,1.0,0.00208744197152555,0.058967721881344914,0.2938735450152308
scifact-train,661,JMJD6 catalyzes the hydroxylation of C-terminal lysine and supresses transcriptional activity.,0,bm25,0.9997493431104159,0.9906072538656799,0.95,1.0,1.0,1.0,0.0014489260502159595,0.05429491517134011,0.2890257779508829
scifact-train,662,JMJD6 slows the hydroxylation of C-terminal lysine,0,bm25,0.9999762874149263,0.9903992014328485,0.95,1.0,1.0,1.0,0.0001359840389341116,0.05505748791620135,0.28673389786854386
scifact-train,663,KLF4 is necessary for VSMCs to gain genetic characteristics of other cell types within atherosclerotic lesions.,0,bm25,0.999545405966927,0.9901261305464968,0.95,1.0,1.0,1.0,0.0026480078231543303,0.057515237014740705,0.29124973388388753
scifact-train,665,KRT17 modulates the expression of the transcriptional regulator AIRE in diseased epithelia.,0,bm25,0.9995796365909828,0.9901529560219097,0.95,1.0,1.0,1.0,0.002426248975098133,0.056835061870515347,0.288589458912611
scifact-train,666,Kir7.1 modulates channel activity by the G protein-coupled melanocortin-4 receptor (MC4R) in the paraventricular nucleus of the hypothalamus.,1,l6,0.5869071406880715,0.9902101227629396,0.95,0.5654648767857288,1.0,1.0,0.0016514910385012627,0.05683070118539035,0.29025236889719963
scifact-train,667,Klf2 is important for proper myeloid cell function.,1,l6,0.5867453664532747,0.9903583944201388,0.95,0.5654648767857288,1.0,1.0,0.0025799768045544624,0.05574050289578736,0.28906234772875905
scifact-train,668,Klf4 is important for proper myeloid cell differentiation.,1,l6,0.8158559371744591,0.990608811143456,0.7662449165635927,0.8065735963827292,1.0,0.8065735963827292,0.00223876116797328,0.05405075312592089,0.2877737523522228
scifact-train,669,Klf4 is not required for proper myeloid cell differentiation.,1,l6,0.9000674280219094,0.9908580641701883,0.8581224582817963,0.8951932397747531,1.0,0.9032867981913646,0.0021142279729247093,0.05278751580044627,0.28871082002297044
scifact-train,670,Knockout proximal tubule-specific deletion of the BMP receptor Alk3 causes epithelial damage.,0,bm25,0.9997832293436407,0.9897878426752333,0.95,1.0,1.0,1.0,0.0012401021085679531,0.058421734953299165,0.28604012401774526
scifact-train,671,Knockout proximal tubule-specific deletion of the BMP receptor Alk3 causes fibrosis.,0,bm25,0.9998136616180603,0.9902544857240552,0.95,1.0,1.0,1.0,0.001076641958206892,0.0563084720633924,0.28889430803246796
scifact-train,672,L3MBTL2 binds to H2AK119Ub marked chromatin to form a PRC1 complex.,0,bm25,0.9997896781513096,0.9897262274701492,0.95,1.0,1.0,1.0,0.0012270740699023008,0.05993994418531656,0.2917134091258049
scifact-train,673,LDL cholesterol has a causal role in the development of cardiovascular disease.,0,bm25,0.9996246294000488,0.989477637716749,0.95,1.0,1.0,1.0,0.0021926439367234707,0.06146404077298939,0.29206388792954385
scifact-train,676,LRBA prevents CTLA - 4 recycling.,0,bm25,0.04988961130294209,0.03941213079748584,0.0,0.0,0.0,0.0,0.0006357990205287933,0.060982302064076066,0.2879819390363991
scifact-train,677,LRBA promotes CTLA - 4 recycling.,0,bm25,0.04988010745446819,0.04029632045656071,0.0,0.0,0.0,0.0,0.0006922769825905561,0.056030455976724625,0.28870726679451764
scifact-train,679,LSD1-positive promoters are associated with RNA polymerase II,0,bm25,0.04973819529663623,0.040468893075218726,0.0,0.0,0.0,0.0,0.0015073418617248535,0.05487539479508996,0.287875244859606
scifact-train,680,Lack of FGF21 in mice increases life expectancy.,2,bge,0.44554755591350625,0.5768683014229045,0.95,0.41666666666666663,0.5654648767857288,1.0,0.0016588740982115269,0.059924633940681815,0.2902388332877308
scifact-train,681,Lack of FGF21 in mice leads to atherosclerotic plaque formation.,0,bm25,0.9997832521869755,0.9902236106912546,0.95,1.0,1.0,1.0,0.0012613518629223108,0.05689315474592149,0.2909722237382084
scifact-train,682,Lack of FGF21 in mice leads to reduced lifespan.,0,bm25,0.9997588454877728,0.9902950033471427,0.95,1.0,1.0,1.0,0.0013906301464885473,0.05596437235362828,0.2883276231586933
scifact-train,683,Lack of FGF21 in mice slows the rate of atherosclerotic plaque formation.,0,bm25,0.9997692585901818,0.9902896325784991,0.95,1.0,1.0,1.0,0.0013337619602680206,0.05612914776429534,0.28901660116389394
scifact-train,685,Lamins are associated with nuclear membrane structure maintenance.,0,bm25,0.999746400086628,0.5774346075422093,0.5371916329464423,1.0,0.5654648767857288,0.5654648767857288,0.0014626090414822102,0.05627254908904433,0.2883693890180439
scifact-train,686,Lamins are found within the inner layer of the mitochondrial membrane of all cells.,2,bge,0.25881001501090023,0.04059400412518091,0.27875508343640726,0.22023243839286438,0.0,0.2934264036172708,0.002377989934757352,0.054448110749945045,0.28943299292586744
scifact-train,687,Lamins are found within the inner layer of the nuclear membrane of all cells.,0,bm25,0.9995810982215035,0.5777249018442607,0.5371916329464423,1.0,0.5654648767857288,0.5654648767857288,0.0024351810570806265,0.055032481206580997,0.29066253500059247
scifact-train,688,Lamins have no effect on nuclear membrane structure maintenance.,0,bm25,0.9996059411263694,0.43627941021447186,0.27875508343640726,1.0,0.41666666666666663,0.2934264036172708,0.00229221791960299,0.05557462410070002,0.290847138967365
scifact-train,689,Less than 10% of patients exposed to radiation have activated markers of mesenchymal stem cells.,0,bm25,0.049292533377619144,0.03974497961524559,0.0,0.0,0.0,0.0,0.004099752986803651,0.05942760990001261,0.2897488628514111
scifact-train,694,Lice attenuated SIV vaccines induce a stronger antigen-specific T cell response in lymph node cells.,0,bm25,0.999478377347361,0.9900671432537473,0.95,1.0,1.0,1.0,0.003031178144738078,0.05772038106806576,0.29055277118459344
scifact-train,696,Lipopolysaccharides have an inflammation independent effect on kidney barrier function.,0,bm25,0.9996159830410478,0.5770818614539737,0.95,1.0,0.5654648767857288,1.0,0.002235362073406577,0.05884896288625896,0.2910499160643667
scifact-train,698,Lmna knock-in models are appropriate for testing therapeutic approaches against Hutchinson-Gilford progeria syndrome (HGPS).,0,bm25,0.9997271683919343,0.9901852066218276,0.95,1.0,1.0,1.0,0.0015771100297570229,0.05673466203734279,0.2890262680593878
scifact-train,703,Localization of PIN1 in the roots of Arabidopsis requires VPS9a,2,bge,0.3731603501880249,0.28908601899959974,0.5371916329464423,0.34033827903669656,0.26143692688734443,0.5654648767857288,0.0009279679507017136,0.05347748496569693,0.2881621418055147
scifact-train,704,Long - range chromatin interactions regulate transcription.,0,bm25,0.04968907014173551,0.04017973624146914,0.0,0.0,0.0,0.0,0.001794622978195548,0.05668053589761257,0.28858968196436763
scifact-train,705,Long chain polyunsaturated fatty acids supplementation has no significant effects on wheezing or asthma at 3 and 6 years.,0,bm25,0.9995685037832774,0.9898436029210734,0.95,1.0,1.0,1.0,0.0025370479561388493,0.059716088930144906,0.2939826420042664
scifact-train,709,Long chain polyunsaturated fatty acids supplementation is associated with lower rates of atopic eczema at 1 year.,0,bm25,0.9995786410959868,0.9900015588190701,0.95,1.0,1.0,1.0,0.0024746290873736143,0.0587205660995096,0.29364860500209033
scifact-train,710,Long chain polyunsaturated fatty acids supplementation reduces wheezing and asthma.,0,bm25,0.9998178468081391,0.990092990001363,0.95,1.0,1.0,1.0,0.0010629079770296812,0.05780980200506747,0.29176210588775575
scifact-train,713,Low expression of miR7a does not repress target genes or exert a biological function in ovaries.,2,bge,0.24527503691953878,0.36365145653895503,0.95,0.20607055338754615,0.34033827903669656,1.0,0.0028480389155447483,0.05597744486294687,0.289441438857466
scifact-train,714,Low expression of miR7a does not repress target genes or exert a biological function in testis.,2,bge,0.2587289133453474,0.3188463275096526,0.95,0.22023243839286438,0.2934264036172708,1.0,0.0028418090660125017,0.057244589086622,0.2888586090411991
scifact-train,717,Low nucleosome occupancy correlates with high methylation levels across species.,0,bm25,0.9996816471971726,0.5770368265554257,0.95,1.0,0.5654648767857288,1.0,0.0018498911522328854,0.05900776223279536,0.2905410500243306
scifact-train,724,Ly49Q directs the organization of neutrophil polarization by regulating membrane raft functions.,0,bm25,0.9996287893747922,0.9901098012132514,0.95,1.0,1.0,1.0,0.002152985893189907,0.05736220092512667,0.2899951869621873
scifact-train,726,Ly6C hi monocytes have a higher inflammatory capacity than Ly6C lo monocytes.,1,l6,0.5837912181508079,0.9038530748656598,0.8581224582817963,0.5620252600019189,0.9087647951769722,0.9032867981913646,0.0007682729046791792,0.05481459107249975,0.28930544992908835
scifact-train,730,Lysine histone demethylase inhibitor JIB 04 is inactive against KDM5A.,2,bge,0.44575093254273096,0.5777110122973733,0.95,0.41666666666666663,0.5654648767857288,1.0,0.0004769240040332079,0.054872477892786264,0.28939285688102245
scifact-train,732,M. stadtmanae does not induce ASC speck formation in BlaER1 monocytes.,1,l6,0.44567691728735087,0.9898151573520143,0.19576702571816884,0.41666666666666663,1.0,0.20607055338754615,0.0009081768803298473,0.05913484492339194,0.29030809295363724
scifact-train,733,M. stadtmanae induces ASC speck formation in BlaER1 monocytes.,1,l6,0.4456813860606439,0.9904627725448245,0.3233213650848617,0.41666666666666663,1.0,0.34033827903669656,0.000881686108186841,0.055340519174933434,0.29012896795757115
scifact-train,734,MEK inhibitors are effective treatments in RAS-driven mouse models of cancer.,0,bm25,0.9995754632591367,0.9900449949157532,0.95,1.0,1.0,1.0,0.0024438260588794947,0.0573055250570178,0.28782268101349473
scifact-train,736,MFGE8 regulates fat absorption by binding to av-Beta3 and av-Beta5 integrins.,0,bm25,0.9998102164745982,0.9902158618538922,0.95,1.0,1.0,1.0,0.0010979061480611563,0.05660167499445379,0.2892522271722555
scifact-train,737,MICAL redox enzymes regulate actin dynamics in many cell types.,0,bm25,0.6164145714144681,0.5585296570731625,0.5183367222909381,0.5967132018086354,0.5456176024115138,0.5456176024115138,0.002652680967003107,0.05619154195301235,0.2864850019104779
scifact-train,738,MICAL redox enzymes regulate actin dynamics.,0,bm25,0.539417251548693,0.5147403868565276,0.4741398972965461,0.5153606369886217,0.4990946287332064,0.4990946287332064,0.001003751065582037,0.053804251132532954,0.28620773111470044
scifact-train,739,MT binding domain drives amyloid structure formation.,0,bm25,0.049792296280887355,0.04019572843096811,0.0,0.0,0.0,0.0,0.0012025318574160337,0.05676330183632672,0.2894825048279017
scifact-train,740,MUC1-C activates the NF-κB p65 signaling pathway by interacting with IκB kinase ß.,0,bm25,0.999655930836045,0.9899364705726676,0.95,1.0,1.0,1.0,0.0020034019835293293,0.0585966338403523,0.2911336140241474
scifact-train,745,MafA phosphorylation decreases its ubiquitination.,0,bm25,0.9998918224049679,0.9904978190909673,0.95,1.0,1.0,1.0,0.0006271540187299252,0.05508840293623507,0.2898724169936031
scifact-train,746,MafA phosphorylation enhances its ubiquitination.,0,bm25,0.9999050667165073,0.9903656127702858,0.95,1.0,1.0,1.0,0.0005477119702845812,0.05558502790518105,0.288472045911476
scifact-train,747,MafA ubiquitination decreases the recruitment of coavtivator P/CAF by MafA.,0,bm25,0.9998917573338619,0.9903125763143447,0.95,1.0,1.0,1.0,0.0006306241266429424,0.05643914104439318,0.29130108724348247
scifact-train,748,MafA ubiquitination increases the recruitment of coavtivator P/CAF by MafA.,0,bm25,0.9997972341562684,0.9904947925338574,0.95,1.0,1.0,1.0,0.0011677721049636602,0.054742534179240465,0.2879607540089637
scifact-train,749,Major antigen-induced signals from the T cell receptor and secondary signals from costimulatory receptors are required for T cell activation.,0,bm25,0.04931436392880789,0.04034407401651501,0.0,0.0,0.0,0.0,0.004010447068139911,0.05647978815250099,0.2924617910757661
scifact-train,751,Major vault protein (MVP) leads to more aggressive tumors by regulating the sorting of tumor suppressive miR-193a into extracellular vesicles (EVs).,0,bm25,0.9995679571567604,0.990209241251006,0.95,1.0,1.0,1.0,0.0025278041139245033,0.057283949106931686,0.2925409080926329
scifact-train,752,Major vault protein regulates sorting of tumor suppressive miR-193a into EVs.,0,bm25,0.9996267232629255,0.990261393874783,0.95,1.0,1.0,1.0,0.0021582909394055605,0.056308747036382556,0.28910064906813204
scifact-train,753,Malaria has a high vectorial capacity.,0,bm25,0.049849199446310916,0.040098985045045034,0.0,0.0,0.0,0.0,0.0008708620443940163,0.05717762908898294,0.2887463020160794
scifact-train,755,Many cytokines that are produced by cancer cells also contribute to carcinogenesis.,0,bm25,0.04946792491448948,0.040010413343913954,0.0,0.0,0.0,0.0,0.0030924449674785137,0.05805993895046413,0.29060230893082917
scifact-train,757,Many transmembrane receptors transmit signals by long-range conformational changes in the association of alpha-helices across the plasma membrane.,2,bge,0.5867426411061591,0.3624472798969858,0.95,0.5654648767857288,0.34033827903669656,1.0,0.002575542079284787,0.06237677717581391,0.28681390709243715
scifact-train,758,Marmosets have a brain region homologous to Broca's area.,0,bm25,0.4457002129084875,0.36344746713444426,0.39583333333333326,0.41666666666666663,0.34033827903669656,0.41666666666666663,0.0007655350491404533,0.05678178207017481,0.28753478289581835
scifact-train,760,Mathematical models predict that using Artemisinin-based combination therapy over nongametocytocidal drugs have only a modest impact in reducing malaria transmission.,0,bm25,0.9995086287857691,0.9900426651075096,0.95,1.0,1.0,1.0,0.0028912341222167015,0.05858907802030444,0.2942006001248956
scifact-train,761,MeCP2 influences the synaptic maturation of neurons.,0,bm25,0.04989238965294472,0.04060272488878815,0.0,0.0,0.0,0.0,0.0006189639680087566,0.05405218782834709,0.2875950059387833
scifact-train,762,Measuring routine outcomes is more beneficial to clinical practice than assessing treatment adherence.,2,bge,0.2344979935924247,0.36349936067565647,0.95,0.19453241315894393,0.34033827903669656,1.0,0.0018303729593753815,0.05840804101899266,0.2973325941711664
scifact-train,764,Medications to treat obesity are highly effective.,0,bm25,0.04969749232130733,0.04010270819859882,0.0,0.0,0.0,0.0,0.0017751147970557213,0.05807729973457754,0.2933999567758292
scifact-train,765,Medications to treat obesity do not have side effects.,1,l6,0.049775828936406426,0.990338331656438,0.95,0.0,1.0,1.0,0.0013236610684543848,0.05704917502589524,0.2952345961239189
scifact-train,766,Medications to treat obesity have unwanted side effects.,1,l6,0.04977163604386249,0.9897433593510145,0.95,0.0,1.0,1.0,0.0013305800966918468,0.05976110300980508,0.29132883297279477
scifact-train,767,Men are more susceptible to death due to pneumonia when compared to women.,0,bm25,0.9997801609178927,0.9900078292561206,0.95,1.0,1.0,1.0,0.001291095046326518,0.05868311505764723,0.2936454778537154
scifact-train,771,Metastatic colorectal cancer treated with a single agent fluoropyrimidines resulted in similar efficacy and better quality of life when compared with oxaliplatin-based chemotherapy in elderly patients.,0,bm25,0.9994209615012192,0.5766006814254094,0.95,1.0,0.5654648767857288,1.0,0.0034040750470012426,0.062262516003102064,0.29394203098490834
scifact-train,772,Mice are incapable of producing neutralizing antibodies in reponse to the Chikungunya virus (CHIKV) produced in mosquitos.,0,bm25,0.9998135380700243,0.9905492936735624,0.95,1.0,1.0,1.0,0.0010843889322131872,0.05496157496236265,0.2907802499830723
scifact-train,774,Mice defective for deoxyribonucleic acid (DNA) polymerase I (polI) fail to reveal increased sensitivity to ionizing radiation (IR).,0,bm25,0.04956830719353278,0.04018514836644067,0.0,0.0,0.0,0.0,0.0025198550429195166,0.05729074706323445,0.29185742791742086
scifact-train,776,Mice defective for deoxyribonucleic acid (DNA) polymerase m (polm) fail to reveal increased sensitivity to ionizing radiation (IR).,0,bm25,0.04957312713445436,0.0400243481172899,0.0,0.0,0.0,0.0,0.002489331876859069,0.05817354586906731,0.29157766606658697
scifact-train,777,Mice defective for deoxyribonucleic acid (DNA) polymerase m (polm) reveal increased sensitivity to ionizing radiation (IR).,0,bm25,0.049585894820182067,0.04042885267287713,0.0,0.0,0.0,0.0,0.00241162721067667,0.055739557137712836,0.29118534713052213
scifact-train,778,Mice lacking Sirt1 in Sf1-expressing neurons are immune to diet-induced obesity and insulin resistance.,0,bm25,0.9997679517709288,0.9901852463905283,0.95,1.0,1.0,1.0,0.001353836851194501,0.057262126822024584,0.29171454068273306
scifact-train,779,Mice lacking Sirt1 in Sf1-expressing neurons have increased susceptibility to diet-induced obesity and insulin resistance.,0,bm25,0.9996735803968717,0.9903203975754514,0.95,1.0,1.0,1.0,0.0018971259705722332,0.05625711497850716,0.2905962069053203
scifact-train,780,Mice that lack Interferon-γ or its receptor are highly susceptible to experimental autoimmune myocarditis.,1,l6,0.961562711695883,0.990524621088232,0.95,0.9598603945740938,1.0,1.0,0.0017586941830813885,0.05469743814319372,0.2886292920447886
scifact-train,782,Mice without IFN-γ or its receptor are highly susceptible to EAM induced with α-MyHC/CFA.,0,bm25,0.99963751743772,0.9902143217232633,0.95,1.0,1.0,1.0,0.0021061389707028866,0.05685790302231908,0.29051590198650956
scifact-train,787,Microcin J25 encourages nucleoside triphosphate (NTP) binding.,0,bm25,0.9999268222695209,0.9903553391327182,0.95,1.0,1.0,1.0,0.00042079295963048935,0.05545956897549331,0.2875143550336361
scifact-train,788,Microcin J25 inhibits nucleoside triphosphate (NTP) binding.,0,bm25,0.9998629546034288,0.9901146531539955,0.95,1.0,1.0,1.0,0.0007914728485047817,0.05709045194089413,0.2887630187906325
scifact-train,789,Microglia are an innate immune cell type of the central nervous system.,0,bm25,0.4453962689934903,0.43661122201901614,0.27875508343640726,0.41666666666666663,0.41666666666666663,0.2934264036172708,0.002514149993658066,0.05304887401871383,0.28761783614754677
scifact-train,790,Microglia are an innate immune cell type of the peripheral nervous system.,1,l6,0.32809358749692885,0.3634040130079084,0.2483650805429772,0.2934264036172708,0.34033827903669656,0.26143692688734443,0.0038144029676914215,0.057186711113899946,0.28831643098965287
scifact-train,791,Migraine with aura is associated with ischemic stroke.,2,bge,0.5869712204972729,0.4359141163856338,0.95,0.5654648767857288,0.41666666666666663,1.0,0.0012857529800385237,0.057862715097144246,0.29166977293789387
scifact-train,792,Misunderstandings between doctors and patients can lead to non-adherence.,0,bm25,0.9997735045208479,0.9898169069619415,0.95,1.0,1.0,1.0,0.0013191788457334042,0.059309443924576044,0.29121527075767517
scifact-train,795,Mitochondria play a major role in apoptosis.,1,l6,0.32845541705081155,0.9902570936431432,0.95,0.2934264036172708,1.0,1.0,0.001713902223855257,0.05572326318360865,0.28596838121302426
scifact-train,797,Mitochondria play a major role in energy production.,0,bm25,0.04971654553002961,0.040772454493901926,0.0,0.0,0.0,0.0,0.0016358899883925915,0.05325458198785782,0.28856309596449137
scifact-train,798,Mitochondria play a trivial role in calcium homeostasis.,2,bge,0.3731177178839463,0.5774846963732718,0.95,0.34033827903669656,0.5654648767857288,1.0,0.001171973068267107,0.05586263001896441,0.2877459309529513
scifact-train,799,Moderate consumption of candy and chocolate reduces the risk of cardiovascular disease (CVD).,0,bm25,0.9996836496134464,0.31849918400423505,0.95,1.0,0.2934264036172708,1.0,0.0018597410526126623,0.0602917461656034,0.29393690219148993
scifact-train,801,Monoclonal antibody targeting of N-cadherin encourages castration resistance.,0,bm25,0.9998235060468532,0.9900910225408645,0.95,1.0,1.0,1.0,0.0010195141658186913,0.05723903118632734,0.2888241063337773
scifact-train,802,Monoclonal antibody targeting of N-cadherin encourages metastasis.,0,bm25,0.9998622233105366,0.990638296457899,0.95,1.0,1.0,1.0,0.00079686613753438,0.05414576712064445,0.28918757615610957
scifact-train,803,Monoclonal antibody targeting of N-cadherin inhibits castration resistance.,0,bm25,0.9997922462505701,0.9903602000377064,0.95,1.0,1.0,1.0,0.001210181973874569,0.0561525949742645,0.2912539429962635
scifact-train,804,Monoclonal antibody targeting of N-cadherin inhibits growth.,0,bm25,0.9997721663129356,0.9903227679678044,0.95,1.0,1.0,1.0,0.0013151220045983791,0.0558597850613296,0.28861447609961033
scifact-train,807,Most termination events in Okazaki fragments are dictated by initiation patterns.,0,bm25,0.9998226689662145,0.9902071928416905,0.95,1.0,1.0,1.0,0.0010323249734938145,0.05700840498320758,0.29107284592464566
scifact-train,810,"Mouse models can be generated using ""artificial spermatids.""",0,bm25,0.04958121650963442,0.04065361458473903,0.0,0.0,0.0,0.0,0.002413124078884721,0.053855961887165904,0.28811117610894144
scifact-train,812,Mutant mice lacking SVCT2 have severely reduced ascorbic acid levels in both brain and adrenals.,0,bm25,0.999571162384318,0.9900758542814272,0.95,1.0,1.0,1.0,0.0024726830888539553,0.05722274910658598,0.28830062923952937
scifact-train,813,"Mutations in G-Beta protein GNB1 are present in many cancers, resulting in loss of interaction with G-alpha subunits and concomitant activation of AKT pathway.",0,bm25,0.9992810270233242,0.9896093465392675,0.95,1.0,1.0,1.0,0.004225155804306269,0.06106228078715503,0.2938327267765999
scifact-train,815,Mutations in RIM1 decrease levels of IME1 RNA.,0,bm25,0.9997593411182252,0.989475709800042,0.95,1.0,1.0,1.0,0.001392577076330781,0.06089900014922023,0.28932592598721385
scifact-train,816,Mutations in RIM1 raise levels of IME1 RNA.,0,bm25,0.9997935990569694,0.9902915538501809,0.95,1.0,1.0,1.0,0.0011982780415564775,0.056363201001659036,0.29027920705266297
scifact-train,817,Myelin sheaths are lipid-rich cellular structures.,0,bm25,0.37319061770060613,0.2664625401205033,0.0,0.34033827903669656,0.23809523809523808,0.0,0.0007488951086997986,0.05571969016455114,0.2863900922238827
scifact-train,818,Myelin sheaths play a role in action potential propagation.,0,bm25,0.3284872191896876,0.040581923408669826,0.0,0.2934264036172708,0.0,0.0,0.0015376959927380085,0.05406521703116596,0.28702897299081087
scifact-train,822,N348I mutations cause resistance to nevirapine.,0,bm25,0.587036354279695,0.5774376833958715,0.5371916329464423,0.5654648767857288,0.5654648767857288,0.5654648767857288,0.0008973050862550735,0.05636491300538182,0.28893379401415586
scifact-train,825,N348I mutations reduce resistance to nevirapine.,0,bm25,0.9998276199876125,0.5774599117256372,0.5371916329464423,1.0,0.5654648767857288,0.5654648767857288,0.0009972129482775927,0.05629770108498633,0.2892484269104898
scifact-train,826,NAC destabilizes NO to increase the effect of contrast agents on renal functions.,0,bm25,0.4453766278266843,0.4357856989195988,0.39583333333333326,0.41666666666666663,0.41666666666666663,0.41666666666666663,0.0026877729687839746,0.05913167190738022,0.29425668506883085
scifact-train,828,NAC inhibits the generation of angiotensin-converting enzyme.,0,bm25,0.049837977891575035,0.04019034047032419,0.0,0.0,0.0,0.0,0.0009392660576850176,0.05686804302968085,0.2898573740385473
scifact-train,835,NR5A2 does not play a role in development of endometrial tissues.,0,bm25,0.9996784144476238,0.5773986721757296,0.95,1.0,0.5654648767857288,1.0,0.001867637038230896,0.05687350104562938,0.2903795000165701
scifact-train,838,NR5A2 is important in reverse cholesterol transport in humans.,2,bge,0.3730541468980832,0.4362526256726951,0.95,0.34033827903669656,0.41666666666666663,1.0,0.0015471349470317364,0.05547020514495671,0.2894890811294317
scifact-train,840,Natriuretic peptides increase susceptibility to diabetes.,1,l6,0.44560863552808144,0.9901560484559379,0.95,0.41666666666666663,1.0,1.0,0.0013039519544690847,0.05712579097598791,0.29015680705197155
scifact-train,841,Natriuretic peptides protect against diabetes.,1,l6,0.5871053304169138,0.9901198222290426,0.95,0.5654648767857288,1.0,1.0,0.0004946768749505281,0.056632122956216335,0.2865946558304131
scifact-train,844,Neutrophil extracellular trap (NET) antigens may contain the targeted autoantigens PR3 and MPO.,0,bm25,0.9997019026473972,0.9902992990920539,0.95,1.0,1.0,1.0,0.0017275610007345676,0.056218387791886926,0.28976456611417234
scifact-train,846,Neutrophils produce IL-1β in response to large particles.,0,bm25,0.9997685755078937,0.9902847863649039,0.95,1.0,1.0,1.0,0.0013275600504130125,0.05573104810900986,0.2868235851638019
scifact-train,848,Nigerian physicians constitue the largest component of sub-Saharan Africa-trained physicians in the United States.,0,bm25,0.9998763362099475,0.9905707729382475,0.95,1.0,1.0,1.0,0.0007187679875642061,0.05480526317842305,0.2906137630343437
scifact-train,853,Nonhuman primates are incapable of producing neutralizing antibodies in reponse to the Eilat virus (EILV) produced in mosquitos.,0,bm25,0.9998749669591327,0.9904786876497329,0.95,1.0,1.0,1.0,0.0007232248317450285,0.05507383868098259,0.289213485782966
scifact-train,854,Nonhypertensive people who are 55 years old have a 90% chance of developing hypertension during their lifetime.,0,bm25,0.9997603638279958,0.9889456462155071,0.95,1.0,1.0,1.0,0.00142473797313869,0.0657227891497314,0.2972710591275245
scifact-train,855,Noninvasive positive pressure ventilation is not predictive of acute respiratory failure after solid organ transplantation.,0,bm25,0.9997823771878921,0.9889720041663669,0.95,1.0,1.0,1.0,0.0012804509606212378,0.06488661607727408,0.2941904270555824
scifact-train,856,Nonsteroidal antinflammatory drugs are ineffective as cancer treatments.,1,l6,0.049794301189451586,0.5762490008562466,0.5371916329464423,0.0,0.5654648767857288,0.5654648767857288,0.0012095149140805006,0.06434299098327756,0.2940014360938221
scifact-train,857,Nonsteroidal antinflammatory drugs show potential anticancer indications.,2,bge,0.04964661872551404,0.43636620875766874,0.5371916329464423,0.0,0.41666666666666663,0.5654648767857288,0.002065284177660942,0.05532919825054705,0.29221754614263773
scifact-train,858,Normal expression of RUNX1 causes tumorsupressing effects.,2,bge,0.3729285471247076,0.5773404916662278,0.95,0.34033827903669656,0.5654648767857288,1.0,0.0022682170383632183,0.05688264989294112,0.2887109639123082
scifact-train,860,Normal granulomas form in the absence of TNF in Zebrafish.,0,bm25,0.9998417335094427,0.990366753977273,0.95,1.0,1.0,1.0,0.0009072439279407263,0.05522144283168018,0.2866190830245614
scifact-train,861,Normal granulomas form in the presence of TNF in Zebrafish.,0,bm25,0.9998316851397909,0.9901916366708944,0.95,1.0,1.0,1.0,0.0009794749785214663,0.05707782693207264,0.2909650928340852
scifact-train,863,Notch signaling occurs between tumor cells and stromal cells.,1,l6,0.9613880248621843,0.9900131828871497,0.95,0.9598603945740938,1.0,1.0,0.002763798926025629,0.057581214932724833,0.2882861190009862
scifact-train,866,Nuclear transfer from adult human fibroblasts to human oocytes can give rise to blastocysts containing expandable pluripotent cells.,1,l6,0.3282415056473631,0.577449728571046,0.39583333333333326,0.2934264036172708,0.5654648767857288,0.41666666666666663,0.002996420953422785,0.05683821812272072,0.29172026296146214
scifact-train,867,Oat tolerant coeliac patients may have oat specific inflammatory cells in their small bowel mucosa.,0,bm25,0.9994645602591844,0.9900532060570285,0.95,1.0,1.0,1.0,0.0031447720248252153,0.05842001806013286,0.29366255295462906
scifact-train,871,Obesity decreases life quality.,0,bm25,0.04986731656186824,0.040132232520614035,0.0,0.0,0.0,0.0,0.0007718850392848253,0.05740567320026457,0.29087467514909804
scifact-train,876,Obesity raises life quality.,0,bm25,0.049914519239344673,0.04022360583673727,0.0,0.0,0.0,0.0,0.0004993590991944075,0.057111463975161314,0.29208859126083553
scifact-train,877,Occipital activation levels are associated with auditory spatial performance in parietal regions of the brain.,1,l6,0.5867142247946133,0.9901957778691378,0.95,0.5654648767857288,1.0,1.0,0.0028034502174705267,0.0575726421084255,0.29361147340387106
scifact-train,881,Omnivores produce less trimethylamine N-oxide from dietary I-carnitine than vegans.,0,bm25,0.9998922837291441,0.9902453249396532,0.95,1.0,1.0,1.0,0.0006293829064816236,0.05699627078138292,0.2921484848484397
scifact-train,883,Omnivores produce more trimethylamine N-oxide from dietary I-carnitine than vegans.,0,bm25,0.9999328160672011,0.9903051885708616,0.95,1.0,1.0,1.0,0.00039340415969491005,0.05676921526901424,0.2927814309950918
scifact-train,884,Omnivores produce more trimethylamine N-oxide from dietary I-carnitine than vegetarians.,0,bm25,0.9999323841753973,0.9900626456397369,0.95,1.0,1.0,1.0,0.0003957620356231928,0.058164307149127126,0.2926548910327256
scifact-train,885,One in five surgical randomized controlled trials are discontinued early.,0,bm25,0.9997061616056696,0.989920516290283,0.95,1.0,1.0,1.0,0.001748155103996396,0.05996663891710341,0.2974688021931797
scifact-train,886,One in two surgical randomized controlled trials are discontinued early.,0,bm25,0.9996576715483054,0.989549916680084,0.95,1.0,1.0,1.0,0.002035935875028372,0.06214995984919369,0.2973658579867333
scifact-train,890,Origin gross domestic product(GDP) is negatively related to dengue virus (DENV-1) diffusion in air traffic shipments.,1,l6,0.23457626986866162,0.3187513434302219,0.22619047619047616,0.19453241315894393,0.2934264036172708,0.23809523809523808,0.0013411249965429306,0.05845291004516184,0.2921552839688957
scifact-train,891,Origin gross domestic product(GDP) is positively related to dengue virus (DENV-1) diffusion in air traffic shipments.,1,l6,0.24552571194279701,0.3191087842442345,0.22619047619047616,0.20607055338754615,0.2934264036172708,0.23809523809523808,0.001408715033903718,0.056312105152755976,0.29188450425863266
scifact-train,893,Osteocytes have an essential role in G-CSF induced HSPC mobilization.,0,bm25,0.9997425667714975,0.9902461636177311,0.95,1.0,1.0,1.0,0.001486683962866664,0.0563286729156971,0.28875137283466756
scifact-train,894,"Osteoparthritis (OA) is characterized by degeneration of articular cartilage, joint edge, and subchondral bone hyperplasia.",1,l6,0.04990080902287735,0.31910964213962406,0.20922081647322116,0.0,0.2934264036172708,0.22023243839286438,0.0005837369244545698,0.05676322989165783,0.2942490039858967
scifact-train,895,Over half of the gabonese children with Schimmelpenning-Feuerstein-Mims syndrome (SFM) had a plasma lactate of more than 5mmol/L.,0,bm25,0.9999070365550589,0.990114979811257,0.95,1.0,1.0,1.0,0.0005459198728203773,0.05804893490858376,0.29362072004005313
scifact-train,896,Overexpressing Cnp1 N-tail variants exacerbates the temperature-sensitive growth defect of scm3-139.,0,bm25,0.999858226068415,0.36353098511233845,0.5371916329464423,1.0,0.34033827903669656,0.5654648767857288,0.0008325129747390747,0.05749024706892669,0.2936058009508997
scifact-train,897,Overexpressing Cnp1 N-tail variants rescues the temperature-sensitive growth defect of scm3-139.,0,bm25,0.9998372774774542,0.3637257835046285,0.3233213650848617,1.0,0.34033827903669656,0.34033827903669656,0.0009449759963899851,0.05572427297011018,0.2903642291203141
scifact-train,898,Oxidative DNA damage activates STING signalling.,1,l6,0.19009539728003982,0.8063751454476379,0.7662449165635927,0.14784340394533962,0.8065735963827292,0.8065735963827292,0.002082495018839836,0.05776178394444287,0.2926196730695665
scifact-train,899,Oxidative DNA damage inhibits STING signalling.,1,l6,0.2146896528411941,0.8064473688800717,0.7662449165635927,0.1736197702228145,0.8065735963827292,0.8065735963827292,0.001431504962965846,0.056297120871022344,0.28730210196226835
scifact-train,900,Oxidative phosphorylation is one of the primary glycometabolic pathways in cells.,0,bm25,0.049528019890132065,0.04031735771764175,0.0,0.0,0.0,0.0,0.0027479911223053932,0.056374865118414164,0.29111302201636136
scifact-train,901,PCSK9 inhibitors decrease plasma Lp(a) levels.,0,bm25,0.9997688599077643,0.9901572109657701,0.95,1.0,1.0,1.0,0.0013528040144592524,0.05760733410716057,0.29263724898919463
scifact-train,902,PD-1 triggering on monocytes enhances IL-10 production by monocytes.,0,bm25,0.999847622812357,0.990605722104452,0.95,1.0,1.0,1.0,0.0008773920126259327,0.05409250897355378,0.28790136706084013
scifact-train,908,PGE 2 suppresss intestinal tumor growth by altering the expression of tumor suppressing and DNA repair genes.,0,bm25,0.9994725597391662,0.9902765610582736,0.95,1.0,1.0,1.0,0.0030597089789807796,0.05640618596225977,0.290052656782791
scifact-train,909,PKG-la does not have a large impact on expression of pain hypersensitivity in PGK-la knockout mice.,0,bm25,0.9996949771727015,0.9902932071976172,0.95,1.0,1.0,1.0,0.001784033142030239,0.05677358713001013,0.292442562058568
scifact-train,910,PKG-la does not have a large impact on expression of spinal long term potentiation in PGK-la knockout mice.,0,bm25,0.9995962667838337,0.9898133949226798,0.95,1.0,1.0,1.0,0.002344513079151511,0.05915448092855513,0.29035424697212875
scifact-train,912,PKG-la plays an essential role in expression of spinal long term potentiation in PGK-la knockout mice.,0,bm25,0.9995383836658509,0.989986667430577,0.95,1.0,1.0,1.0,0.0027064108289778233,0.058707176707684994,0.29314504587091506
scifact-train,916,PRC1-bound plasmids sediment at a slower rate in unbound plasmids than in sucrose gradients.,0,bm25,0.04990839711207647,0.0405020792544816,0.0,0.0,0.0,0.0,0.0005281129851937294,0.05475782905705273,0.2882621919270605
scifact-train,917,PTEN is a regulator for the transcriptional activity of SRF,0,bm25,0.999681621370961,0.9902763342854775,0.95,1.0,1.0,1.0,0.0018403020221740007,0.0562050340231508,0.2890115501359105
scifact-train,919,Participants who quit smoking reduce lung cancer risk by approximately 50%.,0,bm25,0.9996918217820089,0.98821364955665,0.95,1.0,1.0,1.0,0.0018055099062621593,0.06905216281302273,0.29293275787495077
scifact-train,923,Patients in stable partnerships have a slower progression from HIV to AIDS.,0,bm25,0.9997919181740416,0.9902264537743061,0.95,1.0,1.0,1.0,0.0011974689550697803,0.05624478799290955,0.2877399190329015
scifact-train,925,Patients in stable partnerships progress from HIV to death at the same rate as patients not in partnerships.,0,bm25,0.9997042045100515,0.98982379109593,0.95,1.0,1.0,1.0,0.001716448925435543,0.05905074090696871,0.29014115897007287
scifact-train,926,Patients with common epithelial cancers  are more likely to have an emergency event as their first hospital admission if they live in resource-deprived areas.,0,bm25,0.9995757865387017,0.9892417681300135,0.95,1.0,1.0,1.0,0.0024862871505320072,0.06305328826420009,0.29304670612327754
scifact-train,927,Patients with common epithelial cancers are less likely to have an emergency event as their first hospital admission if they live in resource-deprived areas.,0,bm25,0.999567686060596,0.9893679821627869,0.95,1.0,1.0,1.0,0.002544491086155176,0.06257738219574094,0.2942874210420996
scifact-train,928,Patients with microcytosis and higher erythrocyte count are more vulnerable to severe malarial anaemia when infected with Plasmodium falciparum.,0,bm25,0.9997043748322031,0.9898412156984832,0.95,1.0,1.0,1.0,0.0017354050651192665,0.059634996112436056,0.2935144321527332
scifact-train,929,Patients with microcytosis and higher erythrocyte count were more resistant to severe malarial anaemia when infected with Plasmodium falciparum.,0,bm25,0.9996965452056054,0.9899045760509105,0.95,1.0,1.0,1.0,0.0017730758991092443,0.05898721399717033,0.2921482757665217
scifact-train,930,Patients with panic anxiety show decreased CSF levels of hypocretin.,0,bm25,0.9995906579335352,0.9898077763889259,0.95,1.0,1.0,1.0,0.0024200729094445705,0.06025748699903488,0.29560520499944687
scifact-train,933,Pediatric SCD patients with vaso-occlusive crisis show increased morphine use after breathing 80 ppm iNO for 4 hours.,0,bm25,0.999432261259228,0.9897214236723567,0.95,1.0,1.0,1.0,0.0033456271048635244,0.06057061301544309,0.29464495414867997
scifact-train,934,Perigenital skin is not the primary site of HIV acquisition.,0,bm25,0.9998562971091288,0.9904449701936611,0.95,1.0,1.0,1.0,0.0008340210188180208,0.055455361027270555,0.2901893670205027
scifact-train,935,Peroxynitrite is required for induction of T cell tolerance.,0,bm25,0.9996191889215776,0.9905424101208599,0.95,1.0,1.0,1.0,0.0021778689697384834,0.05408821511082351,0.28595136711373925
scifact-train,938,Persister cells provide relapse resistance in cancer patients.,0,bm25,0.04948325870300823,0.039972107887278945,0.0,0.0,0.0,0.0,0.003010344924405217,0.05841881479136646,0.2912816279567778
scifact-train,939,Persistor cells are one reason for incomplete responses to Tyrosine kinase inhibitor (TKI) therapy in cancer patients.,0,bm25,0.049420401915064506,0.03939247341549225,0.0,0.0,0.0,0.0,0.003381763119250536,0.06189140910282731,0.2917334621306509
scifact-train,940,Pharmacist attendance at ward rounds increases adverse events in wards.,0,bm25,0.9997668502551219,0.9898951170430741,0.95,1.0,1.0,1.0,0.00138485012575984,0.0600204321090132,0.29698727023787796
scifact-train,941,Pharmacist attendance at ward rounds reduces adverse events in wards.,0,bm25,0.9998426024427169,0.9900769444147702,0.95,1.0,1.0,1.0,0.000931435963138938,0.05872194585390389,0.29588640993461013
scifact-train,942,Phase information is useful for predicting donor-recipient matches in organ transplantation.,0,bm25,0.5868132852952299,0.43579881277595167,0.20922081647322116,0.5654648767857288,0.41666666666666663,0.22023243839286438,0.002190323080867529,0.05809165700338781,0.2894590562209487
scifact-train,944,Physical activity does not improve cognitive function in individuals with Alzheimers.,0,bm25,0.999575903959817,0.9899935542084428,0.95,1.0,1.0,1.0,0.0024741431698203087,0.05837682308629155,0.2916960942093283
scifact-train,945,Physical activity level has no association with the difference in maximal oxygen consumption between black and white youth.,1,l6,0.15061843569548838,0.46604931441920516,0.41630380923392946,0.10642257067446764,0.44866100348426763,0.43821453603571525,0.0028566729743033648,0.06020011310465634,0.2957178938668221
scifact-train,946,Physical activity level is associated with the difference in maximal oxygen consumption between black and white youth.,1,l6,0.15060501572853927,0.4602393318566166,0.42054531991946514,0.10642257067446764,0.4426792841257528,0.4426792841257528,0.0028943719808012247,0.060088186990469694,0.2915207480546087
scifact-train,949,Physical injury represses transgultaminase activity.,0,bm25,0.049760144355386025,0.04001129326710988,0.0,0.0,0.0,0.0,0.0013857348822057247,0.05770845781080425,0.28886851598508656
scifact-train,951,Piezo1 channels are sensors for cell migration in epithelial cells.,0,bm25,0.9996274324176653,0.9891892243041134,0.95,1.0,1.0,1.0,0.0021732819732278585,0.06306201894767582,0.2916627849917859
scifact-train,952,Pioglitazone use is not associated with an increased risk of prostate cancer.,0,bm25,0.9994708044426139,0.9893268815070144,0.95,1.0,1.0,1.0,0.0031029991805553436,0.0625830611679703,0.29318076628260314
scifact-train,953,Pioglitazone use is significantly associated with an increased risk of pancreatic cancer.,0,bm25,0.99941267490432,0.9897940467427173,0.95,1.0,1.0,1.0,0.0034711919724941254,0.06031893286854029,0.2955085691064596
scifact-train,954,Pioglitazone use is significantly associated with an increased risk of prostate cancer.,0,bm25,0.9994156956808637,0.989483127686092,0.95,1.0,1.0,1.0,0.0034690131433308125,0.062438642140477896,0.29684986313804984
scifact-train,955,Pioneer factor OCT3/4 interacts with major chromatin remodeling factors.,0,bm25,0.049677328393541026,0.04110015709577711,0.0,0.0,0.0,0.0,0.0018385830335319042,0.05071131093427539,0.2849000340793282
scifact-train,959,Polymeal nutrition increases cardiovascular mortality.,0,bm25,0.9997890216096351,0.9899788054043782,0.95,1.0,1.0,1.0,0.001231196103617549,0.05848018708638847,0.29178251419216394
scifact-train,962,Post-transcriptional handling of mitochondrial transcripts occurs in mitochondrial RNA granules.,0,bm25,0.9843517834715656,0.9351580843850557,0.5603722487517886,0.9837339917445846,0.9427299407857437,0.5898655250018827,0.0011242409236729145,0.060006838059052825,0.2875168740283698
scifact-train,963,Pre-mRNAs associated with spliceosomal components are less stable than unassociated splicing substrates.,1,l6,0.20099536020331177,0.43191793082841595,0.35685127178739634,0.1592132018086354,0.4122413132478153,0.37563291767094353,0.0014812271110713482,0.05593195790424943,0.2879730900749564
scifact-train,964,Pre-mRNAs associated with spliceosomal components are more stable than unassociated splicing substrates.,1,l6,0.20102857743642555,0.5492864948799208,0.35685127178739634,0.1592132018086354,0.5357142520070549,0.37563291767094353,0.001292223110795021,0.05563241010531783,0.2884886600077152
scifact-train,965,Prescribed exercise training improves quality of life.,0,bm25,0.587065065516851,0.4358567997335389,0.39583333333333326,0.5654648767857288,0.41666666666666663,0.41666666666666663,0.0007455078884959221,0.05876381089910865,0.2945101638324559
scifact-train,969,PrimPol degrades short DNA replication intermediates on the leading strand during DNA replication.,2,bge,0.47103344881384973,0.43328196737281105,0.5668775417182036,0.4434264036172708,0.4122413132478153,0.5967132018086354,0.0012783531565219164,0.048145781038329005,0.2883920259773731
scifact-train,970,PrimPol generates short DNA replication intermediates on the leading strand during DNA replication.,2,bge,0.35370730019980995,0.43248436682568947,0.5668775417182036,0.3199534648580312,0.4122413132478153,0.5967132018086354,0.0014300020411610603,0.05262635787948966,0.28773670899681747
scifact-train,972,Primary cervical cancer screening with HPV detection has lower longitudinal sensitivity than conventional cytology to detect cervical intraepithelial neoplasia grade 2.,1,l6,0.627091201108342,0.9815992326186315,0.8776942882129142,0.6078316131674755,0.9914460409783439,0.9238887244346465,0.0021001568529754877,0.061858177883550525,0.3010274947155267
scifact-train,973,Primary cervical cytology screening with HPV detection has higher longitudinal sensitivity to detect severe cervical intraepithelial neoplasia than conventional cytology.,1,l6,0.9487611374566527,0.9897182963324286,0.8915031826740765,0.9463768953850228,1.0,0.9384244028148174,0.0017833751626312733,0.06175588513724506,0.3003193202894181
scifact-train,976,Primary pro-inflammatory cytokines suppress secondary pro- and anti-inflammatory mediators.,0,bm25,0.04981680158876278,0.04000184174650671,0.0,0.0,0.0,0.0,0.001067622797563672,0.05826612585224211,0.29138429486192763
scifact-train,977,Pro-inflammatory cytokines are up regulated during tumor development.,0,bm25,0.04968972152975293,0.04022292638470194,0.0,0.0,0.0,0.0,0.0017900520469993353,0.05640568817034364,0.2884589519817382
scifact-train,978,Pro-inflammatory cytokines are up repressed during tumor development.,0,bm25,0.04978267983104691,0.04032357818416634,0.0,0.0,0.0,0.0,0.0012537080328911543,0.05582274217158556,0.2884472340811044
scifact-train,979,Progerin induces premature aging in stem cells.,0,bm25,0.9995882806539684,0.9908683889216705,0.95,1.0,1.0,1.0,0.002368855057284236,0.05253934091888368,0.2876783760730177
scifact-train,980,Propriospinal interneurons that play a role in the plastic reorganization of spinal circuits are integral for recovery from spinal cord injury.,0,bm25,0.9997672369782259,0.9903211339398706,0.95,1.0,1.0,1.0,0.0013519690837711096,0.056218241108581424,0.29041749704629183
scifact-train,984,Pseudogene PTENP1 encodes a transcript that regulates PTEN expression.,0,bm25,0.9996849388018977,0.9902414058508581,0.95,1.0,1.0,1.0,0.0018226348329335451,0.056453646859154105,0.289250920759514
scifact-train,988,Pseudoknots are not evolutionarily conserved in most eukaryotes.,1,l6,0.04994167423801853,0.2365377066453853,0.19576702571816884,0.0,0.20607055338754615,0.20607055338754615,0.0003353350330144167,0.05306255607865751,0.28746734000742435
scifact-train,989,"Pure neural progenitor cell (NPC) populations can only be obtained from cell cultures that undergo passaging, filtration, or other isolation and cell sorting methods.",0,bm25,0.9993594085062351,0.9897938558739613,0.39583333333333326,1.0,1.0,0.41666666666666663,0.00374226295389235,0.059623138047754765,0.2920943370554596
scifact-train,990,Pyridostatin decreases telomere fragility in BRCA2-deficient cells.,0,bm25,0.9996620791104919,0.9902292239923935,0.95,1.0,1.0,1.0,0.0019390939269214869,0.05606771586462855,0.28691536793485284
scifact-train,992,Pyridostatin deregulates G2/M progression.,0,bm25,0.9999360922185891,0.9913897618278611,0.95,1.0,1.0,1.0,0.0003667459823191166,0.04941135784611106,0.28693374595604837
scifact-train,994,Pyridostatin encourages proliferation of homologous recombination - defective cells.,0,bm25,0.9996624539072904,0.991345611082488,0.95,1.0,1.0,1.0,0.0019465608056634665,0.04990812996402383,0.288339999737218
scifact-train,996,Pyridostatin induces checkpoint activation.,0,bm25,0.999736170532181,0.9906811617817095,0.95,1.0,1.0,1.0,0.0015123800840228796,0.05341945099644363,0.2866207661572844
scifact-train,997,Pyridostatin induces double-strand breaks accumulation.,0,bm25,0.9998574225858387,0.9916632556120487,0.95,1.0,1.0,1.0,0.0008119798731058836,0.04747784696519375,0.2847505258396268
scifact-train,998,Pyridostatin prevents double-strand breaks accumulation.,0,bm25,0.9998922639589733,0.990422523922635,0.95,1.0,1.0,1.0,0.0006131189875304699,0.05450480990111828,0.2845468339510262
scifact-train,999,Pyridostatin reduces proliferation of homologous recombination - defective cells.,0,bm25,0.9996120412513047,0.9912521878933274,0.95,1.0,1.0,1.0,0.002308600815013051,0.052055034786462784,0.2975317379459739
scifact-train,1000,Pyridostatin stabilizes the G - quadruplex in the telomeric region.,1,l6,0.4457279524028822,0.990585500384903,0.95,0.41666666666666663,1.0,1.0,0.0006156240124255419,0.05499848979525268,0.29209459898993373
scifact-train,1001,R2D2 stops miRNA production by increasing the selectivity of Dcr2 for long dsRNA.,0,bm25,0.9997125842794081,0.9899638443191284,0.95,1.0,1.0,1.0,0.001667860895395279,0.058239373844116926,0.29014782002195716
scifact-train,1002,RA activation of DIF2 and NB4 cells induces hallmarks of transcriptionally active promoters.,0,bm25,0.049446277269733,0.03989514105869352,0.0,0.0,0.0,0.0,0.0032440859358757734,0.05920116510242224,0.2929341490380466
scifact-train,1003,RAD52 is involved in break-induced DNA replication (BIR).,1,l6,0.8271347586590247,0.9302373061731396,0.8955934437464564,0.8182195904944793,0.9355392720001685,0.9427299407857437,0.0009974399581551552,0.04891035286709666,0.28686416475102305
scifact-train,1004,RANK-RANKL pathway signalling has no known association with development of Aire-expressing medullary thymic epithelial cells.,1,l6,0.9673719588910656,0.9903577220908926,0.95,0.966260545977412,1.0,1.0,0.0033547249622642994,0.056201268918812275,0.2914314928930253
scifact-train,1005,RANK-RANKL pathway signalling is linked to development of Aire-expressing medullary thymic epithelial cells.,0,bm25,0.9995139203155237,0.9902277655003321,0.95,1.0,1.0,1.0,0.0028140938375145197,0.056575055001303554,0.28946836572140455
scifact-train,1006,RTEL1 interacts with TRF2 through a C4C4 motif,0,bm25,0.9999080436487531,0.9906694831733257,0.95,1.0,1.0,1.0,0.0005305251106619835,0.053830686025321484,0.2884657250251621
scifact-train,1008,RUNX is not expressed in skin tissue.,0,bm25,0.049782463492640074,0.04014402723145582,0.0,0.0,0.0,0.0,0.0012581998016685247,0.05700552579946816,0.28919279272668064
scifact-train,1009,RUNX1 is downregulated or mutated in TLX1 T-ALL.,0,bm25,0.9999262936816826,0.990200566846867,0.95,1.0,1.0,1.0,0.00042598089203238487,0.05663518910296261,0.28897176100872457
scifact-train,1011,Radioiodine treatment of non-toxic multinodular goitre increases thyroid volume.,0,bm25,0.9997366139417495,0.9901696280384469,0.95,1.0,1.0,1.0,0.0015585138462483883,0.05816849577240646,0.29586111288517714
scifact-train,1015,Rapamycin delays aging in fruit flies.,0,bm25,0.9998955562679608,0.9904208741691003,0.95,1.0,1.0,1.0,0.0005989598575979471,0.054933998733758926,0.286738057853654
scifact-train,1016,Rapamycin increases the concentration of triacylglycerols in fruit flies.,0,bm25,0.9997885319971312,0.990304858529875,0.95,1.0,1.0,1.0,0.0012246901169419289,0.05614818213507533,0.2895686582196504
scifact-train,1018,Rapid phosphotransfer rates are correlated with histidine kinase regulator specificity.,1,l6,0.5868237459845531,0.9900327126459294,0.95,0.5654648767857288,1.0,1.0,0.002134073991328478,0.057819196954369545,0.29004479805007577
scifact-train,1023,Recognition of start codons depends on the translation initiation factor IF3.,0,bm25,0.9997400502890432,0.9908861210672089,0.95,1.0,1.0,1.0,0.0015030549839138985,0.05269735096953809,0.28910495387390256
scifact-train,1025,Reduced levels of lipolysis leads to higher P38 phosphorylation in adipose tissue.,0,bm25,0.9996579924530133,0.9904034772533863,0.95,1.0,1.0,1.0,0.002003307919949293,0.0562115958891809,0.29287481191568077
scifact-train,1026,Reduced phosphorylation of PP2A increases HDAC4 dephosphorylation by enhancing PP2A-HDAC4 interaction.,0,bm25,0.9996491266391008,0.5774384494073521,0.95,1.0,0.5654648767857288,1.0,0.0020476931240409613,0.056919473223388195,0.291799457045272
scifact-train,1027,Reduced phosphorylation of PP2A suppresses HDAC4 dephosphorylation.,0,bm25,0.9998500416937095,0.5775394577849312,0.95,1.0,0.5654648767857288,1.0,0.0008717670571058989,0.056111918995156884,0.29066981305368245
scifact-train,1028,Reduced responsiveness to interleukin-2 in regulatory T cells is associated with autoimmune diseases such as Type 1 Diabetes.,1,l6,0.8155902846330644,0.9898417441990146,0.911867374845389,0.8065735963827292,1.0,0.9598603945740938,0.0038719680160284042,0.06008329219184816,0.2957362630404532
scifact-train,1030,Reducing H3k4me3 methylation induces mouse epiblast stem cells to naive pluripotency efficiently.,0,bm25,0.9995179864829006,0.9903215337807508,0.95,1.0,1.0,1.0,0.0027956629637628794,0.05613479414023459,0.2899983988609165
scifact-train,1031,Reduction of Rpl38 alters the composition of the Hox gene mRNAs translation in mice without lowering overall protein synthesis.,0,bm25,0.9995163129600695,0.990096223854864,0.95,1.0,1.0,1.0,0.0028373519890010357,0.058096447959542274,0.29330452904105186
scifact-train,1032,Reduction of purity of cytoplasmic membranes isolated from overexpressors is indicated by stronger spots for OmpA in 2D BN-PAGE gels.,1,l6,0.049795734261266836,0.3190695103982582,0.0,0.0,0.2934264036172708,0.0,0.001188978087157011,0.05637721810489893,0.29103708104230464
scifact-train,1033,Reduction of purity of cytoplasmic membranes isolated from overexpressors is indicated by stronger spots for OmpF in 2D BN-PAGE gels.,0,bm25,0.049796012085707164,0.040411345127980586,0.0,0.0,0.0,0.0,0.0011874239426106215,0.05581604386679828,0.2910525230690837
scifact-train,1034,Removal of H3K9me3 by ectopic expression of other H3K9 demethylases decreases reprogramming efficiency in SCNT experiments.,0,bm25,0.5869080952358066,0.5774491529085344,0.5371916329464423,0.5654648767857288,0.5654648767857288,0.5654648767857288,0.0016483080107718706,0.05663658585399389,0.2906682160682976
scifact-train,1035,Removal of H3K9me3 by ectopic expression of other H3K9 demethylases improves reprogramming efficiency in SCNT experiments.,0,bm25,0.586912974279437,0.5776651748120676,0.5371916329464423,0.5654648767857288,0.5654648767857288,0.5654648767857288,0.0016179189551621675,0.05531152989715338,0.2903047970030457
scifact-train,1036,Removal of H3K9me3 improves reprogramming efficiency in human somatic cell nuclear transfer experiments.,1,l6,0.32827308118738935,0.5777466418091762,0.5371916329464423,0.2934264036172708,0.5654648767857288,0.5654648767857288,0.002793648047372699,0.05474244384095073,0.2897961630951613
scifact-train,1037,Replacement of OCT4 and SOX2 genes with GATA3 has the ability to reprogram human cells.,0,bm25,0.9995348620078539,0.9902719626216846,0.95,1.0,1.0,1.0,0.002697373041883111,0.05641367984935641,0.28995406604371965
scifact-train,1038,Replacement of OCT4 and SOX2 genes with GATA3 is not capable of reprogramming human cells.,0,bm25,0.9995456176463284,0.990381214364908,0.95,1.0,1.0,1.0,0.0026344137731939554,0.05576770566403866,0.28988953377120197
scifact-train,1040,Replacement of histone H2A with H2A.Z accelerates gene activation in yeasts by destabilizing +1 nucleosomes.,0,bm25,0.3544019495561636,0.2232721165027461,0.2747877408734983,0.32079005517889114,0.19253705174241542,0.28925025355105083,0.0019909460097551346,0.05504516512155533,0.2855607650708407
scifact-train,1042,Repressing IL-18 has negative effects on atherosclerotic lesion composition and progression.,1,l6,0.04974253141200116,0.9900919389680384,0.95,0.0,1.0,1.0,0.0014991241041570902,0.05769019527360797,0.2911275732330978
scifact-train,1043,Retinoic acid receptor-related orphan receptor gamma (RORγ) is a therapeutic target for castration-resistant prostate cancer (CRPC),0,bm25,0.9997071554461715,0.9903397549510775,0.95,1.0,1.0,1.0,0.0017075948417186737,0.056329490849748254,0.2915531157050282
scifact-train,1044,Rhythmic expression of Cry1 translates directly into a circadian regulation of cAMP signaling in gluconeogenesis.,0,bm25,0.9996436475772345,0.9901225628064618,0.95,1.0,1.0,1.0,0.0020762779749929905,0.057550626806914806,0.2913236788008362
scifact-train,1045,Rhythmic expression of Cry1 translates directly into a circadian regulation of cAMP signaling in hepatic glucose metabolism.,0,bm25,0.9995864359013641,0.99042055762425,0.95,1.0,1.0,1.0,0.0024145690258592367,0.05592899606563151,0.2919219818431884
scifact-train,1046,Ribosomal protein (RP) expression is controlled in part by stress-activated regulators.,0,bm25,0.049537137358815014,0.04015007687901814,0.0,0.0,0.0,0.0,0.002692566020414233,0.057299003936350346,0.2908601581584662
scifact-train,1047,Ribosome-inactivating protein-2 (RIP-2) interacts with the p75 NTR death domain,2,bge,0.5870438798751583,0.5774070346859748,0.95,0.5654648767857288,0.5654648767857288,1.0,0.0008456588257104158,0.056001758901402354,0.2861730109434575
scifact-train,1048,Ribosomopathies have a high degree of cell and tissue specific pathology.,0,bm25,0.04952939011337076,0.039965908755343504,0.0,0.0,0.0,0.0,0.002750128973275423,0.05863677291199565,0.2921877601183951
scifact-train,1050,Risedronate increases risk of vertebral and non-vertebral fractures.,0,bm25,0.9997628790035151,0.5773399994967452,0.95,1.0,0.5654648767857288,1.0,0.0014010339509695768,0.058208564994856715,0.2954259580001235
scifact-train,1052,Rising temperatures caused by global warming increases risk of dengue fever transmission.,1,l6,0.32844239698541455,0.5772161387518333,0.5371916329464423,0.2934264036172708,0.5654648767857288,0.5654648767857288,0.0018536329735070467,0.05913561303168535,0.29640442808158696
scifact-train,1053,Rising temperatures caused by global warming lowers the risk of dengue fever transmission.,1,l6,0.3285272242725111,0.5772587299091367,0.39583333333333326,0.2934264036172708,0.5654648767857288,0.41666666666666663,0.00134747801348567,0.05873965402133763,0.2956822079140693
scifact-train,1054,Risk of cardiovascular events can be cut by a third by using antihypertensive drug therapy among hemodialysis patients.,0,bm25,0.9995130303577294,0.989570191806516,0.95,1.0,1.0,1.0,0.002907298970967531,0.06226788694038987,0.29850926203653216
scifact-train,1055,Risk-adjusted mortality rates are similar in teaching and non-teaching hospitals.,0,bm25,0.9998321081140654,0.9900822071676185,0.95,1.0,1.0,1.0,0.0009859241545200348,0.05824100109748542,0.29361876216717064
scifact-train,1056,Rotator cuff exercises are more effective than general exercise therapy in reducing pain and improving function of the shoulder.,0,bm25,0.9995400744415809,0.9895208644331112,0.95,1.0,1.0,1.0,0.0027134029660373926,0.06182330381125212,0.2949828419368714
scifact-train,1058,Roughly 55% of women with chronic pelvic pain have no underlying pathology.,0,bm25,0.9998555946928012,0.9897707976117373,0.95,1.0,1.0,1.0,0.0008421489037573338,0.05965508986264467,0.29159208899363875
scifact-train,1065,Satellite cell dysfunction is a key factor in sarcopenia development.,0,bm25,0.9995201549113142,0.9900357422058125,0.95,1.0,1.0,1.0,0.0027837869711220264,0.05780692910775542,0.29007142479531467
scifact-train,1067,ScPif1p has higher binding ability to G-rich ssDNA than to non-G-rich ssDNA.,0,bm25,0.04983878014992846,0.040542781101817506,0.0,0.0,0.0,0.0,0.0009374471846967936,0.05499101523309946,0.2907356582581997
scifact-train,1068,ScPif1p has reduced binding ability to G-rich ssDNA compared to non-G-rich ssDNA.,0,bm25,0.04973638345825032,0.04042652379161236,0.0,0.0,0.0,0.0,0.001529242843389511,0.055535854771733284,0.2900506230071187
scifact-train,1069,Scapular stabilizer exercises are more effective than general exercise therapy in reducing pain and improving function of the shoulder.,0,bm25,0.9995364530377436,0.9897126391387869,0.95,1.0,1.0,1.0,0.0027427610475569963,0.06086928606964648,0.29584500286728144
scifact-train,1070,Self-advocacy training is effective at decreasing homelessness.,2,bge,0.27598019509473426,0.3189996224015572,0.3233213650848617,0.23809523809523808,0.2934264036172708,0.34033827903669656,0.0012316920328885317,0.05714124510996044,0.29286798904649913
scifact-train,1072,Sepsis related mortality has remained stable between 2009-2014.,0,bm25,0.9997915154719753,0.9897510320603896,0.95,1.0,1.0,1.0,0.0012232540175318718,0.06013439618982375,0.2933680568821728
scifact-train,1073,Sepsis related mortality has risen from 2009 to 2014.,0,bm25,0.9998663910146992,0.989998095997856,0.95,1.0,1.0,1.0,0.0007810289971530437,0.05846745287999511,0.2922816139180213
scifact-train,1074,Sequence conservation in gene regulatory regions between species is a high-accuracy predictor of conserved functionality.,0,bm25,0.9996014413871567,0.4365794437169546,0.19576702571816884,1.0,0.41666666666666663,0.20607055338754615,0.002322600921615958,0.05392705579288304,0.29137507593259215
scifact-train,1075,Sequence conservation in gene regulatory regions between species is a poor predictor of conserved functionality.,0,bm25,0.9995777483127402,0.4366459626588071,0.3233213650848617,1.0,0.41666666666666663,0.34033827903669656,0.002460841089487076,0.053543088026344776,0.29139505699276924
scifact-train,1081,Side effects associated with antidepressants do not represent a mortality risk to postmenopausal women.,0,bm25,0.999604334926698,0.98965372972396,0.95,1.0,1.0,1.0,0.002326931105926633,0.060847064247354865,0.2940531352069229
scifact-train,1084,Side effects associated with antidepressants increases risk of stroke.,0,bm25,0.9995825154554386,0.9897969402513016,0.95,1.0,1.0,1.0,0.002468051156029105,0.06031761830672622,0.29558593104593456
scifact-train,1085,Side effects associated with antidepressants lower risk of myocardial infarction.,2,bge,0.5868262520574969,0.5766457124048175,0.95,0.5654648767857288,0.5654648767857288,1.0,0.002160025993362069,0.06234442791901529,0.2955855189356953
scifact-train,1087,Sildenafil worsens erectile function in men who experience sexual dysfunction as a result of the use of SSRI antidepressants.,0,bm25,0.999450043139605,0.9893406892982443,0.95,1.0,1.0,1.0,0.003236063988879323,0.06272166781127453,0.29421071195974946
scifact-train,1090,Smc5/6 engagment halts the activation of SUMO E3 ligase Mms21 by ATP-dependent remolding.,0,bm25,0.9997857858376574,0.9904129061710695,0.95,1.0,1.0,1.0,0.0012380219995975494,0.05540732201188803,0.2889682890381664
scifact-train,1091,Sn is present on mature DCs during inflammation in vivo.,0,bm25,0.37313142294282353,0.04077942658185321,0.0,0.34033827903669656,0.0,0.0,0.0010963690001517534,0.05322226416319609,0.2886060429736972
scifact-train,1096,Specialized functional cell types can be derived from human pluripotent stem cells.,0,bm25,0.049379268493269395,0.04039494825077649,0.0,0.0,0.0,0.0,0.0035794598516076803,0.05538771068677306,0.28832593583501875
scifact-train,1097,Splenomegaly is observed in knockin mouse lacking the SHP-2 MAPK pathway.,0,bm25,0.9997546028231763,0.9903662335448598,0.95,1.0,1.0,1.0,0.00142672099173069,0.056010003900155425,0.2906962928827852
scifact-train,1098,Stacking is more stable when a purine is present in the +5 position (C1698).,0,bm25,0.04984920415633101,0.03992670875412072,0.0,0.0,0.0,0.0,0.0008775240276008844,0.05861935508437455,0.29096426209434867
scifact-train,1101,Stiff substrates encourage mesodermal differentiation by degrading beta-catenin in an integrin-dependent manner.,0,bm25,0.9998609363283986,0.9905235961494127,0.95,1.0,1.0,1.0,0.0008111030329018831,0.05527209094725549,0.291630094172433
scifact-train,1102,Stiff substrates inhibit mesodermal differentiation by degrading beta-catenin in an integrin-dependent manner.,0,bm25,0.9998099879346476,0.9906705297272169,0.95,1.0,1.0,1.0,0.0011134049855172634,0.05466746911406517,0.29298270703293383
scifact-train,1103,Stroke patients with prior use of direct oral anticoagulants have a higher risk of in-hospital mortality than stroke patients with prior use of warfarin.,0,bm25,0.9994077342300925,0.9889999401510754,0.95,1.0,1.0,1.0,0.0035176160745322704,0.06533213518559933,0.2969626351259649
scifact-train,1105,Students who perform poorly in the early years of medical school are at increased risk for professional misconduct later in their careers.,0,bm25,0.9996050267480019,0.9895671286639716,0.95,1.0,1.0,1.0,0.0023628510534763336,0.062412634026259184,0.2991153250914067
scifact-train,1106,Students who perform poorly in the early years of medical school are less likely to commit professional misconduct later in their careers.,0,bm25,0.9997140364577137,0.9894893758839937,0.95,1.0,1.0,1.0,0.0016976289916783571,0.06239655613899231,0.29682612302713096
scifact-train,1109,Suboptimal nutrition is a leading cause of premature death,2,bge,0.049826578626144785,0.039801279604494366,0.4212550834364073,0.0,0.0,0.4434264036172708,0.0010040849447250366,0.059049132047221065,0.2894928469322622
scifact-train,1111,Sudden death can occur in patients with complex ventricular arrhythmias.,1,l6,0.2980901860065643,0.9900443851649885,0.2483650805429772,0.26143692688734443,1.0,0.26143692688734443,0.00160605413839221,0.058165057096630335,0.29212187323719263
scifact-train,1112,Sudden death can occur in patients with orthostatic hypertension without cardiac conduction abnormalities.,0,bm25,0.9997128848059952,0.990083112089665,0.27875508343640726,1.0,1.0,0.2934264036172708,0.0016732250805944204,0.057792781153693795,0.2913856729865074
scifact-train,1114,"Surfactin producing cells and exopolymer producing cells cooperate to generate ""Van Gogh"" bundles that have sliding abilities on specialized media.",0,bm25,0.999535730128194,0.9901872019887173,0.95,1.0,1.0,1.0,0.0027018419932574034,0.05710607417859137,0.29097752808593214
scifact-train,1115,Surgical treatment is not superior to non-surgical in treating adults with displaced fractures of the proximal humerus.,0,bm25,0.9998058610748208,0.9892564984061276,0.95,1.0,1.0,1.0,0.0011457768268883228,0.06340642482973635,0.2950919878203422
scifact-train,1118,Sweet taste receptors on the tongue are deactivated by between 1 and 10 mM glucose.,1,l6,0.4456201704172522,0.577367080844732,0.5371916329464423,0.41666666666666663,0.5654648767857288,0.5654648767857288,0.0012475240509957075,0.05749764200299978,0.2926222051028162
scifact-train,1119,Sympathetic nerve activity is elevated throughout normal pregnancy.,0,bm25,0.9550886736010875,0.9455471853662206,0.905362081878974,0.9530127177673411,0.9530127177673411,0.9530127177673411,0.0015941148158162832,0.05722603597678244,0.2915264358744025
scifact-train,1120,Sympathetic nerve activity is reduced throughout normal pregnancy.,1,l6,0.9550480017303691,0.990072733001849,0.95,0.9530127177673411,1.0,1.0,0.001849115127697587,0.058445781003683805,0.29436994600109756
scifact-train,1125,Systemic immunosuppressive (IS) therapy does not enhance the chance of cancer mortality in patients with inflammatory eye disease (IED),0,bm25,0.9995488523627111,0.9897026162603236,0.95,1.0,1.0,1.0,0.0026525750290602446,0.06054466590285301,0.293980818009004
scifact-train,1126,Systemic immunosuppressive (IS) therapy increases the chance of cancer mortality in patients with inflammatory eye disease (IED),0,bm25,0.9994895173087974,0.9901273368820083,0.95,1.0,1.0,1.0,0.00301522109657526,0.05831394996494055,0.2953303949907422
scifact-train,1127,Systemic lupus erythematosus is a risk factor for cardiovascular disease.,1,l6,0.3283870759068731,0.9899220334719228,0.95,0.2934264036172708,1.0,1.0,0.00217058090493083,0.05944183189421892,0.29490984976291656
scifact-train,1128,T cell receptor /CD3 microdomains are required to induce the immunologic synapse.,0,bm25,0.049562109050239465,0.04063442039758865,0.0,0.0,0.0,0.0,0.0025239549577236176,0.053982164012268186,0.2881944647524506
scifact-train,1133,TMEM27 is a marker for beta cells.,0,bm25,0.9997212304257219,0.9905364906170662,0.95,1.0,1.0,1.0,0.0016188679728657007,0.054956400068476796,0.29035951592959464
scifact-train,1134,TNFAIP3 is a glioblastoma tumor enhancer.,0,bm25,0.9998737417417671,0.9904684854000552,0.95,1.0,1.0,1.0,0.0007288272026926279,0.055020774248987436,0.28862555720843375
scifact-train,1135,TNFAIP3 is a glioblastoma tumor suppressor.,0,bm25,0.9999205975441754,0.9905214067317076,0.95,1.0,1.0,1.0,0.00045650103129446507,0.05449438001960516,0.2874602722004056
scifact-train,1136,TNFAIP3 is a tumor enhancer in glioblastoma.,0,bm25,0.9998771352895629,0.9902802344175485,0.95,1.0,1.0,1.0,0.0007114340551197529,0.05628119106404483,0.28951928205788136
scifact-train,1138,TRAP+ osteoclasts regulate mature osteoblast maintenance.,0,bm25,0.04982748923089393,0.04006572970517616,0.0,0.0,0.0,0.0,0.0009923148900270462,0.057143819984048605,0.2876095490064472
scifact-train,1139,Taking 400mg of α-tocopheryl acetate does not prevent prostate cancer.,0,bm25,0.9998326062327378,0.9901844202728087,0.95,1.0,1.0,1.0,0.0009680860675871372,0.05676630698144436,0.28916431101970375
scifact-train,1141,Taking 400mg of α-tocopheryl acetate in combination with vitamin C reduces the risk of prostate cancer.,0,bm25,0.9997027278646735,0.9899189900905355,0.95,1.0,1.0,1.0,0.0017410509753972292,0.059042036067694426,0.29283790313638747
scifact-train,1142,Taking anti-depresents is associated with a decrease in the Aβ level in the brain of experimental animals.,0,bm25,0.9996226436538418,0.9899341675836411,0.95,1.0,1.0,1.0,0.002185107907280326,0.0582868957426399,0.28952844301238656
scifact-train,1145,Taxation of sugar-sweetened beverages reduced the incidence rate of type II diabetes in India.,0,bm25,0.9997377656094245,0.9899822893571968,0.95,1.0,1.0,1.0,0.0015410701744258404,0.05887097818776965,0.2938344911672175
scifact-train,1148,Ten percent (10%) of kidney cancers in the UK are attributable to excess weight.,0,bm25,0.9998056769710534,0.5761857385379888,0.95,1.0,0.5654648767857288,1.0,0.001131948083639145,0.06411026604473591,0.29125423007644713
scifact-train,1153,The C-type lectin receptor (CLEC-2) rearranges the actin cytoskeleton in dendritic cells to promote efficient motility along stromal surfaces.,0,bm25,0.9995723227940728,0.9900063083254589,0.95,1.0,1.0,1.0,0.002475291956216097,0.05784106394276023,0.2893878750037402
scifact-train,1156,The DESMOND program caused substantial weight loss in most participants.,1,l6,0.23459715265357936,0.9879800169567959,0.95,0.19453241315894393,1.0,1.0,0.001242761965841055,0.07159695494920015,0.2978246919810772
scifact-train,1157,The DESMOND program demonstrates no significant impact on biochemical outcomes.,1,l6,0.5868759596376056,0.9899179888783759,0.95,0.5654648767857288,1.0,1.0,0.0018512008246034384,0.05912386882118881,0.29321465780958533
scifact-train,1158,The DESMOND program demonstrates no significant impact on lifestyles outcomes.,0,bm25,0.9996945832867408,0.9899864890372532,0.95,1.0,1.0,1.0,0.0017883609980344772,0.058633898152038455,0.2927739250008017
scifact-train,1159,The DESMOND program demonstrates no significant impact on weight loss.,1,l6,0.27589863191313735,0.989883341109485,0.95,0.23809523809523808,1.0,1.0,0.0017176279798150063,0.05954085011035204,0.29427131405100226
scifact-train,1161,The DEXI promoter region is bound by multiple transcription factors in a murine haematopoietic progenitor cell line.,0,bm25,0.049476585049484365,0.040169487225504535,0.0,0.0,0.0,0.0,0.0030514888931065798,0.05731150880455971,0.2914980638306588
scifact-train,1162,The DdrB protein from Deinococcus radiodurans functions as a pentamer.,0,bm25,0.9997203812389123,0.9905128397359179,0.95,1.0,1.0,1.0,0.0016100259963423014,0.05462642991915345,0.2878966329153627
scifact-train,1164,The G34R/V mutation creates a hypomethylated phenotype at the H3K36 histone.,1,l6,0.2590965574177648,0.36367296412620653,0.2483650805429772,0.22023243839286438,0.34033827903669656,0.26143692688734443,0.0007162648253142834,0.05561614967882633,0.28821433684788644
scifact-train,1165,The G34R/V mutation does not create a hypomethylated phenotype at the H3K36 histone.,1,l6,0.25909519775504725,0.28868005317136125,0.2483650805429772,0.22023243839286438,0.26143692688734443,0.26143692688734443,0.000720784068107605,0.05557144293561578,0.28689357708208263
scifact-train,1166,The H2A-H2B eviction defect is compensated for by other histone chaperone(s).,2,bge,0.24569811809135778,0.5772749528804044,0.95,0.20607055338754615,0.5654648767857288,1.0,0.0003947480581700802,0.056809244211763144,0.28643277706578374
scifact-train,1168,The HSV-2 infection is typically asymptomatic.,0,bm25,0.04992475741143339,0.04018270648162714,0.0,0.0,0.0,0.0,0.00043511996045708656,0.05677237384952605,0.28914473089389503
scifact-train,1169,The M2-phenotype in brown adipose tissue macrophages increases brown adipose tissue thermogenic activity.,0,bm25,0.9995826479379718,0.5773722766467092,0.2483650805429772,1.0,0.5654648767857288,0.26143692688734443,0.0024307051207870245,0.05718903010711074,0.29120559617877007
scifact-train,1170,The NF-κB essential modulator gene induces intestinal inflammation by promoting receptor-interacting protein (RIP) kinase 1 kinase activity-mediated epithelial cell death.,0,bm25,0.9993445472065909,0.9898398029492612,0.95,1.0,1.0,1.0,0.0038586710579693317,0.05981339723803103,0.2943515609949827
scifact-train,1171,The NF-κB essential modulator gene prevents intestinal inflammation by inhibiting receptor-interacting protein (RIP) kinase 1 kinase activity-mediated epithelial cell death.,0,bm25,0.9993433335620301,0.9897647286493605,0.95,1.0,1.0,1.0,0.003875102149322629,0.06040010531432927,0.2950586420483887
scifact-train,1173,The PDPN gene deactivates the C-type lectin receptor (CLEC-2).,0,bm25,0.9997858648315424,0.9902082954438357,0.95,1.0,1.0,1.0,0.0012353940401226282,0.056490550050511956,0.28846126701682806
scifact-train,1174,The PPR MDA5 has twenty N-terminal CARD domains.,0,bm25,0.24571738830794537,0.04039133116538021,0.0,0.20607055338754615,0.0,0.0,0.000287060160189867,0.05556829017587006,0.28915706812404096
scifact-train,1176,The PRDM1 gene is a key determinant of primordial germ cells.,0,bm25,0.9995411118693271,0.9899030940119546,0.95,1.0,1.0,1.0,0.002653274917975068,0.05837995279580355,0.2890982290264219
scifact-train,1177,"The PRDM1 gene, when combined with the PRDM14 gene, plays an important role during primordial germ cell specification.",0,bm25,0.9993729781991221,0.9900858380839354,0.95,1.0,1.0,1.0,0.0036514957901090384,0.057735664770007133,0.29117773775942624
scifact-train,1178,The PRR MDA5 has a C-terminal domain.,0,bm25,0.23476290551318293,0.04070192035024463,0.0,0.19453241315894393,0.0,0.0,0.00024709897115826607,0.05357209802605212,0.2880815181415528
scifact-train,1181,The RANK-RANK-Ligand (RANKL) pathway is involved in the development of Aire-expressing medullary thymic epithelial cells (mTECs).,0,bm25,0.999526251817745,0.9901338121203944,0.95,1.0,1.0,1.0,0.0027425100561231375,0.05711498321034014,0.28944808221422136
scifact-train,1182,The Snf1 complex regulates carbon and energy metabolism in baker's yeast (Saccharomyces cerevisiae).,2,bge,0.4455829000176131,0.5777581523847204,0.95,0.41666666666666663,0.5654648767857288,1.0,0.0014347292017191648,0.05404428718611598,0.2864493483211845
scifact-train,1183,The TRaF1/C5 rs10818488 allele polymorphism regulates the neighboring C5 gene.,1,l6,0.04974737847145213,0.9900697841899383,0.95,0.0,1.0,1.0,0.0014625201001763344,0.057489717146381736,0.28946861904114485
scifact-train,1184,The US health care system can save up to $5 billion if 7% of patients waiting for kidney transplants participate in the optimized national kidney paired donation program.,0,bm25,0.9995905333226267,0.9896804577055623,0.95,1.0,1.0,1.0,0.0024167459923774004,0.06090779509395361,0.2951089949347079
scifact-train,1186,The World Health Organization's (WHO) data collection process is biased downward by unequal selection of larger outbreaks.,2,bge,0.2454319630184129,0.23582545798640508,0.5371916329464423,0.20607055338754615,0.20607055338754615,0.5654648767857288,0.001963397953659296,0.05825552577152848,0.29298963374458253
scifact-train,1188,The ability of activator E2Fs in preventing cell death is limited to terminally differentiated cells.,1,l6,0.5865767575584511,0.9900721801742292,0.95,0.5654648767857288,1.0,1.0,0.003557743038982153,0.057443561032414436,0.28930602106265724
scifact-train,1190,The amount of publicly available DNA data doubles every 10 months.,0,bm25,0.04970392491874226,0.03929114431812586,0.0,0.0,0.0,0.0,0.001725869020447135,0.062423633178696036,0.29145799996331334
scifact-train,1193,"The appearance of brown-like or beige cells primarily occurs in visceral fat, not subcutaneous fat.",1,l6,0.29798675522367807,0.9898623134598729,0.95,0.26143692688734443,1.0,1.0,0.002195818116888404,0.058839614037424326,0.2902023741044104
scifact-train,1195,The artifactual C-terminal helix swapping in the StART domain is observed in the Ups1-Mdm35 heterodimer of the StARkin superfamily.,0,bm25,0.04984733699382795,0.040448220665175824,0.0,0.0,0.0,0.0,0.0008809501305222511,0.055119059048593044,0.2885277031455189
scifact-train,1205,The combination of physical examinations with C-reactive protein values do not improve the accuracy of radiographic verified pneumonia predictions.,0,bm25,0.9996189133323291,0.989616468757225,0.95,1.0,1.0,1.0,0.0022176799830049276,0.060425492003560066,0.2909679308068007
scifact-train,1206,The composition of myosin-II isoform switches from the A isoform to the B isoform during hematopoietic differentiation.,0,bm25,0.9998582004531181,0.9898838438105227,0.95,1.0,1.0,1.0,0.0008211599197238684,0.0585825708694756,0.28954955702647567
scifact-train,1208,The cytokine receptor which regulates chemotaxis and formation of lymph nodes is involved in production of myeloperoxidase in the left atrium.,2,bge,0.04965631386314078,0.040488654707127716,0.95,0.0,0.0,1.0,0.0019990720320492983,0.05532333813607693,0.2908281448762864
scifact-train,1209,The deamination of cytidine to uridine on the minus strand of viral DNA can inactivate the viral genome by inducing G-to-A mutations.,2,bge,0.44557776871621185,0.040057945767501824,0.5371916329464423,0.41666666666666663,0.0,0.5654648767857288,0.001482105115428567,0.05765731423161924,0.2899668060708791
scifact-train,1210,The density of cytokine receptor bearing cells affects the distance over which cytokines act.,0,bm25,0.9995829946838242,0.9901356283042045,0.95,1.0,1.0,1.0,0.0024133960250765085,0.05708952504210174,0.289372333092615
scifact-train,1211,The density of cytokine receptor bearing cells has no effect on the distance over which cytokines act.,0,bm25,0.9995417438326492,0.9902946958573872,0.95,1.0,1.0,1.0,0.002650761976838112,0.05613989080302417,0.28922272799536586
scifact-train,1212,The deregulated and prolonged activation of monocytes has deleterious effects in chronic infectious conditions.,0,bm25,0.04960739943507198,0.040183513541854676,0.0,0.0,0.0,0.0,0.002292787190526724,0.057328278198838234,0.2919999861624092
scifact-train,1214,The deregulated and prolonged activation of monocytes improves inflammatory disease outcomes.,0,bm25,0.04959299419992378,0.040103085928308115,0.0,0.0,0.0,0.0,0.002374236937612295,0.057732884772121906,0.2916711429134011
scifact-train,1215,The effect of Lipopolysaccharides on kidney barrier function is dependent on inflammation levels.,0,bm25,0.99956851799728,0.5771210317326223,0.95,1.0,0.5654648767857288,1.0,0.002525032963603735,0.05893316492438316,0.2926000328734517
scifact-train,1218,The first MBT repeat of the four malignant brain tumor (4MBT) domain of Drosophila's Sfmbt and of the orthologous mammalian L3MBTL2 is required for the interaction with the spacer region of Drosophila's Pleiohomeotic (Pho) or its human ortholog YY1.,0,bm25,0.049503839004192564,0.039997608525021655,0.0,0.0,0.0,0.0,0.0029027860146015882,0.05851891287602484,0.2925246078521013
scifact-train,1219,"The gene daf-16, which encodes forkhead Box O (FOXO), is required for all phenotypes associated with reduced insulin/insulin-like growth factor (Igf) signaling.",1,l6,0.23232898054543286,0.9515372014600508,0.39583333333333326,0.19253705174241542,0.9598603945740938,0.41666666666666663,0.0033919981215149164,0.0602870041038841,0.29180054320022464
scifact-train,1220,The generation of reactive oxygen species by activated oncogenes contributes to the increased genomic instability of leukaemia cells.,0,bm25,0.9993889311622826,0.5773231527213368,0.95,1.0,0.5654648767857288,1.0,0.0035750579554587603,0.05773553904145956,0.29252497712150216
scifact-train,1223,The innate immune response struggles to remove small numbers of parasites.,0,bm25,0.9997195173310104,0.9904000229336978,0.95,1.0,1.0,1.0,0.0016175250057131052,0.05536243296228349,0.2883466938510537
scifact-train,1224,The latent infection of myeloid cells with human cytomegalovirus induces a number of changes in gene expression.,0,bm25,0.47061803638549415,0.3440220463053554,0.3412639970765115,0.4434264036172708,0.3199534648580312,0.35922526008053846,0.003723019966855645,0.05805463204160333,0.2922091830987483
scifact-train,1227,The mean suicide rate in women is higher after miscarriage than live birth.,0,bm25,0.9997954655772978,0.9896699744846863,0.95,1.0,1.0,1.0,0.0012057118583470583,0.06089456286281347,0.2947454620152712
scifact-train,1228,The mean suicide rate in women is lower after miscarriage than live birth.,0,bm25,0.9998055841203831,0.9898957605950987,0.95,1.0,1.0,1.0,0.0011467731092125177,0.0596004300750792,0.2949278401210904
scifact-train,1229,The microtubule-dependent delivery and secretion of matrix metalloproteases (MMPs) is partially responsible for the disassembly of adhesion sites.,0,bm25,0.9997551804296254,0.990176741382992,0.95,1.0,1.0,1.0,0.0014296590816229582,0.05736433109268546,0.29198218905366957
scifact-train,1230,The minor G allele of FOXO3 downregulates pro-inflammatory cytokines.,0,bm25,0.9999205879778407,0.990046358830896,0.95,1.0,1.0,1.0,0.0004572509787976742,0.05731263407506049,0.28789783106185496
scifact-train,1231,The minor G allele of FOXO3 is related to less severe symptoms of Crohn's Disease.,0,bm25,0.9996830131342263,0.9903121993929217,0.95,1.0,1.0,1.0,0.0018543649930506945,0.05667338380590081,0.2924987110309303
scifact-train,1234,The minor G allele of FOXO3 up-regulates IL-10.,0,bm25,0.9999583756483803,0.9900320553949008,0.95,1.0,1.0,1.0,0.00024033687077462673,0.05755440075881779,0.2886974348220974
scifact-train,1235,The morphology change from large white adipocytes to small brown adipocytes is a sign of decreased energy expenditure potential in white adipose tissue.,1,l6,0.04960563417631092,0.22496049164891485,0.0,0.0,0.19453241315894393,0.0,0.00230592698790133,0.05756722204387188,0.29235887713730335
scifact-train,1236,The morphology change from large white adipocytes to small brown adipocytes is a sign of increased energy expenditure potential in white adipose tissue.,1,l6,0.04954224086514665,0.2359247971772452,0.0,0.0,0.20607055338754615,0.0,0.0026709120720624924,0.057426985120400786,0.2917377140838653
scifact-train,1237,The most prevalent adverse events to Semaglutide are cardiovascular.,0,bm25,0.9998878074320868,0.3630964543653923,0.5371916329464423,1.0,0.34033827903669656,0.5654648767857288,0.000655055046081543,0.05969984899275005,0.291933350963518
scifact-train,1238,The most prevalent adverse events to Semaglutide are gastrointestinal.,0,bm25,0.9999012705848994,0.989684997383644,0.5371916329464423,1.0,1.0,0.5654648767857288,0.0005777901969850063,0.06036607618443668,0.2926129950210452
scifact-train,1239,The myocardial cell lineage originally develops from cardiac progenitors of exclusively endodermal origin.,1,l6,0.25723830017388893,0.8063724722160164,0.7662449165635927,0.2185988563846481,0.8065735963827292,0.8065735963827292,0.002501831157132983,0.05735815316438675,0.2904962091706693
scifact-train,1244,The number of unfertilized oocytes in mated hermaphrodites increases with age.,2,bge,0.44555664410973217,0.04023825675189172,0.5371916329464423,0.41666666666666663,0.0,0.5654648767857288,0.0015998529270291328,0.05644366377964616,0.2891064758878201
scifact-train,1246,The one-child policy has created a hospitable environment for female infants.,2,bge,0.04991107272002176,0.5771789520091309,0.95,0.0,0.5654648767857288,1.0,0.0005173711106181145,0.05825289897620678,0.2908956119790673
scifact-train,1247,The origin of the CRF01_1b2k protein occurred between 1923 and 1956.,1,l6,0.04976707742428159,0.9901457762516689,0.2483650805429772,0.0,1.0,0.26143692688734443,0.0013258401304483414,0.05609213816933334,0.2846096232533455
scifact-train,1248,The peak incidence of fractures occurs during pubertal growth spurt in early adolescents.,0,bm25,0.9997964827755699,0.9895036955893269,0.95,1.0,1.0,1.0,0.0011939210817217827,0.06157591403461993,0.2933218760881573
scifact-train,1249,The peak incidence of fractures occurs in toddlers.,0,bm25,0.9998936173620452,0.9897703159158561,0.95,1.0,1.0,1.0,0.0006207700353115797,0.05969283590093255,0.2917628511786461
scifact-train,1253,The predominant localization of Linc00173 is in mononuclear macrophage nuclei.,2,bge,0.04990441708734368,0.31912502232055195,0.95,0.0,0.2934264036172708,1.0,0.0005509429611265659,0.055507979821413755,0.288201596820727
scifact-train,1254,The proliferative capacity of neural progenitors differs across species.,1,l6,0.049780588603032715,0.9905800275560057,0.95,0.0,1.0,1.0,0.0012716420460492373,0.054595309076830745,0.28978486615233123
scifact-train,1255,The proliferative capacity of progenitors is regulated cell-autonomously.,2,bge,0.04982925214138281,0.43630061215074994,0.95,0.0,0.41666666666666663,1.0,0.0009871760848909616,0.05511327902786434,0.2890742211602628
scifact-train,1257,The proportion of people with visual difficulty is two times higher in low-income countries than in high-income countries.,0,bm25,0.049738688059521,0.03988020119126433,0.0,0.0,0.0,0.0,0.0015415218658745289,0.05969834793359041,0.2949581758584827
scifact-train,1258,The recruitment of Wdr5 to its target loci depends on Kat8.,0,bm25,0.9998220791658022,0.04062034514114239,0.5371916329464423,1.0,0.0,0.5654648767857288,0.00102268997579813,0.053914309944957495,0.28740028687752783
scifact-train,1260,The relationship between a breast cancer patient's capacity to metabolize tamoxifen and treatment outcome is independent of the patient's genetic make-up.,1,l6,0.5867228557453534,0.9897317134019612,0.95,0.5654648767857288,1.0,1.0,0.0027530849911272526,0.060304694110527635,0.29364535911008716
scifact-train,1261,The removal of reactive oxygen species by activated oncogenes contributes to the increased genomic instability of leukaemia cells.,0,bm25,0.9994137148168275,0.9900087699571517,0.95,1.0,1.0,1.0,0.003418578999117017,0.05825801193714142,0.29154574405401945
scifact-train,1263,The repeat-variable diresidue (RVD) in the loop of Transcription-Activator Like (TAL) effectors specifies the nucleotides-amino acid contact at the target promoter element.,1,l6,0.5869256903772411,0.9903716835360293,0.95,0.5654648767857288,1.0,1.0,0.001544297905638814,0.055910526076331735,0.29034424806013703
scifact-train,1265,The risk of breast cancer among parous women decreases with placental weight of pregnancies.,0,bm25,0.9996983738243805,0.9898000629075083,0.95,1.0,1.0,1.0,0.0017676989082247019,0.05977736390195787,0.2930281008593738
scifact-train,1268,The risk of cancer rises with level of alcohol consumption.,0,bm25,0.9997272434639308,0.43589837093769623,0.3233213650848617,1.0,0.41666666666666663,0.34033827903669656,0.001601919997483492,0.058348794002085924,0.2936538241337985
scifact-train,1269,The risk of female prisoners harming themselves is ten times that of male prisoners.,0,bm25,0.9998208845242571,0.9897505906974065,0.95,1.0,1.0,1.0,0.0010457320604473352,0.059839250985533,0.2919156081043184
scifact-train,1275,The tip of the inner tube of the toxic type VI secretion system (T6SS) antibacterial effector in Escherichia coli (E. coli) is decorated with VgrG and PAAR proteins.,1,l6,0.4455007020669128,0.5775637973095838,0.5371916329464423,0.41666666666666663,0.5654648767857288,0.5654648767857288,0.0019389980006963015,0.05612326902337372,0.2914635809138417
scifact-train,1276,The tissue surrounding the granuloma in an immune cell induces an anti-inflammatory immune response.,2,bge,0.4453720765156354,0.5768361802211781,0.95,0.41666666666666663,0.5654648767857288,1.0,0.0027243320364505053,0.06116265500895679,0.2953161809127778
scifact-train,1284,Therapeutics receiving accelerated approval encounter a lower frequency of post-marketing safety events,0,bm25,0.9997929145297354,0.9900971782936587,0.95,1.0,1.0,1.0,0.0012122329790145159,0.05796894896775484,0.29268904705531895
scifact-train,1288,There is a positive correlation between hip fractures and statin use.,0,bm25,0.9996942614891164,0.9899408545936765,0.95,1.0,1.0,1.0,0.001795517047867179,0.059074556920677423,0.29363606218248606
scifact-train,1289,There is a relation between Erythromycin use and hypertrophic pyloric stenosis.,0,bm25,0.9996994308361346,0.9901239520176295,0.95,1.0,1.0,1.0,0.0017583291046321392,0.0577748641371727,0.29249991616234183
scifact-train,1291,There is no association between HNF4A mutations and diabetes risks.,0,bm25,0.9997519199325672,0.4357845430358923,0.95,1.0,0.41666666666666663,1.0,0.0014525011647492647,0.05883535812608898,0.2927484621759504
scifact-train,1293,There is no increased risk of hypospadias with clomiphene.,0,bm25,0.9997766213846775,0.9901647655720849,0.95,1.0,1.0,1.0,0.0013202871195971966,0.05813149712048471,0.2955267489887774
scifact-train,1294,There is no known interaction between Pioneer factor OCT3/4 and major chromatin remodeling factors.,0,bm25,0.04964190635639876,0.040504441632579116,0.0,0.0,0.0,0.0,0.002075896132737398,0.05504647525958717,0.2898538091685623
scifact-train,1295,There is no relation between Erythromycin use and hypertrophic pyloric stenosis.,0,bm25,0.9997010064354913,0.9900397901366136,0.95,1.0,1.0,1.0,0.0017437450587749481,0.058088429970666766,0.2916024399455637
scifact-train,1297,There was an estimated 30 million cases of pneumonia in young children worldwide in 2010.,0,bm25,0.9998506874496517,0.9898825151098978,0.95,1.0,1.0,1.0,0.0008739649783819914,0.059220256051048636,0.2926629330031574
scifact-train,1300,Thiopurine active metabolites can be catabolized through dephosphorylation of thioguanine nucleotides.,0,bm25,0.04978422119815968,0.04043515898520356,0.0,0.0,0.0,0.0,0.0012478630524128675,0.05531410686671734,0.28915329999290407
scifact-train,1302,Tirasemtiv has no effect on cardiac muscle.,0,bm25,0.049812530679751776,0.04018473170368865,0.0,0.0,0.0,0.0,0.0010929240379482508,0.05722185713239014,0.2914941059425473
scifact-train,1304,Tirasemtiv targets cardiac muscle.,0,bm25,0.0498649522573231,0.04037059501185391,0.0,0.0,0.0,0.0,0.0007815379649400711,0.055726555874571204,0.2893561748787761
scifact-train,1305,Tirasemtiv targets fast-twitch muscle.,1,l6,0.328630927390701,0.9901720451096911,0.5371916329464423,0.2934264036172708,1.0,0.5654648767857288,0.0007170748431235552,0.056762271793559194,0.28877967200241983
scifact-train,1306,Toll-like receptor (TLR) signaling is involved in the pathogenesis of human MDS.,2,bge,0.04967384287740931,0.04019284131141122,0.14045123374807264,0.0,0.0,0.14784340394533962,0.0018808459863066673,0.05655481293797493,0.28833434195257723
scifact-train,1307,Tonic signaling from the scFv induces constitutive stimulation.,0,bm25,0.9997870743406928,0.36402876887165897,0.3233213650848617,1.0,0.34033827903669656,0.34033827903669656,0.0012276980560272932,0.05357974395155907,0.28829265106469393
scifact-train,1308,Tonic signaling from the scFv is amplified by MyD88/CD40.,0,bm25,0.9998921001445052,0.9906442327827377,0.5371916329464423,1.0,1.0,0.5654648767857288,0.0006208210252225399,0.05383007205091417,0.28768390021286905
scifact-train,1309,Tonic signaling from the scFv prevents constitutive stimulation.,0,bm25,0.4456462530313708,0.2361728823743619,0.0,0.41666666666666663,0.20607055338754615,0.0,0.001080794958397746,0.055427009938284755,0.2888585668988526
scifact-train,1310,Traditional reviews are biased in their interpretations.,1,l6,0.29826168597515984,0.9904044825933018,0.39583333333333326,0.26143692688734443,1.0,0.41666666666666663,0.000600854866206646,0.05576224601827562,0.290564039722085
scifact-train,1311,"Trans-acting factors, such as lncRNAs, influence mRNA translation.",2,bge,0.3285521409860118,0.04049880252361833,0.95,0.2934264036172708,0.0,1.0,0.0011664810590445995,0.05461137811653316,0.2873920800630003
scifact-train,1312,Transcription factor EB induces transcription of pro-inflammatory cytokines in macrophages infected with Staphylococcus aureus.,0,bm25,0.9996491924534607,0.4360710578195629,0.95,1.0,0.41666666666666663,1.0,0.0020360599737614393,0.05665949499234557,0.29019614798016846
scifact-train,1314,Transcription rates in S. cerevisiae range between 0.7 and 2 kb/min.,1,l6,0.04975061253870433,0.8066497727717905,0.14045123374807264,0.0,0.8065735963827292,0.14784340394533962,0.001443557906895876,0.05554066598415375,0.2894207069184631
scifact-train,1315,Transcription rates in S. cerevisiae range between 7 and 12 kb/min.,1,l6,0.049776810785240266,0.8066350023573838,0.16493878171167375,0.0,0.8065735963827292,0.1736197702228145,0.001304792007431388,0.05618075793609023,0.2923062408808619
scifact-train,1322,Transplanted human glial progenitor cells can mature in their host animal.,0,bm25,0.9995796454642268,0.9902465020621427,0.95,1.0,1.0,1.0,0.0024310441222041845,0.05640758411027491,0.28916592011228204
scifact-train,1323,Treatment with a protein named FN impairs regenerative abilities of aged muscles.,0,bm25,0.9996319644724965,0.9902221313970198,0.95,1.0,1.0,1.0,0.002135850954800844,0.05674471193924546,0.29016912705264986
scifact-train,1324,Treatment with a protein named FN restores regenerative abilities of aged muscles.,0,bm25,0.9996312303738983,0.9900923350258912,0.95,1.0,1.0,1.0,0.0021520699374377728,0.0578192628454417,0.29179056314751506
scifact-train,1325,Treatment with the EC uptake inhibitor AM404 resulted in a dose-dependent decrease in the expression of immobility.,0,bm25,0.32825860467858253,0.3188169099323073,0.3233213650848617,0.2934264036172708,0.2934264036172708,0.34033827903669656,0.00291060796007514,0.05826256703585386,0.2931251251138747
scifact-train,1327,Tuberculosis incidence occurs at higher rates in more sparsely populated areas in the UK.,1,l6,0.8159844978200743,0.9899738384043827,0.95,0.8065735963827292,1.0,1.0,0.0015382058918476105,0.05922116292640567,0.29533317591995
scifact-train,1328,Tuberculosis-induced granulomas express different immune system protein signatures than the surrounding tissue.,0,bm25,0.9995098907908349,0.5774659746507502,0.95,1.0,0.5654648767857288,1.0,0.0029092109762132168,0.057729973923414946,0.29679211508482695
scifact-train,1330,Tumor development occurs in conjunction with suppression of pro-inflammatory cytokines.,0,bm25,0.04970917657610057,0.04030962752895846,0.0,0.0,0.0,0.0,0.0016914070583879948,0.056358474073931575,0.2907962219323963
scifact-train,1331,Tumor development occurs in conjunction with upregulation of pro-inflammatory cytokines.,0,bm25,0.04972520096956932,0.04026716457071181,0.0,0.0,0.0,0.0,0.0015749060548841953,0.055780041962862015,0.28655597008764744
scifact-train,1333,Two variants of chromosome 6q21 are associated with radiation therapy-induced second malignancies in pediatric Hodgkin lymphoma patients.,0,bm25,0.9996123503389377,0.9900737094212795,0.95,1.0,1.0,1.0,0.002244630130007863,0.05747677129693329,0.28951787599362433
scifact-train,1334,Type 1 Diabetes is associated with subtle perturbations in T reg development.,1,l6,0.4277405740821636,0.8774757203459432,0.7773086109697553,0.3980409554829326,0.8826803184943108,0.8182195904944793,0.0023307311348617077,0.06477623013779521,0.29256017808802426
scifact-train,1340,Ultrasound guidance significantly reduces the number of needle insertion attempts necessary for a given procedure.,0,bm25,0.999692628804342,0.9899162349681057,0.95,1.0,1.0,1.0,0.0017860298976302147,0.05859334277920425,0.29053306276910007
scifact-train,1341,Ultrasound guidance significantly reduces the number of traumatic procedures when attempting needle insertion.,0,bm25,0.9997160240661189,0.9891355725562799,0.95,1.0,1.0,1.0,0.0016593618784099817,0.06348431180231273,0.29216593387536705
scifact-train,1342,Understanding epigenetic regulation of replication is essential for the reational design of episomally replicating vectors.,2,bge,0.049681444536206626,0.436573003487288,0.5371916329464423,0.0,0.41666666666666663,0.5654648767857288,0.001834450988098979,0.05332704400643706,0.287932745879516
scifact-train,1345,Up-regulation of the p53 pathway and related molecular events speeds cancer progression.,0,bm25,0.04966084491118884,0.039789392436068646,0.0,0.0,0.0,0.0,0.0019547990523278713,0.05885120597667992,0.2881866020616144
scifact-train,1346,"Upon developing tyrosine-kinase inhibitor resistance, new mutations in epidermal growth factor receptors emerge and cause treatment failure.",0,bm25,0.9994131433828765,0.4355610934323946,0.95,1.0,0.41666666666666663,1.0,0.0034276479855179787,0.05999697605147958,0.2920345349702984
scifact-train,1347,"Upon viral challenge, influenza-specific memory CD4+ T cells greatly diminish the early production of inflammatory chemokines in the lung.",0,bm25,0.9995724439664879,0.9902006529007504,0.95,1.0,1.0,1.0,0.002483414951711893,0.05691849300637841,0.29041982302442193
scifact-train,1348,"Upon viral challenge, influenza-specific memory CD4+ T cells greatly enhance the early production of inflammatory chemokines in the lung.",0,bm25,0.999542827038779,0.9901211920865918,0.95,1.0,1.0,1.0,0.0026597119867801666,0.05747230490669608,0.2908868428785354
scifact-train,1349,Upregulation of PD1 causes the downmodulation of Satb1.,0,bm25,0.9999007839046661,0.9901094990710059,0.95,1.0,1.0,1.0,0.0005731249693781137,0.0571327970828861,0.2888266099616885
scifact-train,1350,Upregulation of PD1 causes the upregulation of Satb1.,0,bm25,0.9998976950974066,0.9902738399400793,0.95,1.0,1.0,1.0,0.0005911660846322775,0.056202350184321404,0.28892363398335874
scifact-train,1351,Upregulation of dynein in Drosophila neurons increases the number of microtubule plus-ends growing toward the cell body of each neuron.,0,bm25,0.999494445920094,0.9903975586965776,0.95,1.0,1.0,1.0,0.002951432019472122,0.05605919100344181,0.29190072207711637
scifact-train,1353,Urbanization is an important risk factor related to the transmission of dengue fever.,0,bm25,0.5868264883319105,0.5771252104372426,0.5371916329464423,0.5654648767857288,0.5654648767857288,0.5654648767857288,0.002143284073099494,0.059086734894663095,0.2934842782560736
scifact-train,1355,V-9302 inhibits antitumor responses by decreasing cell death and oxidative stress.,1,l6,0.44536342555987984,0.989738570813655,0.95,0.41666666666666663,1.0,1.0,0.0027446490712463856,0.05993521213531494,0.29204125003889203
scifact-train,1356,Vaccinating the gastrointestinal tract induces protection of rectal and vaginal mucosa.,0,bm25,0.9998438687592088,0.9902004662102801,0.95,1.0,1.0,1.0,0.000903841108083725,0.05672933510504663,0.2894491530023515
scifact-train,1360,Varenicline monotherapy is more effective after 26 weeks of treatment compared to combination nicotine replacement therapies with varenicline or bupropion.,0,bm25,0.9996107755530177,0.9897395434303822,0.95,1.0,1.0,1.0,0.002303859917446971,0.06073270784690976,0.2959551918320358
scifact-train,1361,Varying expression levels of EBI2 affect the positioning and migration of B cells.,0,bm25,0.9613410101588794,0.9519757146525087,0.911867374845389,0.9598603945740938,0.9598603945740938,0.9598603945740938,0.0030708250124007463,0.05770819797180593,0.2917012758553028
scifact-train,1364,Venules have less significant tunica adventitia than arterioles.,2,bge,0.5870071777217437,0.4360427559218374,0.95,0.5654648767857288,0.41666666666666663,1.0,0.0010749499779194593,0.057056562043726444,0.2913850718177855
scifact-train,1366,VgrG (Tssl) protein punctures membranes by forming a spike at the tip of the tube apparatus.,0,bm25,0.9997715181308343,0.9904404249522423,0.95,1.0,1.0,1.0,0.0013220601249486208,0.05531438020989299,0.2893140120431781
scifact-train,1367,Vitamin D deficiency effects birth weight.,0,bm25,0.9997942707758316,0.9899051734950457,0.95,1.0,1.0,1.0,0.0012106571812182665,0.05940514407120645,0.29423558712005615
scifact-train,1371,Vitamin D is an important factor in the relationship between calcium and parathyroid hormone.,0,bm25,0.9997277958963241,0.9899752720937518,0.95,1.0,1.0,1.0,0.0015989120583981276,0.05888470495119691,0.2936972728930414
scifact-train,1372,Walking in traffic areas in London did not improve lung function in elderly adults.,0,bm25,0.9997081383072053,0.9901248580742581,0.95,1.0,1.0,1.0,0.0017518699169158936,0.05927452794276178,0.3001198787242174
scifact-train,1373,Walking in traffic areas in London improves lung function in elderly adults.,0,bm25,0.9997038013817215,0.9898304441860136,0.95,1.0,1.0,1.0,0.001744164153933525,0.05988338100723922,0.2944247620180249
scifact-train,1374,Weighed food records (WFR) result in high completion since they're cheap to run and impose low participant burden.,1,l6,0.4454006039079713,0.9898161625852552,0.95,0.41666666666666663,1.0,1.0,0.0025518140755593777,0.060054292902350426,0.2948509999550879
scifact-train,1375,Weighed food records (WFR) result in poor completion since they're costly to run and impose high participant burden.,1,l6,0.5867488611435133,0.98984506820443,0.95,0.5654648767857288,1.0,1.0,0.0026113258209079504,0.05989052471704781,0.29488393384963274
scifact-train,1376,Whole brain radiotherapy increases the occurrence of new brain metastases.,2,bge,0.27590463248504804,0.5770980594913765,0.95,0.23809523809523808,0.5654648767857288,1.0,0.0016585539560765028,0.058566048042848706,0.29011552897281945
scifact-train,1378,Women are more susceptible to death due to pneumonia when compared to men.,0,bm25,0.9997741996115079,0.9897934678131618,0.95,1.0,1.0,1.0,0.0013267730828374624,0.059972227085381746,0.29379335697740316
scifact-train,1380,Women with a lower birth weight are more likely to develop breast cancer later in life.,2,bge,0.4056468660593375,0.41105641990381975,0.8733096005575155,0.3747572444410321,0.3908450472604164,0.9192732637447532,0.0021804971620440483,0.05997643596492708,0.29267148626968265
scifact-train,1381,YAP/TAZ is required in intestinal regeneration in mouse models of ulcerative colitis.,1,l6,0.3730701944712961,0.9904322199819301,0.95,0.34033827903669656,1.0,1.0,0.0014601238071918488,0.05562013480812311,0.29066374176181853
scifact-train,1383,aPKCz causes tumour suppression by affecting glutamine metabolism.,2,bge,0.04978932910355781,0.36388670099330434,0.95,0.0,0.34033827903669656,1.0,0.001215230906382203,0.05442277784459293,0.2884192659985274
scifact-train,1386,cSMAC formation represses weak ligand signalling.,0,bm25,0.9998232997331732,0.9913945059575862,0.95,1.0,1.0,1.0,0.0010206711012870073,0.04970778618007898,0.28881425014697015
scifact-train,1387,"eRNAs influence is linked to senescence, aging, and carcinogenesis.",0,bm25,0.5870328409582757,0.04001463627267846,0.39583333333333326,0.5654648767857288,0.0,0.41666666666666663,0.0009156959131360054,0.05758197791874409,0.2883319000247866
scifact-train,1390,mcm 5 s 2 U is required for proper decoding of NNR codons in eukaryotes.,0,bm25,0.9997647382381445,0.9902334639994397,0.95,1.0,1.0,1.0,0.0013587072025984526,0.05640467326156795,0.28876498923636973
scifact-train,1391,miR-142-5P is a known regulator of raised body temperature.,0,bm25,0.999778126855596,0.990306465221037,0.95,1.0,1.0,1.0,0.0012778209056705236,0.05582740274257958,0.2879620490130037
scifact-train,1392,miR-142-5P is a temperature-sensitive microRNA (miRNA).,0,bm25,0.04997585013883176,0.040481018177818226,0.0,0.0,0.0,0.0,0.0001375910360366106,0.054233296075835824,0.28486920706927776
scifact-train,1393,miRNAs enforce homeostasis by suppressing low-level ''leaky'' transcription.,2,bge,0.25751742397943417,0.28460515982592316,0.7662449165635927,0.2185988563846481,0.25703406128629547,0.8065735963827292,0.000874621095135808,0.05529370019212365,0.2886736700311303
scifact-train,1394,miRNAs regulate a unique suite of mRNAs to maintain homeostasis in cells.,0,bm25,0.049590818376581816,0.040812044888003475,0.0,0.0,0.0,0.0,0.0023619290441274643,0.05303585692308843,0.28861621697433293
scifact-train,1397,p16INK4A degradation is  linked to an abnormal wound response caused by the microinvasive step of advanced Oral Potentially Malignant Lesions (OPMLs).,0,bm25,0.049601469538196157,0.0401350549702568,0.0,0.0,0.0,0.0,0.002320334082469344,0.0574359311722219,0.29111125809140503
scifact-train,1398,p16INK4A degradation is encoded by CDKN2A.,0,bm25,0.04993843851835625,0.040647943453768015,0.0,0.0,0.0,0.0,0.0003538669552654028,0.053757376968860626,0.2874093879945576
scifact-train,1400,p75 NTR - associated cell death executor (NADE) interacts with the p75 NTR death domain,1,l6,0.5867214878430903,0.9899795739832029,0.5371916329464423,0.5654648767857288,1.0,0.5654648767857288,0.002737385919317603,0.058343206997960806,0.2911213899496943
scifact-train,1401,qSOFA scores are associated with length of stay in emergency department patients.,0,bm25,0.9997117186264828,0.9897607393036203,0.95,1.0,1.0,1.0,0.0017057110089808702,0.060583933955058455,0.2958413490559906
scifact-train,1402,r-protein chaperones are found in complexes with their r-protein binding partners.,0,bm25,0.04978155332232512,0.04031414229092054,0.0,0.0,0.0,0.0,0.0012564468197524548,0.05571046099066734,0.2875866168178618
scifact-train,1403,siRNA knockdown of A20 accelerates tumor progression in an in vivo murine xenograft model.,0,bm25,0.9997252588009041,0.9901365067889496,0.95,1.0,1.0,1.0,0.0015912831295281649,0.05712871020659804,0.2895967431832105
scifact-train,1404,siRNA knockdown of A20 slows tumor progression in an in vivo murine xenograft model.,0,bm25,0.9997274459619155,0.990288196009746,0.95,1.0,1.0,1.0,0.0015780790708959103,0.05623103119432926,0.2894983838777989
scifact-train,1405,taa1 tar1 tar2 triple mutants in Arabidopsis do not make root meristem during embryogenesis.,0,bm25,0.9999218951931373,0.43636888273251695,0.3233213650848617,1.0,0.41666666666666663,0.34033827903669656,0.0004519179929047823,0.054761745035648346,0.2893022920470685
scifact-train,1406,β-sheet opening occurs during pleurotolysin pore formation.,0,bm25,0.9998622244953567,0.9903544774734278,0.95,1.0,1.0,1.0,0.0007861158810555935,0.055035170866176486,0.28528869594447315
scifact-train,1407,β1/Ketel is able to bind microtubules.,0,bm25,0.8161559422044946,0.2059278465124403,0.24418235822198067,0.8065735963827292,0.1736197702228145,0.25703406128629547,0.0005135401152074337,0.05200910405255854,0.288588825147599
