dataset,qid,query,class,best_model,utility_bm25,utility_l6,utility_bge,eff_bm25,eff_l6,eff_bge,lat_bm25,lat_l6,lat_bge
NFCorpus_train,PLAIN-3,Breast Cancer Cells Feed on Cholesterol,1,l6,0.7269136487575928,0.824917790838872,0.7730193917973591,0.7126042168130119,0.8185761898947927,0.8137046229445886,0.001205930020660162,0.054536876967176795,0.9989940931554884
NFCorpus_train,PLAIN-4,Using Diet to Treat Asthma and Eczema,1,l6,0.04970492830057287,0.16875239278437715,0.0,0.0,0.1365204777414663,0.0,0.0016613681800663471,0.06160805025137961,0.2815194041468203
NFCorpus_train,PLAIN-5,Treating Asthma With Plants vs. Pills,2,bge,0.746812850145412,0.8606215838657841,0.9185292438591651,0.733561179872716,0.863664922155261,0.9668728882728055,0.000391228124499321,0.05489547597244382,0.27837202209047973
NFCorpus_train,PLAIN-6,How Fruits and Vegetables Can Treat Asthma,2,bge,0.8602072119086553,0.7636659881731744,0.87978099181516,0.8529527010201656,0.7615868982389814,0.9260852545422738,0.0005424050614237785,0.054551796056330204,0.2771500020753592
NFCorpus_train,PLAIN-7,How Fruits and Vegetables Can Prevent Asthma,0,bm25,0.71892467703427,0.33039998038965485,0.5372935557341398,0.7042679592128978,0.3057657514756421,0.5655721639306736,0.0007208159659057856,0.05592681793496013,0.27748404582962394
NFCorpus_train,PLAIN-8,Our Tax Dollars Subsidize Unhealthy Foods,0,bm25,0.6294290220577716,0.34358965556749477,0.5795435889915881,0.6100458831490401,0.31943122193677725,0.6100458831490401,0.000637926859781146,0.05495775490999222,0.27840793086215854
NFCorpus_train,PLAIN-9,Reducing Arsenic in Chicken and Rice,0,bm25,0.7706344210255506,0.7379122395859606,0.7219984790478978,0.7586816813700685,0.7345000466603374,0.7599983989977872,0.0006310609169304371,0.05499412794597447,0.278795582940802
NFCorpus_train,PLAIN-10,How Contaminated Are Our Children?,0,bm25,0.6294927985376237,0.25045391090669966,0.5795435889915881,0.6100458831490401,0.2216896082411867,0.6100458831490401,0.00028143986128270626,0.056249882793053985,0.27705980092287064
NFCorpus_train,PLAIN-14,"Blood Type Diet Perceived as ""Crass Fraud""",1,l6,0.3532613338904523,0.6855563431239831,0.6455032498315265,0.31943122193677725,0.6794771050858174,0.6794771050858174,0.0011033520568162203,0.055337612982839346,0.2781649341341108
NFCorpus_train,PLAIN-15,Why Do Heart Doctors Favor Surgery and Drugs Over Diet?,0,bm25,0.6293695227845799,0.2875878770467292,0.6167827667564588,0.6100458831490401,0.26088874273052437,0.6492450176383777,0.0009707252029329538,0.057197625283151865,0.27883792598731816
NFCorpus_train,PLAIN-16,Phytates in Beans: Anti-Nutrient or Anti-Cancer?,0,bm25,0.9053170634800252,0.4259214293423995,0.7071938803668633,0.900346883204941,0.40602453861089033,0.7444146109124877,6.893603131175041e-05,0.054162106942385435,0.27628421294502914
NFCorpus_train,PLAIN-17,How Phytates Fight Cancer Cells,2,bge,0.2225467207485545,0.2350722641565282,0.348484133915475,0.18177069331014817,0.20552129391196988,0.3668254041215527,0.0007471460849046707,0.05611938191577792,0.2758260820992291
NFCorpus_train,PLAIN-18,Colon Cancer Prevention: Is it the Fiber or the Phytates?,0,bm25,0.7837831594863803,0.6646842609028022,0.6769740059723612,0.772577889371041,0.6574400653338155,0.7126042168130119,0.000923168146982789,0.055020879255607724,0.27833865908905864
NFCorpus_train,PLAIN-19,Low Carb Diets Found to Feed Heart Disease,0,bm25,0.049690070642427336,0.03990647791140282,0.0,0.0,0.0,0.0,0.001714020036160946,0.05582078197039664,0.27651785709895194
NFCorpus_train,PLAIN-20,How Curry Can Kill Cancer Cells,2,bge,0.6816759137049693,0.6720432560893229,0.7052381947871212,0.6650688247235601,0.6650688247235601,0.7423559945127592,0.0007712810765951872,0.054040787974372506,0.27650472498498857
NFCorpus_train,PLAIN-21,Testing Turmeric on Smokers,1,l6,0.7047552954427293,0.7307252646693408,0.6859462307112965,0.6892994030195306,0.7268712872705927,0.7220486639066279,0.00044067297130823135,0.05458451993763447,0.27842260897159576
NFCorpus_train,PLAIN-24,Alkylphenol Endocrine Disruptors and Allergies,1,l6,0.8545174185427399,0.8819102419431247,0.7804825422571599,0.8468806782580225,0.8860308691611208,0.8215605707970104,0.00010658800601959229,0.05443708086386323,0.2772004099097103
NFCorpus_train,PLAIN-25,Slowing Cognitive Decline with Berries,1,l6,0.6624773714554966,0.7870679826882576,0.6618072398319954,0.6447614941174287,0.7863777523660618,0.6966391998231531,0.00025541591458022594,0.055416797986254096,0.27733686403371394
NFCorpus_train,PLAIN-26,What is ‘Meat Glue’?,0,bm25,0.6954575725434673,0.34361526478873183,0.30345966083993836,0.6794771050858174,0.31943122193677725,0.31943122193677725,0.0002541800495237112,0.054781034123152494,0.27823461103253067
NFCorpus_train,PLAIN-27,Is Liquid Smoke Safe?,1,l6,0.7477181690882657,0.7490752188577784,0.6977750443273205,0.7345000466603374,0.7460031101536818,0.7345000466603374,0.0003163609653711319,0.05355300195515156,0.2781183610204607
NFCorpus_train,PLAIN-28,Does Antioxidant Intake Matter for Stroke and Heart Disease?,1,l6,0.19914120975864508,0.6710337252401913,0.6245680620671247,0.15724807879105962,0.6650688247235601,0.6574400653338155,0.0013726139441132545,0.060536472825333476,0.28073822893202305
NFCorpus_train,PLAIN-29,Does Antioxidant Intake Matter for Cancer?,1,l6,0.6293444930965317,0.7303555581113691,0.6768398565629187,0.6100458831490401,0.7268712872705927,0.7124630069083355,0.001100037945434451,0.05620290292426944,0.2762583189178258
NFCorpus_train,PLAIN-30,Is buying organic worth it? A review of the science in new DVD,0,bm25,0.049863181246496545,0.04030342197741578,0.0,0.0,0.0,0.0,0.0007596591021865606,0.053838334046304226,0.2776151231955737
NFCorpus_train,PLAIN-31,Orange Aromatherapy for Anxiety,1,l6,0.9382943622722076,0.9599721693430006,0.9170201695800307,0.9350624941733297,0.9681896059005242,0.9652843890316114,8.296105079352856e-05,0.05421922588720918,0.27640430093742907
NFCorpus_train,PLAIN-34,Food Manufacturers Get to Decide if Their Own Additives Are Safe,0,bm25,0.6293642924106132,0.6197299803593136,0.5795435889915881,0.6100458831490401,0.6100458831490401,0.6100458831490401,0.0009921509772539139,0.05430433386936784,0.2766787218861282
NFCorpus_train,PLAIN-35,Meat Industry Wins Right to Sell Tainted Meat,0,bm25,0.7071195016969161,0.3738190937973239,0.21060512782912735,0.6918165764591883,0.35124161603625315,0.2216896082411867,0.000594383105635643,0.05516332993283868,0.2797203871887177
NFCorpus_train,PLAIN-36,Chicken Salmonella Outbreaks Show Food Safety Systems Failure,0,bm25,0.9334512769897407,0.9166870380548503,0.8747556525299612,0.9301909272231255,0.9227128302108009,0.9207954237157487,0.0012824458535760641,0.055121117969974875,0.2786667258478701
NFCorpus_train,PLAIN-37,Viral Food Poisoning from Pesticides?,2,bge,0.04987447016323572,0.2509885644563744,0.5795435889915881,0.0,0.2216896082411867,0.6100458831490401,0.0006994369905441999,0.053582322085276246,0.27859392180107534
NFCorpus_train,PLAIN-38,The Reversal on Fish Oil,2,bge,0.35339724695872343,0.3749726927244917,0.6318153834873821,0.31943122193677725,0.3525583336639718,0.6650688247235601,0.0003480550367385149,0.05552989197894931,0.27882822696119547
NFCorpus_train,PLAIN-40,Are Multivitamins Just a Waste of Money?,1,l6,0.6207059480293735,0.9892969598223733,0.9185292438591651,0.6007549823616223,1.0,0.9668728882728055,5.073589272797108e-05,0.0481185638345778,0.22478923294693232
NFCorpus_train,PLAIN-41,Understanding Lifestyle Medicine From the Heart,1,l6,0.16630957269607116,0.20397166373182654,0.1637744730755366,0.12253246782267099,0.1723941821847754,0.1723941821847754,0.0005407440476119518,0.05506092496216297,0.28084257803857327
NFCorpus_train,PLAIN-42,Don't Forget Fiber,0,bm25,0.049975104874568195,0.040069927846595244,0.0,0.0,0.0,0.0,0.00013872794806957245,0.055335271870717406,0.27862472203560174
NFCorpus_train,PLAIN-46,Why Pepper Boosts Turmeric Blood Levels,2,bge,0.049846977118934044,0.27298149127977434,0.6125234194115572,0.0,0.24677613510506174,0.6447614941174287,0.0008808809798210859,0.06594588281586766,0.28782655694521964
NFCorpus_train,PLAIN-47,Foods That Fight Osteoarthritis & Inflammation,0,bm25,0.8628860377248463,0.784938736060196,0.7328387363640599,0.8558089743028391,0.783472535497149,0.7714091961726947,0.0007395499851554632,0.05224867700599134,0.2791010320652276
NFCorpus_train,PLAIN-49,The Spice That Helps Ease Rheumatoid Arthritis Pain,2,bge,0.5523985301033696,0.4656113999408191,0.7941704086013044,0.5288902028809934,0.4479904270915116,0.8359688511592678,0.00026259804144501686,0.05556514719501138,0.2783962870016694
NFCorpus_train,PLAIN-50,The Top Three DNA Protecting Spices,0,bm25,0.6294322017056704,0.6192618406493466,0.5795435889915881,0.6100458831490401,0.6100458831490401,0.6100458831490401,0.000619031023234129,0.05714046396315098,0.27787328604608774
NFCorpus_train,PLAIN-51,The Top Four Anti-Inflammatory Spices,1,l6,0.1423089138384051,0.6198306921594878,0.5795435889915881,0.09721561096838863,0.6100458831490401,0.6100458831490401,0.00025563500821590424,0.05407537706196308,0.2783689459320158
NFCorpus_train,PLAIN-52,Superbugs on Retail Chicken,1,l6,0.28904611198056396,0.7170463569302257,0.2017616000178008,0.2516477020552659,0.7126042168130119,0.21238063159768505,0.0001069412101060152,0.055281247245147824,0.2784206361975521
NFCorpus_train,PLAIN-53,Foods for Computer Eye Strain,0,bm25,0.21364332076189374,0.04016900268921696,0.13544298087976997,0.1723941821847754,0.0,0.1425715588208105,0.0007280360441654921,0.0545725820120424,0.2775536412373185
NFCorpus_train,PLAIN-54,Currant Treatment for Glaucoma,0,bm25,0.833160768711001,0.8200535390977295,0.7537739241284617,0.8244657876659233,0.8210933633344505,0.7934462359246965,0.0004583310801535845,0.05599573417566717,0.280394887086004
NFCorpus_train,PLAIN-57,How Long to Avoid Fish Before Conception?,2,bge,0.3628456271892107,0.4694224161839424,0.6979908733668637,0.32938109787968023,0.45174133330049643,0.7347272351230145,0.0003723020199686289,0.054553099907934666,0.28028122801333666
NFCorpus_train,PLAIN-58,Boosting Anti-Cancer Immunity with Berries,0,bm25,0.6982234994298363,0.6722891423812506,0.6318153834873821,0.6823721293655722,0.6650688247235601,0.6650688247235601,0.00016758404672145844,0.05317327310331166,0.27908842801116407
NFCorpus_train,PLAIN-59,The Vitamin Everyone on a Plant-Based Diet Needs,2,bge,0.18527396918336916,0.04012147465422065,0.34390264171970836,0.1425715588208105,0.0,0.36200278075758774,0.0009503369219601154,0.05554602178744972,0.2811453118920326
NFCorpus_train,PLAIN-60,Comparing Vegans' Arteries to Runners',1,l6,0.6294048280152391,0.6855196223490688,0.6455032498315265,0.6100458831490401,0.6794771050858174,0.6794771050858174,0.0007814560085535049,0.05622449400834739,0.28158349310979247
NFCorpus_train,PLAIN-61,"Add Beans, Berries, and Greens to More Meals",2,bge,0.2451933793254859,0.3435242178594514,0.619986569871358,0.20552129391196988,0.31943122193677725,0.6526174419698506,0.00028976891189813614,0.0555253338534385,0.27943058987148106
NFCorpus_train,PLAIN-63,How to Get Enough Antioxidants Each Day,0,bm25,0.15261778653197855,0.11762714614715652,0.13544298087976997,0.10811053247825145,0.08181039409947585,0.1425715588208105,0.0004889359697699547,0.05657803500071168,0.28029108489863575
NFCorpus_train,PLAIN-64,The Reason We Need More Antioxidants,2,bge,0.049907237029941626,0.1753883430421988,0.6125234194115572,0.0,0.1425715588208105,0.6447614941174287,0.0005182588938623667,0.056174413999542594,0.27934578503482044
NFCorpus_train,PLAIN-65,How Avoiding Eggs Could Help You Avoid Diabetes,1,l6,0.28185990724608134,0.7894205980775325,0.7684378996015926,0.2441910256971609,0.7883441024473532,0.8088819995806238,0.0006810061167925596,0.053253260208293796,0.28009459213353693
NFCorpus_train,PLAIN-69,Does Caramel Color Cause Cancer?,0,bm25,0.6293979000191169,0.6189120997227641,0.5795435889915881,0.6100458831490401,0.6100458831490401,0.6100458831490401,0.0008083309512585402,0.05898704403080046,0.2774166560266167
NFCorpus_train,PLAIN-70,We Can End the Heart Disease Epidemic,1,l6,0.26044699689694667,0.38070586525790295,0.3557314553357324,0.2216896082411867,0.35863035642611496,0.3744541635112973,0.0008875129278749228,0.05608575697988272,0.2806259710341692
NFCorpus_train,PLAIN-71,How to Prevent Heart Disease,2,bge,0.049820762603941755,0.03984417264367797,0.1637744730755366,0.0,0.0,0.1723941821847754,0.0010260920971632004,0.0581397321075201,0.28623828501440585
NFCorpus_train,PLAIN-72,How Seafood Can Impact Brain Development,1,l6,0.21365167233652949,0.3434731128302845,0.3349304169807732,0.1723941821847754,0.31943122193677725,0.3525583336639718,0.000690059969201684,0.056117878993973136,0.2809673519805074
NFCorpus_train,PLAIN-73,Why Pregnant Women Should Avoid Tuna,2,bge,0.04990716166134661,0.04020302832624473,0.08424853391861256,0.0,0.0,0.08868266728275007,0.0005202100146561861,0.05489631602540612,0.28016982111148536
NFCorpus_train,PLAIN-74,How Fatty Foods May Affect Our Love Life,2,bge,0.3531900954762694,0.3283358510361186,0.3685273982316365,0.31943122193677725,0.30346030155133485,0.38792357708593317,0.0015165130607783794,0.05598449893295765,0.28128856024704874
NFCorpus_train,PLAIN-75,Can One Become a Sugar Addict?,0,bm25,0.8661260508947299,0.4516707560445155,0.30345966083993836,0.859181398634312,0.4330123093464013,0.31943122193677725,0.0005402301903814077,0.054377403343096375,0.28055800311267376
NFCorpus_train,PLAIN-76,Where are Phosphate Additives Found?,0,bm25,0.8994223378487253,0.8613474344832893,0.7739481286928269,0.8942748604427979,0.86445576451351,0.8146822407292915,0.0007850751280784607,0.055922445142641664,0.282849672017619
NFCorpus_train,PLAIN-79,What to Eat to Reduce Our Toxic Exposure,1,l6,0.16623441454040383,0.3364117602326346,0.21060512782912735,0.12253246782267099,0.3116553492467726,0.2216896082411867,0.0009638220071792603,0.054315570974722505,0.28111258801072836
NFCorpus_train,PLAIN-80,Our Immune System Uses Plants To Activate Gut Protection,0,bm25,0.4656810479012551,0.39631698817054895,0.3635316339438068,0.4378838762966054,0.3748578735694035,0.3826648778355861,0.0017356111202389002,0.055099151097238064,0.2811757382005453
NFCorpus_train,PLAIN-82,Are Canned Beans as Healthy as Home Cooked?,0,bm25,0.6624322830104519,0.6198775376399677,0.3364394912599076,0.6447614941174287,0.6100458831490401,0.3541468329051659,0.0005075910594314337,0.05383580201305449,0.2784787709824741
NFCorpus_train,PLAIN-84,Can Eating Soy Prevent Breast Cancer?,1,l6,0.8228900234540516,0.8281395375739747,0.3003121003984074,0.813753566530828,0.8290905210915487,0.3161180004193762,0.0009833730291575193,0.05310080689378083,0.27958218683488667
NFCorpus_train,PLAIN-85,Eat Beans to Live Longer,1,l6,0.6294888501265525,0.7229923354848571,0.23906531695250258,0.6100458831490401,0.718676239575155,0.2516477020552659,0.00030924612656235695,0.05508295097388327,0.2824740030337125
NFCorpus_train,PLAIN-86,Overdosing on Poppy Seeds,0,bm25,0.7477622376832821,0.738207092156553,0.6977750443273205,0.7345000466603374,0.7345000466603374,0.7345000466603374,7.196888327598572e-05,0.053768561920151114,0.2809826019220054
NFCorpus_train,PLAIN-87,The Healthiest Diet for Weight Control,0,bm25,0.04978241496480916,0.04019414585964608,0.0,0.0,0.0,0.0,0.0012392140924930573,0.05584737309254706,0.28476546914316714
NFCorpus_train,PLAIN-88,Why Athletes Should Eat Nutritional Yeast,1,l6,0.43885598335732745,0.7172275082610241,0.6245680620671247,0.40939696294236316,0.7124630069083355,0.6574400653338155,0.00039829802699387074,0.053824011934921145,0.2799732710700482
NFCorpus_train,PLAIN-92,Why the Egg-Cancer Link?,0,bm25,0.12768473011400155,0.041218146027182226,0.11640584443153744,0.08181039409947585,0.0,0.12253246782267099,0.0001950280275195837,0.04873360996134579,0.2774676629342139
NFCorpus_train,PLAIN-93,How Eggs Can Impact Body Odor,0,bm25,0.049901132989883544,0.040177617883620946,0.0,0.0,0.0,0.0,0.0005564230959862471,0.05528032314032316,0.28139977902173996
NFCorpus_train,PLAIN-94,How to Design a Misleading Study,0,bm25,0.049721194814653875,0.039667254022478615,0.0,0.0,0.0,0.0,0.0015776068903505802,0.058467389084398746,0.2829228029586375
NFCorpus_train,PLAIN-95,How Grapefruit Affects Prescription Drugs,1,l6,0.8695094022055583,0.9586332202898442,0.9185292438591651,0.8627260553676395,0.9668728882728055,0.9668728882728055,0.0004564260598272085,0.056213825941085815,0.28402229212224483
NFCorpus_train,PLAIN-97,Test to See If Your Diet is Alkaline or Acid Forming,1,l6,0.7847833394137231,0.8603944086992958,0.8030577445488999,0.7736991811496752,0.863664922155261,0.845323941630421,0.00128839910030365,0.05629017413593829,0.2790159722790122
NFCorpus_train,PLAIN-98,Does Animal Protein Cause Osteoporosis?,1,l6,0.049855677228879194,0.25067451322886486,0.0,0.0,0.2216896082411867,0.0,0.000809060875326395,0.05567015986889601,0.28029564185999334
NFCorpus_train,PLAIN-99,Quadrupling Breast Cancer Survival,0,bm25,0.04988473667261759,0.040107550905969715,0.0,0.0,0.0,0.0,0.0006532929837703705,0.056068723089993,0.28339151688851416
NFCorpus_train,PLAIN-100,Cancer and the Animal-to-Plant Protein Ratio,2,bge,0.12754644490265166,0.28773770277942534,0.6455032498315265,0.08181039409947585,0.26088874273052437,0.6794771050858174,0.0009837239049375057,0.05732650589197874,0.28360917582176626
NFCorpus_train,PLAIN-103,How Plant-Based Diets May Extend Our Lives,0,bm25,0.049762144496204065,0.03968038235968826,0.0,0.0,0.0,0.0,0.001348207937553525,0.05849345587193966,0.28340902691707015
NFCorpus_train,PLAIN-104,A Low Methionine Diet May Help Starve Cancer Cells,0,bm25,0.9681405103885478,0.8603449483901054,0.885549413439196,0.9668728882728055,0.863664922155261,0.9321572773044169,0.002191761042922735,0.05715300189331174,0.2819105130620301
NFCorpus_train,PLAIN-105,How Animal Proteins May Trigger Autoimmune Disease,0,bm25,0.16611534878047568,0.1427482034427902,0.13544298087976997,0.12253246782267099,0.10811053247825145,0.1425715588208105,0.001636076020076871,0.05607686587609351,0.28160077682696283
NFCorpus_train,PLAIN-106,Handling Poultry Tied to Liver/Pancreatic Cancers,2,bge,0.36726205779730536,0.6905612329325994,0.6979908733668637,0.33407023983887174,0.6844278360693264,0.7347272351230145,0.0005930170882493258,0.05464576696977019,0.2832792620174587
NFCorpus_train,PLAIN-107,Improving Attractiveness in Six Weeks,0,bm25,0.7148957051971089,0.61972360545666,0.619986569871358,0.7000116241546259,0.6100458831490401,0.6526174419698506,0.0006532149855047464,0.05561544606462121,0.2831748437602073
NFCorpus_train,PLAIN-108,Want to be Healthier? Change Your Taste Buds,0,bm25,0.7268890033053089,0.530759590246257,0.1637744730755366,0.7126042168130119,0.5168612641181795,0.1723941821847754,0.0004933038726449013,0.05953474808484316,0.29016964393667877
NFCorpus_train,PLAIN-109,How to Get Parents to Eat Their Vegetables,1,l6,0.6667119180808991,0.7382145904595494,0.6859462307112965,0.6492450176383777,0.7345000466603374,0.7220486639066279,0.00039782095700502396,0.05368271004408598,0.2807539829518646
NFCorpus_train,PLAIN-110,How To Get Our Kids to Eat Their Vegetables,1,l6,0.18285809762511912,0.6878673001879305,0.6594159250643207,0.1399209265777273,0.6814434551671087,0.6941220263834955,0.0003737939987331629,0.05319544696249068,0.2798587251454592
NFCorpus_train,PLAIN-114,How to Treat ADHD Without Drugs,2,bge,0.35336431537810153,0.24981272052237588,0.6318153834873821,0.31943122193677725,0.2216896082411867,0.6650688247235601,0.0005370478611439466,0.06078988080844283,0.2816326287575066
NFCorpus_train,PLAIN-115,Avoid Butter-Flavored Microwave Popcorn,1,l6,0.6295238937199856,0.6861574708503608,0.6455032498315265,0.6100458831490401,0.6794771050858174,0.6794771050858174,0.00010996311902999878,0.05217958032153547,0.27916121506132185
NFCorpus_train,PLAIN-116,Pistachios May Help Erectile Dysfunction,0,bm25,0.9649854443160092,0.9136983551603262,0.8296846830474974,0.96331803895032,0.9194787060880301,0.8733522979447341,0.0009457229170948267,0.055636225966736674,0.2836725879460573
NFCorpus_train,PLAIN-117,Foods for a Long Life and Love Life,0,bm25,0.04985160752897461,0.03992218924780053,0.0,0.0,0.0,0.0,0.0008394201286137104,0.057007725117728114,0.2828378430567682
NFCorpus_train,PLAIN-118,Pills vs. Diet For Erectile Dysfunction,0,bm25,0.8384426497529957,0.7234447734710729,0.7204254524507,0.8300792533881374,0.719143447037715,0.7583425815270527,0.0007570190355181694,0.05559746804647148,0.2853639640379697
NFCorpus_train,PLAIN-119,Which Seaweed to Help Prevent Breast Cancer?,0,bm25,0.9353837014632348,0.8957573995051854,0.7609747491417919,0.9321572773044169,0.900346883204941,0.801026051728202,0.000927948160097003,0.053601734107360244,0.27998826117254794
NFCorpus_train,PLAIN-120,Preloading With Watercress Before Exercise,0,bm25,0.6745403010802332,0.6569495802913505,0.6125234194115572,0.6574400653338155,0.6492450176383777,0.6447614941174287,0.00015625101514160633,0.05534548801369965,0.28142193891108036
NFCorpus_train,PLAIN-121,Berries to Prevent Muscle Soreness,0,bm25,0.7808843015093448,0.41585062079379603,0.2688413442575726,0.7694428460914032,0.395312317475795,0.2829908886921817,0.0004872898571193218,0.054683764930814505,0.281989011913538
NFCorpus_train,PLAIN-124,Toxin Contamination of Spirulina Supplements,0,bm25,0.3533871333813702,0.2506108501288952,0.1637744730755366,0.31943122193677725,0.2216896082411867,0.1723941821847754,0.0004075770266354084,0.05616408004425466,0.28098118607886136
NFCorpus_train,PLAIN-125,Is Noni or Mangosteen Juice Safe?,0,bm25,0.7927637455360675,0.7831229653270461,0.7427995174028571,0.7818942288451127,0.7818942288451127,0.7818942288451127,0.00020187301561236382,0.054608129896223545,0.28216729196719825
NFCorpus_train,PLAIN-126,Should Carrageenan Be Avoided?,0,bm25,0.9053111340222728,0.891748647285511,0.855329539044694,0.900346883204941,0.8954753162547369,0.900346883204941,0.00010202103294432163,0.049626911990344524,0.2771554160863161
NFCorpus_train,PLAIN-127,Treating Menstrual Pain With Diet,0,bm25,0.8977181487969433,0.8911818292497811,0.8091181365408878,0.8924909353525192,0.895863359683992,0.8517033016219873,0.0008459419477730989,0.05642871395684779,0.2853289118502289
NFCorpus_train,PLAIN-128,Cayenne for Irritable Bowel,2,bge,0.1276991365246372,0.1178703169816702,0.13544298087976997,0.08181039409947585,0.08181039409947585,0.1425715588208105,0.00011903303675353527,0.05653534992597997,0.28699436713941395
NFCorpus_train,PLAIN-129,Natural Treatment for Cluster Headaches,0,bm25,0.8229094930112293,0.8144860601338991,0.7730658882042866,0.8137046229445886,0.8150213405723072,0.813753566530828,0.0006221800576895475,0.05539226299151778,0.2830695768352598
NFCorpus_train,PLAIN-130,Foods With Natural Melatonin,0,bm25,0.9998617576182796,0.9902333570923663,0.9170201695800307,1.0,1.0,0.9652843890316114,0.0007837570738047361,0.055371409049257636,0.28347206697799265
NFCorpus_train,PLAIN-131,Two Kiwifruit an Hour Before Bedtime,1,l6,0.6744847565157734,0.7337373841087217,0.6547879364616267,0.6574400653338155,0.7300063305502305,0.6892504594332913,0.00047391699627041817,0.05557276401668787,0.28444502712227404
NFCorpus_train,PLAIN-134,Breast Cancer and Wine,1,l6,0.6953886570695125,0.7678897848004697,0.7350142220921914,0.6794771050858174,0.7660704217599303,0.7736991811496752,0.0006468158680945635,0.05575112393125892,0.2822237010113895
NFCorpus_train,PLAIN-135,Why Do Vegan Women Have Fewer Female Cancers?,1,l6,0.049835577547248856,0.6596042925733282,0.34390264171970836,0.0,0.6526174419698506,0.36200278075758774,0.0009306010324507952,0.058761792024597526,0.2829908619169146
NFCorpus_train,PLAIN-136,When a Scraped Knee May Once Again Kill,0,bm25,0.04985462441800284,0.03989103891909998,0.0,0.0,0.0,0.0,0.000833617988973856,0.05796717503108084,0.2867118320427835
NFCorpus_train,PLAIN-137,Why We Should Eat More Beans,0,bm25,0.26057082376570284,0.12445456805717478,0.11640584443153744,0.2216896082411867,0.08868266728275007,0.12253246782267099,0.00019319704733788967,0.05515863420441747,0.2815949891228229
NFCorpus_train,PLAIN-138,Egg Industry Caught Making False Claims,0,bm25,0.04994816864452711,0.04014946816336562,0.0,0.0,0.0,0.0,0.00029336591251194477,0.055754093918949366,0.2830004249699414
NFCorpus_train,PLAIN-139,Male Fertility and Dietary Pollutants,1,l6,0.17243354526232163,0.7783101759187958,0.7624414599276679,0.1290260050678645,0.777071605481148,0.8025699578185977,0.0008038850501179695,0.0564238962251693,0.2847434119321406
NFCorpus_train,PLAIN-140,Trans Fat in Animal Fat,0,bm25,0.7597198943490302,0.44088995231359274,0.3383075238371344,0.7471786178767241,0.4218483456960727,0.3561131829864573,0.0005662080366164446,0.055978029035031796,0.283692300086841
NFCorpus_train,PLAIN-141,Ginger & Lemon Balm for Radiation Exposure,0,bm25,0.9128153489254913,0.8177838076737849,0.7382180252070906,0.9082950973757999,0.8185761898947927,0.777071605481148,0.00036835484206676483,0.055902362801134586,0.2833778609056026
NFCorpus_train,PLAIN-144,How Risky are CT Scans?,1,l6,0.4386999430586441,0.7165270770203488,0.672258364367152,0.40916977447968594,0.7124630069083355,0.7076403835443706,6.197788752615452e-05,0.05635029193945229,0.27320613083429635
NFCorpus_train,PLAIN-145,Fukushima Radiation and Seafood,1,l6,0.8155864405240336,0.8474617970248841,0.47266966543187383,0.8058976186784061,0.8493978516976801,0.4975470162440777,9.214784950017929e-05,0.053523635026067495,0.2827103240415454
NFCorpus_train,PLAIN-146,Tea and Fluoride Risk,0,bm25,0.3533047630061679,0.040202779911335244,0.0,0.31943122193677725,0.0,0.0,0.0008797489572316408,0.05564373591914773,0.28397716605104506
NFCorpus_train,PLAIN-147,Does Cranberry Juice Work Against Bladder Infections?,0,bm25,0.9650839249628876,0.9588010597468013,0.87978099181516,0.96331803895032,0.9668728882728055,0.9260852545422738,0.000387498177587986,0.05526375724002719,0.2840394291561097
NFCorpus_train,PLAIN-148,How Avoiding Chicken Could Prevent Bladder Infections,0,bm25,0.30548524547290323,0.2718158134647549,0.14787660057237223,0.2690837904259621,0.24379175420284405,0.1556595795498655,0.0008227459620684385,0.05577678885310888,0.28497229097411036
NFCorpus_train,PLAIN-149,Preventing Bacterial Vaginosis With Diet,0,bm25,0.74759900145334,0.7381678188533918,0.7235075533270323,0.7345000466603374,0.7345000466603374,0.7615868982389814,0.000992452958598733,0.054161347914487123,0.2818781971000135
NFCorpus_train,PLAIN-150,Treating Migraines With Lavender,0,bm25,0.9595196236882155,0.9181180205176636,0.8647483750842367,0.9574284411791896,0.9241189044609823,0.9102614474570914,0.0002105310559272766,0.055144136073067784,0.2814930120948702
NFCorpus_train,PLAIN-151,Using Lavender to Treat Anxiety,0,bm25,0.9102865252076748,0.8504851587458857,0.8026686117678945,0.9057779239361423,0.8529527010201656,0.8449143281767311,0.0011503270361572504,0.055782536044716835,0.2840278160292655
NFCorpus_train,PLAIN-154,Probiotics During Cold Season?,1,l6,0.5202012243012893,0.6153972659224852,0.4996857367114766,0.49496543427085393,0.6052385058825713,0.5259849860120807,9.055295959115028e-05,0.0544247308280319,0.2840742408297956
NFCorpus_train,PLAIN-155,Probiotics and Diarrhea,0,bm25,0.827637450247307,0.8237012780279566,0.7742702735436918,0.8185761898947927,0.8244657876659233,0.8150213405723072,5.66910021007061e-05,0.05447059590369463,0.28544879192486405
NFCorpus_train,PLAIN-156,Mushrooms and Immunity,0,bm25,0.34284408268779387,0.28269907744924383,0.21060512782912735,0.30828292491529974,0.25481671996838123,0.2216896082411867,0.00013779406435787678,0.052318968111649156,0.2789807382505387
NFCorpus_train,PLAIN-158,Raspberries Reverse Precancerous Lesions,1,l6,0.7927716060042634,0.8180924871525088,0.7427995174028571,0.7818942288451127,0.8185761898947927,0.7818942288451127,0.00015919608995318413,0.054497507167980075,0.28518114099279046
NFCorpus_train,PLAIN-159,Strawberries Can Reverse Precancerous Progression,2,bge,0.6745252624781216,0.6815109759095286,0.6979908733668637,0.6574400653338155,0.6749833889757104,0.7347272351230145,0.0002437878865748644,0.05538391997106373,0.2848016677889973
NFCorpus_train,PLAIN-160,Anti-Cancer Nutrient Synergy in Cranberries,2,bge,0.36411532747207626,0.7947596072258077,0.8030577445488999,0.3306978155073989,0.7942337002184836,0.845323941630421,0.000270643038675189,0.05551008111797273,0.28430527192540467
NFCorpus_train,PLAIN-161,Which Common Fruit Fights Cancer Better?,0,bm25,0.6815451769120746,0.39573120794319233,0.5795435889915881,0.6650688247235601,0.3744541635112973,0.6100458831490401,0.0015377630479633808,0.056912052910774946,0.28455322491936386
NFCorpus_train,PLAIN-163,Half of Doctors Give Placebos,1,l6,0.7641481509079118,0.8902397035176307,0.8534615064674671,0.7518033513023495,0.8954753162547369,0.8983805331236496,0.0003709851298481226,0.059680467238649726,0.2852291171438992
NFCorpus_train,PLAIN-166,Best Nutrition Bang for Your Buck,0,bm25,0.049923781788246024,0.041082425614270265,0.0,0.0,0.0,0.0,0.0004297061823308468,0.05027586920186877,0.28189206519164145
NFCorpus_train,PLAIN-167,Schoolchildren Should Drink More Water,1,l6,0.753676395724595,0.8157147731034479,0.783242498282627,0.7407674952715652,0.8166098398135014,0.8244657876659233,0.00029820390045642853,0.0569238078314811,0.28279291186481714
NFCorpus_train,PLAIN-168,Why Are Eggs Linked to Cancer Progression?,0,bm25,0.735792311730625,0.7306350498506481,0.690527722907063,0.7220486639066279,0.7268712872705927,0.7268712872705927,0.0008821480441838503,0.056697375141084194,0.286562463035807
NFCorpus_train,PLAIN-169,Avoid Carnitine and Lethicin Supplements,0,bm25,0.730281931631157,0.6197865574861724,0.0,0.7161590661354974,0.6100458831490401,0.0,0.00039194198325276375,0.05527788493782282,0.28327204287052155
NFCorpus_train,PLAIN-170,Treating Breast Pain with Flax Seeds,0,bm25,0.7059429654236621,0.4233663746901025,0.24545299082632335,0.69056717706101,0.40350736517123265,0.2583715692908667,0.0005491939373314381,0.05709859495982528,0.2864778218790889
NFCorpus_train,PLAIN-171,Treating Breast Pain With Diet,0,bm25,0.7807837668690187,0.7694732093438942,0.5795435889915881,0.7694428460914032,0.7676271583875319,0.6100458831490401,0.0010645268484950066,0.05565078184008598,0.28472889703698456
NFCorpus_train,PLAIN-172,Tarragon Toxicity?,0,bm25,0.7927649265624999,0.7831674788206392,0.7427995174028571,0.7818942288451127,0.7818942288451127,0.7818942288451127,0.00019532302394509315,0.054388933116570115,0.2823334471322596
NFCorpus_train,PLAIN-173,Nutmeg Toxicity,1,l6,0.2605735445686596,0.3742414180006177,0.30345966083993836,0.2216896082411867,0.35124161603625315,0.31943122193677725,0.00017775106243789196,0.053117864998057485,0.28140074806287885
NFCorpus_train,PLAIN-176,Industry Influence on Our Dietary Guidelines,2,bge,0.2952731884817456,0.3432455293424088,0.3557314553357324,0.2583715692908667,0.31943122193677725,0.3744541635112973,0.0010158310178667307,0.05770687595941126,0.2824854759965092
NFCorpus_train,PLAIN-177,Flax and Breast Cancer Survival,0,bm25,0.19650401686155602,0.16242977239896406,0.0,0.15434286192214686,0.1290260050678645,0.0,0.0006917549762874842,0.05766388005577028,0.28420041501522064
NFCorpus_train,PLAIN-178,Flax and Breast Cancer Prevention,0,bm25,0.04983833804993371,0.03974013609281305,0.0,0.0,0.0,0.0,0.0009166128002107143,0.05817276472225785,0.2834967658855021
NFCorpus_train,PLAIN-179,Treating Sensitive Skin From the Inside Out,0,bm25,0.7476978849469856,0.737919363638397,0.6977750443273205,0.7345000466603374,0.7345000466603374,0.7345000466603374,0.00044089602306485176,0.05631629494018853,0.28570474591106176
NFCorpus_train,PLAIN-180,Flaxseeds for Diabetes,2,bge,0.43886921532617384,0.42343745469912053,0.6650110429468946,0.40939696294236316,0.40350736517123265,0.7000116241546259,0.00033054896630346775,0.056488094851374626,0.28545077494345605
NFCorpus_train,PLAIN-181,Flaxseeds for Prostate Cancer,0,bm25,0.8647859070559131,0.854996673252248,0.8204816760474979,0.8577753243841305,0.8577753243841305,0.863664922155261,0.0005702411290258169,0.05603136611171067,0.2832761281169951
NFCorpus_train,PLAIN-182,Why Is Selling Salmonella-Tainted Chicken Legal?,0,bm25,0.6295210048137111,0.2129151793853914,0.29286877866953476,0.6100458831490401,0.18177069331014817,0.30828292491529974,0.00012787384912371635,0.05530160269699991,0.2831049459055066
NFCorpus_train,PLAIN-184,Raisins vs. Energy Gels for Athletic Performance,1,l6,0.6608713289606523,0.685508942548092,0.6455032498315265,0.6431729948762346,0.6794771050858174,0.6794771050858174,0.000812985934317112,0.05681337392888963,0.284228672971949
NFCorpus_train,PLAIN-187,Best Dried Fruit For Cholesterol,1,l6,0.7131471959081921,0.7186274815227454,0.6455032498315265,0.6981959364507546,0.714192716054206,0.6794771050858174,0.0007951147854328156,0.056399326771497726,0.2861283638048917
NFCorpus_train,PLAIN-188,"Eggs, Cigarettes, and Atherosclerosis",1,l6,0.35341950053820725,0.6197373813628465,0.5795435889915881,0.31943122193677725,0.6100458831490401,0.6100458831490401,0.00022921082563698292,0.055967929773032665,0.285369899822399
NFCorpus_train,PLAIN-189,Rooibos & Nettle Tea,0,bm25,0.7404999359626423,0.7015424784949439,0.672258364367152,0.7268712872705927,0.6966391998231531,0.7076403835443706,0.00015741214156150818,0.0581495410297066,0.2832483830861747
NFCorpus_train,PLAIN-190,Hibiscus Tea: The Best Beverage?,0,bm25,0.04995142286019411,0.04037913779574914,0.0,0.0,0.0,0.0,0.0002771499566733837,0.05489045986905694,0.2852678829804063
NFCorpus_train,PLAIN-191,Treating Parkinson’s Disease With Diet,1,l6,0.8491539945585765,0.9256870765106132,0.8825409478406272,0.8415419038452583,0.9321572773044169,0.9289904714111865,0.0017723310738801956,0.05623723799362779,0.28511111717671156
NFCorpus_train,PLAIN-192,Avoiding Dairy to Prevent Parkinson's,0,bm25,0.2604861057673623,0.2508308612066023,0.21060512782912735,0.2216896082411867,0.2216896082411867,0.2216896082411867,0.0006751499604433775,0.0554443069268018,0.2836238720919937
NFCorpus_train,PLAIN-193,The Science on Acai Berries,1,l6,0.7881931243613698,0.8082439928394181,0.783242498282627,0.777071605481148,0.808641980580741,0.8244657876659233,0.0001395640429109335,0.05585672613233328,0.2802395639009774
NFCorpus_train,PLAIN-194,NutritionFacts.org Video Hits a Million Views,0,bm25,0.04996936354020212,0.03998361587190348,0.0,0.0,0.0,0.0,0.00017451681196689606,0.05705709592439234,0.28481882880441844
NFCorpus_train,PLAIN-197,The Best Way to Prevent the Common Cold?,1,l6,0.26046281580456954,0.3331886580985916,0.28082413601396733,0.2216896082411867,0.30828292491529974,0.29560435369891297,0.0008094569202512503,0.055059581995010376,0.284395124996081
NFCorpus_train,PLAIN-198,Which Pets Improve Children’s Health?,0,bm25,0.8298422638578578,0.7782844155422288,0.8204816760474979,0.8210933633344505,0.777071605481148,0.863664922155261,0.0011270379181951284,0.05699475691653788,0.28687837976031005
NFCorpus_train,PLAIN-199,"Vitamin D from Mushrooms, Sun, or Supplements?",1,l6,0.7881370085930745,0.8144849233306505,0.8013328412302222,0.777071605481148,0.8150213405723072,0.8435082539265497,0.0004638379905372858,0.05602328898385167,0.2862610318697989
NFCorpus_train,PLAIN-200,Is Coconut Oil Bad For You?,1,l6,0.8332113921948738,0.8583752921367869,0.8405249403636593,0.8244657876659233,0.8611477487156033,0.8847630951196415,0.0001769771333783865,0.05527358828112483,0.28447346831671894
NFCorpus_train,PLAIN-201,Do Vegans Get More Cavities?,1,l6,0.7166420246207204,0.7769927532099613,0.6455032498315265,0.7017507857732401,0.7756655312309664,0.6794771050858174,0.0001212279312312603,0.05649286089465022,0.28562036785297096
NFCorpus_train,PLAIN-202,Head Shrinking from Grilling Meat,0,bm25,0.6294871248679225,0.619932563879342,0.5795435889915881,0.6100458831490401,0.6100458831490401,0.6100458831490401,0.00031818519346415997,0.0541598042473197,0.28175872820429504
NFCorpus_train,PLAIN-203,Broccoli Boosts Liver Detox Enzymes,2,bge,0.16441395831541472,0.04039838477210797,0.30345966083993836,0.12049306138222593,0.0,0.31943122193677725,0.0003109509125351906,0.05483252787962556,0.28553804010152817
NFCorpus_train,PLAIN-204,Dr. Greger's New Year-in-Review Presentation,0,bm25,0.04987207241081926,0.040585165070788964,0.0,0.0,0.0,0.0,0.0007255431264638901,0.05339636909775436,0.2835757052525878
NFCorpus_train,PLAIN-208,Estrogenic Chemicals in Meat,1,l6,0.2605287528573436,0.6570286221616252,0.6245680620671247,0.2216896082411867,0.6492450176383777,0.6574400653338155,0.0004362580366432667,0.055716210044920444,0.2856027481611818
NFCorpus_train,PLAIN-209,Plant-Based Diets for Fibromyalgia,0,bm25,0.9381853262906449,0.8727474052977168,0.8825409478406272,0.9350624941733297,0.8764847032763241,0.9289904714111865,0.0007118240464478731,0.05688629415817559,0.2869259240105748
NFCorpus_train,PLAIN-210,Apple Peels Turn On Anticancer Genes,0,bm25,0.7881678243809234,0.7754104400955115,0.7427995174028571,0.777071605481148,0.7736991811496752,0.7818942288451127,0.00028629577718675137,0.05477045779116452,0.2851504636928439
NFCorpus_train,PLAIN-211,Uric Acid From Meat and Sugar,0,bm25,0.2977273599056285,0.11794492294895895,0.11446840831311463,0.26088874273052437,0.08181039409947585,0.12049306138222593,0.0006703208200633526,0.056029029889032245,0.2865949268452823
NFCorpus_train,PLAIN-212,Go Nuts for Breast Cancer Prevention,0,bm25,0.04981942859938704,0.04027653968091793,0.0,0.0,0.0,0.0,0.0010189758613705635,0.054870103020220995,0.28215316985733807
NFCorpus_train,PLAIN-213,Prevent Breast Cancer by Any Greens Necessary,0,bm25,0.04981849185632547,0.040166444487019434,0.0,0.0,0.0,0.0,0.0010326569899916649,0.055946194101125,0.28446574602276087
NFCorpus_train,PLAIN-214,Why Less Breast Cancer in Asia?,0,bm25,0.16625746075859654,0.13250659139000856,0.15125370742873345,0.12253246782267099,0.09721561096838863,0.15921442887235102,0.0008447980508208275,0.056069330079481006,0.2846667810808867
NFCorpus_train,PLAIN-215,Mushrooms For Breast Cancer Prevention,1,l6,0.6666232195467763,0.6721325693519006,0.6455032498315265,0.6492450176383777,0.6650688247235601,0.6794771050858174,0.0009050839580595493,0.0549289439804852,0.2836414249613881
NFCorpus_train,PLAIN-218,Dr. Greger's Natural Nausea Remedy Recipe,1,l6,0.14230273999040097,0.44087922228124315,0.40075592841126906,0.09721561096838863,0.4218483456960727,0.4218483456960727,0.0002961549907922745,0.05615303688682616,0.2842700600158423
NFCorpus_train,PLAIN-219,Plant-Based Diets for Multiple Sclerosis,2,bge,0.2604635492673942,0.25100693610617697,0.6167827667564588,0.2216896082411867,0.2216896082411867,0.6492450176383777,0.0008064890280365944,0.05467520095407963,0.2848203210160136
NFCorpus_train,PLAIN-220,Plant-Based Diets for Rheumatoid Arthritis,1,l6,0.6276072801486028,0.9587979451815978,0.8836813808619691,0.6081437227514841,0.9668728882728055,0.9301909272231255,0.0007372149266302586,0.05550251295790076,0.28517526178620756
NFCorpus_train,PLAIN-221,How Tumors Use Meat to Grow,1,l6,0.2135259942435042,0.24337828355467478,0.11640584443153744,0.1723941821847754,0.21496574100558588,0.12253246782267099,0.0014121800195425749,0.061602269066497684,0.28416505502536893
NFCorpus_train,PLAIN-222,How to Gain Weight on Diet Soda,0,bm25,0.04984199553211014,0.04001019959605589,0.0,0.0,0.0,0.0,0.000905417837202549,0.057244858937337995,0.28651652997359633
NFCorpus_train,PLAIN-223,"Is There a Safe, Low-Calorie Sweetener?",1,l6,0.40570565557629734,0.6547258487002395,0.6455032498315265,0.3744541635112973,0.6467278441987201,0.6794771050858174,0.00014614895917475224,0.05475314077921212,0.28323705797083676
NFCorpus_train,PLAIN-224,Are Microgreens Healthier?,0,bm25,0.629527512548979,0.6180609728122916,0.5795435889915881,0.6100458831490401,0.6100458831490401,0.6100458831490401,4.397309385240078e-05,0.03140782890841365,0.13676251308061182
NFCorpus_train,PLAIN-225,Aspartame: Fibromyalgia & Preterm Birth,0,bm25,0.6295270908105385,0.6198621390699819,0.5795435889915881,0.6100458831490401,0.6100458831490401,0.6100458831490401,9.353994391858578e-05,0.05489103798754513,0.2834856268018484
NFCorpus_train,PLAIN-228,The Anti-Wrinkle Diet,0,bm25,0.0498822666997959,0.039804806364457636,0.0,0.0,0.0,0.0,0.0006666609551757574,0.05772994994185865,0.28312336187809706
NFCorpus_train,PLAIN-229,Treadmill Desks: Stand Up For Health,0,bm25,0.049895824887948206,0.03981205482191788,0.0,0.0,0.0,0.0,0.0005952881183475256,0.0582170020788908,0.2857151322532445
NFCorpus_train,PLAIN-231,Gerson Therapy for Cancer?,0,bm25,0.6294229515283152,0.6196570963645445,0.5795435889915881,0.6100458831490401,0.6100458831490401,0.6100458831490401,0.0006854787934571505,0.056176421931013465,0.2841069328133017
NFCorpus_train,PLAIN-232,Are Bioidentical Hormones Safe?,2,bge,0.6745250965535915,0.672097764461181,0.6803511128287225,0.6574400653338155,0.6650688247235601,0.7161590661354974,0.00024777487851679325,0.05603987188078463,0.28834157693199813
NFCorpus_train,PLAIN-233,Ergothioneine: A New Vitamin?,0,bm25,0.6294739534350788,0.619725577320074,0.5795435889915881,0.6100458831490401,0.6100458831490401,0.6100458831490401,0.00039835693314671516,0.05616488493978977,0.28602983383461833
NFCorpus_train,PLAIN-234,How To Reduce Dietary Antibiotic Intake,0,bm25,0.6952546026690889,0.156541765740744,0.3406988386048092,0.6794771050858174,0.12253246782267099,0.35863035642611496,0.0014240869786590338,0.05649493797682226,0.2863670280203223
NFCorpus_train,PLAIN-235,Countering Dietary Pollutants & Pesticides,1,l6,0.1341160438717211,0.6200393530923074,0.21060512782912735,0.08868266728275007,0.6100458831490401,0.2216896082411867,0.0007542169187217951,0.05410410580225289,0.2846315389033407
NFCorpus_train,PLAIN-236,Protecting Our Babies From Pollutants,0,bm25,0.04993784820423616,0.040475303551927244,0.0,0.0,0.0,0.0,0.0003483779728412628,0.0533885529730469,0.2802638029679656
NFCorpus_train,PLAIN-239,Saffron vs. Prozac for Depression,1,l6,0.8494453494455422,0.8549369310667296,0.783242498282627,0.8415419038452583,0.8575928993931178,0.8244657876659233,0.0001124129630625248,0.05647637392394245,0.2888426040299237
NFCorpus_train,PLAIN-240,Treating PMS with Saffron,0,bm25,0.6954650966962517,0.6857866169974467,0.6455032498315265,0.6794771050858174,0.6794771050858174,0.6794771050858174,0.0002165448386222124,0.055148460902273655,0.28378380578942597
NFCorpus_train,PLAIN-241,Eating Green to Prevent Cancer,0,bm25,0.04983559908052927,0.04027054881103706,0.0,0.0,0.0,0.0,0.0009342639241367579,0.05529090273194015,0.28414194006472826
NFCorpus_train,PLAIN-242,What Is the Healthiest Meat?,1,l6,0.21372838602889388,0.6197135472216082,0.10270500585433887,0.1723941821847754,0.6100458831490401,0.10811053247825145,0.0002636609133332968,0.0562370119150728,0.2860466579440981
NFCorpus_train,PLAIN-243,Lead Poisoning Risk From Venison,1,l6,0.049824852134035875,0.25128971953698775,0.13544298087976997,0.0,0.2216896082411867,0.1425715588208105,0.0009883260354399681,0.05256507406011224,0.28214047313667834
NFCorpus_train,PLAIN-244,The Real Paleo Diet,0,bm25,0.0498796835610455,0.03999967422625536,0.0,0.0,0.0,0.0,0.0006876981351524591,0.05715931626036763,0.2857872711028904
NFCorpus_train,PLAIN-245,How Much Soy Is Too Much?,1,l6,0.04996135117189786,0.20581213246483981,0.13544298087976997,0.0,0.17438195292028635,0.1425715588208105,0.00021716696210205555,0.05535100679844618,0.28094896115362644
NFCorpus_train,PLAIN-246,Vegan Men: More Testosterone But Less Cancer,1,l6,0.26043235932709907,0.6542013585149804,0.08424853391861256,0.2216896082411867,0.6467278441987201,0.08868266728275007,0.0010009310208261013,0.05903611215762794,0.2896740462165326
NFCorpus_train,PLAIN-249,Cancer-Proofing Your Body,0,bm25,0.04993354980867376,0.04028113697159458,0.0,0.0,0.0,0.0,0.00038148602470755577,0.05579533101990819,0.2870465961750597
NFCorpus_train,PLAIN-250,Plant-Based Workplace Intervention,1,l6,0.049947508850134235,0.2343176364368671,0.1637744730755366,0.0,0.20420457628425126,0.1723941821847754,0.00030042906291782856,0.05538391205482185,0.2861711580771953
NFCorpus_train,PLAIN-251,Biblical Daniel Fast Tested,1,l6,0.049904288131022344,0.12458678684356056,0.0,0.0,0.08868266728275007,0.0,0.0005494889337569475,0.05546880606561899,0.2870537058915943
NFCorpus_train,PLAIN-252,Poultry Paunch: Meat & Weight Gain,0,bm25,0.629445549687505,0.6200672308850534,0.5795435889915881,0.6100458831490401,0.6100458831490401,0.6100458831490401,0.0005645579658448696,0.05456947605125606,0.28792430297471583
NFCorpus_train,PLAIN-253,Diet vs. Exercise: What’s More Important?,0,bm25,0.16622849877935048,0.04032315754607515,0.08424853391861256,0.12253246782267099,0.0,0.08868266728275007,0.0010196599178016186,0.05563761084340513,0.2874781268183142
NFCorpus_train,PLAIN-254,The Ice Diet,0,bm25,0.04987869134769072,0.039910681787622845,0.0,0.0,0.0,0.0,0.0006880469154566526,0.057225302094593644,0.2835935039911419
NFCorpus_train,PLAIN-255,Boosting Gut Flora Without Probiotics,0,bm25,0.6294810485683764,0.156423372236831,0.5795435889915881,0.6100458831490401,0.12253246782267099,0.6100458831490401,0.00035872519947588444,0.05725839617662132,0.28679466899484396
NFCorpus_train,PLAIN-257,Burning Fat With Flavonoids,0,bm25,0.049934547384821976,0.03991912634446477,0.0,0.0,0.0,0.0,0.0003721348475664854,0.05731542385183275,0.2842780586797744
NFCorpus_train,PLAIN-260,Cholesterol Lowering in a Nut Shell,0,bm25,0.47113445817338895,0.4611574695882678,0.4212550834364073,0.4434264036172708,0.4434264036172708,0.4434264036172708,0.0006917929276823997,0.05791040509939194,0.28675291989929974
NFCorpus_train,PLAIN-261,The True Shelf Life of Cooking Oils,1,l6,0.12765219914305367,0.620050290513469,0.5795435889915881,0.08181039409947585,0.6100458831490401,0.6100458831490401,0.00038644205778837204,0.054209030931815505,0.28551209601573646
NFCorpus_train,PLAIN-262,Ractopamine and Yersinia in U.S. Pork,1,l6,0.938295969810547,0.9554852296108702,0.95,0.9350624941733297,0.96331803895032,1.0,7.706391625106335e-05,0.05559619190171361,0.2875593488570303
NFCorpus_train,PLAIN-264,How To Boost Serotonin Naturally,0,bm25,0.3698367454210524,0.21551156963150497,0.36638677661064845,0.33671382849411974,0.18419139647768146,0.3856702911691036,0.00023768306709825993,0.05438101221807301,0.287114764098078
NFCorpus_train,PLAIN-265,Magnesium-Rich Foods to Prevent Sudden Death,1,l6,0.1795125528239403,0.3095188373682803,0.0,0.1365204777414663,0.2839863481723558,0.0,0.0010615650098770857,0.05992464581504464,0.29179741512052715
NFCorpus_train,PLAIN-266,How to Enhance Mineral Absorption,1,l6,0.32801576204928107,0.41253326351125486,0.37995489005630984,0.2926991368300002,0.3917574681533095,0.3999525158487472,0.0002769541461020708,0.05512051796540618,0.28600364923477173
NFCorpus_train,PLAIN-267,Eating To Extend Our Lifespan,0,bm25,0.0499609611177909,0.04085103071864518,0.0,0.0,0.0,0.0,0.00022162683308124542,0.05193942482583225,0.2838539688382298
NFCorpus_train,PLAIN-268,Kiwi Fruit for Irritable Bowel Syndrome,0,bm25,0.04992133668044935,0.04041739384621693,0.0,0.0,0.0,0.0,0.0004631918855011463,0.05642509669996798,0.29441414889879525
NFCorpus_train,PLAIN-271,How Much Arsenic In Rice Came From Chickens?,0,bm25,0.9237517976289668,0.5301431899652898,0.8385463025695953,0.9197850312332911,0.5153606369886217,0.8826803184943108,0.00024859397672116756,0.05340969981625676,0.28260849392972887
NFCorpus_train,PLAIN-272,How Does Meat Cause Inflammation?,1,l6,0.6294268286954573,0.6570106650350891,0.6125234194115572,0.6100458831490401,0.6492450176383777,0.6447614941174287,0.0006684830877929926,0.05594782601110637,0.2862630148883909
NFCorpus_train,PLAIN-273,Treating Crohn’s Disease With Diet,0,bm25,0.04977466715701435,0.040255882356077854,0.0,0.0,0.0,0.0,0.00129479612223804,0.05599115323275328,0.2873074570670724
NFCorpus_train,PLAIN-274,Antioxidants in a Pinch: Dried Herbs and Spices,0,bm25,0.21371612136949586,0.20419692142659482,0.1637744730755366,0.1723941821847754,0.1723941821847754,0.1723941821847754,0.0003339329268783331,0.05481004877947271,0.2861381007824093
NFCorpus_train,PLAIN-275,The Most Anti-Inflammatory Mushroom,0,bm25,0.35344426355059555,0.1217214699550962,0.11640584443153744,0.31943122193677725,0.08868266728275007,0.12253246782267099,2.8924085199832916e-05,0.023532315157353878,0.09392590005882084
NFCorpus_train,PLAIN-276,Why is it Legal to Sell Unsafe Meat?,0,bm25,0.6294949815274133,0.2504827747765397,0.5795435889915881,0.6100458831490401,0.2216896082411867,0.6100458831490401,0.0002784430980682373,0.05798490811139345,0.2864201031625271
NFCorpus_train,PLAIN-277,Health Food Store Advice: Often Worthless or Worst,0,bm25,0.8228171888894527,0.8177348632858101,0.783242498282627,0.8137046229445886,0.8185761898947927,0.8244657876659233,0.0011442939285188913,0.05609629093669355,0.28295684279873967
NFCorpus_train,PLAIN-278,Adding FDA-Approved Viruses to Meat,1,l6,0.04993107986187134,0.6197120797947366,0.5795435889915881,0.0,0.6100458831490401,0.6100458831490401,0.00039210892282426357,0.055934630800038576,0.28446614695712924
NFCorpus_train,PLAIN-281,Preserving Vision Through Diet,1,l6,0.3533362702246883,0.6200730119774799,0.5795435889915881,0.31943122193677725,0.6100458831490401,0.6100458831490401,0.0007149321027100086,0.05487305112183094,0.28970278706401587
NFCorpus_train,PLAIN-282,Skim Milk and Acne,0,bm25,0.9000118626328519,0.8968910909960882,0.8292508288014167,0.8947803574510096,0.901549037640647,0.8728956092646492,0.00016888906247913837,0.0548917381092906,0.28647653106600046
NFCorpus_train,PLAIN-284,Do Eden Beans Have Too Much Iodine?,0,bm25,0.8648498826254883,0.7908805333860569,0.7803976534658202,0.8577753243841305,0.7900738115932238,0.8214712141745477,0.00021052686497569084,0.055620681727305055,0.2870126359630376
NFCorpus_train,PLAIN-285,Fighting Inflammation With Food Synergy,0,bm25,0.04986921930957338,0.04027990265725126,0.0,0.0,0.0,0.0,0.000747577054426074,0.05556265008635819,0.28581323893740773
NFCorpus_train,PLAIN-286,"Cow’s Milk Casomorphin, Crib Death, and Autism",0,bm25,0.7404642020040443,0.685822011121718,0.6455032498315265,0.7268712872705927,0.6794771050858174,0.6794771050858174,0.000362008111551404,0.05517375818453729,0.28495195624418557
NFCorpus_train,PLAIN-287,Treating COPD With Diet,0,bm25,0.7302156734608363,0.6647291040101876,0.6455032498315265,0.7161590661354974,0.6574400653338155,0.6794771050858174,0.0007778799626976252,0.05650888988748193,0.28716907603666186
NFCorpus_train,PLAIN-288,Watermelon For Erectile Dysfunction,2,bge,0.17380389597880277,0.3212421871999105,0.37128735425710363,0.13034272269558314,0.29560435369891297,0.39082879395484593,0.0001247271429747343,0.05509898718446493,0.28751451428979635
NFCorpus_train,PLAIN-289,Poultry and Penis Cancer,0,bm25,0.22039155660728071,0.13783495829573894,0.12196417077654131,0.17946824630887795,0.10239726928122408,0.12838333765951718,0.0005877309013158083,0.05373507598415017,0.28453997685573995
NFCorpus_train,PLAIN-292,Breast Cancer Survival and Soy,0,bm25,0.0498749717623333,0.04012429104344626,0.0,0.0,0.0,0.0,0.0007137870416045189,0.05638048821128905,0.2854503330308944
NFCorpus_train,PLAIN-293,Mad Cow California: Is the Milk Supply Safe?,0,bm25,0.2576138925377512,0.17216741480847308,0.0,0.2185988563846481,0.13861964339202387,0.0,0.0003166859969496727,0.054801692022010684,0.28778633405454457
NFCorpus_train,PLAIN-294,Breast Cancer Stem Cells vs. Broccoli,0,bm25,0.04984266208386214,0.040582262595018605,0.0,0.0,0.0,0.0,0.0009012031368911266,0.05394309712573886,0.2863909599836916
NFCorpus_train,PLAIN-295,The Best Detox,0,bm25,0.049986818080254736,0.040678180562824975,0.0,0.0,0.0,0.0,7.538893260061741e-05,0.05331256985664368,0.28595581697300076
NFCorpus_train,PLAIN-296,Using Greens to Improve Athletic Performance,0,bm25,0.04975197898212159,0.04015268247135541,0.0,0.0,0.0,0.0,0.0014390118885785341,0.0571338958106935,0.29009877890348434
NFCorpus_train,PLAIN-300,Paula Deen: diabetes drug spokesperson,2,bge,0.049925555965199125,0.4613863262586546,0.7662449165635927,0.0,0.4434264036172708,0.8065735963827292,0.0004295320250093937,0.05694139585830271,0.2884932460729033
NFCorpus_train,PLAIN-301,"Amla: Indian gooseberries vs. cancer, diabetes, and cholesterol",0,bm25,0.9998501481865899,0.9900905568242058,0.95,1.0,1.0,1.0,0.0008560859132558107,0.056611491832882166,0.28564416198059916
NFCorpus_train,PLAIN-303,Hibiscus tea: flower power,1,l6,0.3990615459201778,0.7567897967662859,0.6816772004066949,0.36746913317954166,0.7542369088462009,0.717554947796521,0.00019537797197699547,0.05572877801023424,0.28622111794538796
NFCorpus_train,PLAIN-308,Beans and Gas: Clearing the air,1,l6,0.3665884665191035,0.7630212324678838,0.4651727988066241,0.3332963859850391,0.7607341362551547,0.4896555776911833,0.00024628592655062675,0.05529238795861602,0.2857134270016104
NFCorpus_train,PLAIN-309,Alzheimer’s Disease: Up to half of cases potentially preventable,0,bm25,0.04973496383838473,0.040094255341260675,0.0,0.0,0.0,0.0,0.001526248874142766,0.05704365600831807,0.2879321947693825
NFCorpus_train,PLAIN-310,Nutrition Education in Medicine: a Doctor a Day Keeps the Apples Away,0,bm25,0.04987249791642843,0.04024201085067236,0.0,0.0,0.0,0.0,0.0007302779704332352,0.055889631854370236,0.2863788378890604
NFCorpus_train,PLAIN-312,The Best Foods: test your nutrition knowledge,0,bm25,0.04979869785802633,0.040163216412616436,0.0,0.0,0.0,0.0,0.0011618558783084154,0.05677497875876725,0.2885850758757442
NFCorpus_train,PLAIN-313,Supreme Court case: meat industry sues to keep downed animals in food supply,0,bm25,0.049782453394746,0.040475594773832044,0.0,0.0,0.0,0.0,0.0012538910377770662,0.05489658797159791,0.288189060986042
NFCorpus_train,PLAIN-314,Foie gras ban in California: human health implications,0,bm25,0.049797032394774336,0.04018776077856611,0.0,0.0,0.0,0.0,0.0011647879146039486,0.05631035380065441,0.28693936485797167
NFCorpus_train,PLAIN-316,Heart disease: there is a cure,2,bge,0.04985453868948389,0.22843655830249662,0.23888388208581715,0.0,0.19803417492135322,0.2514567179850707,0.0008316810708492994,0.05543675506487489,0.2858770720195025
NFCorpus_train,PLAIN-317,"Inflammation, Diet, and ""Vitamin S""",0,bm25,0.04985847126740626,0.040233619556857385,0.0,0.0,0.0,0.0,0.0008141039870679379,0.056178339989855886,0.2876108519267291
NFCorpus_train,PLAIN-321,NutritionFacts.org: the first month,0,bm25,0.04992579851178862,0.040144956777900975,0.0,0.0,0.0,0.0,0.0004263380542397499,0.05662393104285002,0.2872840319760144
NFCorpus_train,PLAIN-323,Eating chicken may lead to a smaller penis,0,bm25,0.04980985672337697,0.04010587688574644,0.0,0.0,0.0,0.0,0.0010818780865520239,0.05629562702961266,0.28449022909626365
NFCorpus_train,PLAIN-324,How much pus is there in milk?,1,l6,0.049954646343937766,0.8063038598567884,0.0,0.0,0.8065735963827292,0.0,0.0002602129243314266,0.057036006823182106,0.2868709459435195
NFCorpus_train,PLAIN-325,Natural Alzheimer's Treatment,1,l6,0.15495773578867142,0.25461962221678314,0.16683358890084257,0.11060282966431899,0.225428054020288,0.1756143041061501,0.0006632930599153042,0.055030131014063954,0.2885077230166644
NFCorpus_train,PLAIN-327,Physician-assisted suicide? When doctors give nutrition advice,0,bm25,0.04993257710681192,0.04046103176492073,0.0,0.0,0.0,0.0,0.00038519687950611115,0.05449752486310899,0.28565733483992517
NFCorpus_train,PLAIN-328,Bad Egg,0,bm25,0.04998510893238369,0.040002319472270426,0.0,0.0,0.0,0.0,8.624093607068062e-05,0.05790110887028277,0.28957270993851125
NFCorpus_train,PLAIN-329,Soy and breast cancer: an update,0,bm25,0.4582342775211057,0.3090879585511075,0.2630729226335366,0.4298455034531709,0.2829908886921817,0.27691886593003856,0.0006806100718677044,0.05580672691576183,0.28608899819664657
NFCorpus_train,PLAIN-330,Soymilk: shake it up!,0,bm25,0.04996043689463814,0.03275257742156592,0.0,0.0,0.0,0.0,2.2665830329060555e-05,0.009881103876978159,0.028645160840824246
NFCorpus_train,PLAIN-333,The Last Heart Attack: Perfect timing for the launch of NutritionFacts.org,0,bm25,0.04989112717585473,0.04034420621016123,0.0,0.0,0.0,0.0,0.0006181919015944004,0.05482666194438934,0.28390551381744444
NFCorpus_train,PLAIN-335,Welcome to NutritionFacts.org!,0,bm25,0.04998635321169146,0.014970977043330265,0.0,0.0,0.0,0.0,1.9194092601537704e-05,0.049268025206401944,0.07032457808963954
NFCorpus_train,PLAIN-336,Hives from Tick Bite-Induced Meat Allergies,2,bge,0.5194145502304487,0.5140534643103525,0.7140790343277895,0.4941745919126048,0.49913551548527185,0.7516621413976732,0.0003002891317009926,0.059255243046209216,0.2926105251535773
NFCorpus_train,PLAIN-337,How a Tick Bite Can Lead to Food Allergies,1,l6,0.8679465002815892,0.8835518109347424,0.8534615064674671,0.8611477487156033,0.887619368402315,0.8983805331236496,0.0008257778827100992,0.05560208181850612,0.2870054750237614
NFCorpus_train,PLAIN-338,What Do Eggs Do To Our Arteries?,0,bm25,0.7468231689482239,0.7345894418398219,0.6943033658166616,0.7335338469919139,0.7308456482280649,0.7308456482280649,0.00019706599414348602,0.056326173013076186,0.28992492193356156
NFCorpus_train,PLAIN-339,Dietary Cholesterol Affects Blood Cholesterol Levels,2,bge,0.04972309956092541,0.03974542705674615,0.10270500585433887,0.0,0.0,0.10811053247825145,0.001606364967301488,0.059489204082638025,0.2900618310086429
NFCorpus_train,PLAIN-340,Do Walnuts Really Improve Artery Function?,1,l6,0.4506320922796976,0.7712354006669466,0.43799510617613985,0.4218483456960727,0.7694428460914032,0.46104748018541036,0.0007181360851973295,0.05645583709701896,0.28995418222621083
NFCorpus_train,PLAIN-341,Salmon May Be the Greatest Source of Dietary Pollutants,2,bge,0.4356979275494558,0.2390035706512963,0.6769740059723612,0.4062645576107732,0.2090761432344554,0.7126042168130119,0.0014567789621651173,0.055297137005254626,0.2874440460000187
NFCorpus_train,PLAIN-345,Why Would Eating Fish Increase Diabetes Risk?,2,bge,0.771689331036657,0.8154931847057514,0.8723178413553593,0.7599983989977872,0.8162707399704856,0.9182293066898519,0.0017744249198585749,0.05719073605723679,0.2869863067753613
NFCorpus_train,PLAIN-346,What does the research say about dietary interventions on women with PCOS?,0,bm25,0.999778231410649,0.9900265161256628,0.95,1.0,1.0,1.0,0.0012905909679830074,0.058041078969836235,0.2909769529942423
NFCorpus_train,PLAIN-347,Do algae-based omega-3 supplements contain beta-N-methylamino-L-alanine (BMAA) that has been found in blue-green algae?,1,l6,0.4407617215088912,0.9258021341179956,0.885549413439196,0.4114908910328443,0.9321572773044169,0.9321572773044169,0.0008815620094537735,0.0555720787961036,0.2850645650178194
NFCorpus_train,PLAIN-348,What are some ways to help reduce the risk of food poisoning from pesticides?,2,bge,0.049708975131585585,0.03998018237013027,0.08424853391861256,0.0,0.0,0.08868266728275007,0.001673425082117319,0.05761505616828799,0.2875055130571127
NFCorpus_train,PLAIN-349,Should I stay away from soy if I have breast cancer?,0,bm25,0.7615678061825404,0.5043785384578192,0.3290524122044032,0.7491449679580156,0.4883743507639372,0.3463709602151612,0.0006890310905873775,0.055030691204592586,0.2873036789242178
NFCorpus_train,PLAIN-350,Should we take iodine supplements?,0,bm25,0.8248241688002516,0.438822854699277,0.7748874243745859,0.81567097302588,0.41934683888526614,0.81567097302588,0.00036371988244354725,0.054950742749497294,0.28750026086345315
NFCorpus_train,PLAIN-351,Have you seen the very recent web blitz on heavy metals (particularly thallium) in cruciferous vegetables (particularly kale)...?,0,bm25,0.049840531040336034,0.04000425895137385,0.0,0.0,0.0,0.0,0.0009206400718539953,0.05770702823065221,0.28865807922556996
NFCorpus_train,PLAIN-356,Boric acid for vaginal yeast infections?,1,l6,0.9860945540001581,0.990299344975443,0.95,0.9854643216198291,1.0,1.0,0.0005538060795515776,0.05564159620553255,0.2867929849307984
NFCorpus_train,PLAIN-360,Might too many antioxidants cause cancer?,0,bm25,0.04979708517379802,0.04044637346191969,0.0,0.0,0.0,0.0,0.001181490020826459,0.055626858957111835,0.2911295450758189
NFCorpus_train,PLAIN-361,Which foods have the most potassium?,0,bm25,0.16628820956103144,0.04048111402313739,0.0,0.12253246782267099,0.0,0.0,0.0006772440392524004,0.05480185220949352,0.2878585390280932
NFCorpus_train,PLAIN-364,"Nutrition recommendations for acid reflux (GERD), heartburn, and Barrett's Esophagus?",2,bge,0.42800452180477727,0.4184840530997167,0.6979073948608093,0.3980409554829326,0.3980409554829326,0.7346393630113782,0.00077631208114326,0.05577355995774269,0.28883687127381563
NFCorpus_train,PLAIN-365,"What do you drink, Dr. Greger?",0,bm25,0.04997745606936502,0.04025204655239762,0.0,0.0,0.0,0.0,0.00012796418741345406,0.055331475334241986,0.2838107282295823
NFCorpus_train,PLAIN-366,Can you take hydrogen peroxide internally?,0,bm25,0.9999499192798165,0.9901328808171509,0.95,1.0,1.0,1.0,0.00028717215172946453,0.056579894153401256,0.28670928720384836
NFCorpus_train,PLAIN-367,What is the best way to get vitamin B12?,0,bm25,0.6365905448372875,0.15867587502028097,0.10507268818110303,0.6175227747072427,0.12519579033293007,0.11060282966431899,0.00032072397880256176,0.058666461147367954,0.28589542815461755
NFCorpus_train,PLAIN-368,Are green smoothies better for you?,0,bm25,0.04995811005916569,0.040348384439300514,0.0,0.0,0.0,0.0,0.00024040695279836655,0.05539075587876141,0.2869506950955838
NFCorpus_train,PLAIN-369,Might flax seeds (ALA) increase prostate cancer risk?,1,l6,0.2732976015368835,0.7019667880165867,0.646755326668995,0.23538574989523936,0.6966295629348269,0.6807950807042054,0.0018414389342069626,0.05677627678960562,0.2887527358252555
NFCorpus_train,PLAIN-372,"What are ""normal"" human vitamin D levels?",0,bm25,0.049779150327065286,0.04052649582218502,0.0,0.0,0.0,0.0,0.0012715740595012903,0.05454507586546242,0.2878822600468993
NFCorpus_train,PLAIN-373,What do you think of durian fruit?,0,bm25,0.9999491760571796,0.990341162560706,0.95,1.0,1.0,1.0,0.0002902359701693058,0.055157901952043176,0.2855307499412447
NFCorpus_train,PLAIN-374,Are neurotoxins only present in blue-green algae?,0,bm25,0.04991537353595148,0.04070353828785289,0.0,0.0,0.0,0.0,0.000481148948892951,0.05285560293123126,0.2842780649662018
NFCorpus_train,PLAIN-375,Nutrition advice to counter the side-effects of glaucoma medications?,0,bm25,0.0499057715770715,0.04039737627985931,0.0,0.0,0.0,0.0,0.0005422618705779314,0.05526078585535288,0.2877379530109465
NFCorpus_train,PLAIN-376,What are the benefits of reishi mushrooms (Ganoderma lucidum)?,0,bm25,0.9999511541187411,0.9904122133971782,0.95,1.0,1.0,1.0,0.00027942401356995106,0.05484715895727277,0.2860261769965291
NFCorpus_train,PLAIN-377,"What about gurmar, jamun, bitter melon, and fenugreek?",0,bm25,0.7810023702856388,0.7606195175903113,0.7310264873562815,0.769501565638191,0.7607341362551547,0.769501565638191,3.326800651848316e-05,0.0166607319843024,0.0689719058573246
NFCorpus_train,PLAIN-378,Is yerba maté tea really bad for you?,0,bm25,0.8162205881333547,0.8067131109540052,0.4212550834364073,0.8065735963827292,0.8065735963827292,0.4434264036172708,0.00013803178444504738,0.05408043693751097,0.2836841158568859
NFCorpus_train,PLAIN-379,How did you do the mercury fillings and canned tuna calculation?,1,l6,0.84386346663107,0.9238423344074884,0.841743298350168,0.835693036261652,0.93017216552086,0.8860455772107032,0.0002585379406809807,0.0565289871301502,0.28778996295295656
NFCorpus_train,PLAIN-385,What's the best diet for atrial fibrillation?,1,l6,0.9287867095595883,0.9895955598426941,0.95,0.9251724527673773,1.0,1.0,0.0007269650232046843,0.05949992290697992,0.2859352449886501
NFCorpus_train,PLAIN-386,My skin is turning orange (carotenoderma)--too many carrots?,2,bge,0.25759500182602746,0.2847833695815838,0.4166247051805454,0.2185988563846481,0.25703406128629547,0.4385523212426794,0.00042403582483530045,0.053922528866678476,0.28685282496735454
NFCorpus_train,PLAIN-388,Does caffeine impair endothelial function in our arteries?,0,bm25,0.666683987441556,0.37995322660318187,0.34075508127817733,0.6492450176383777,0.3573728416124681,0.3586895592401867,0.0005709961988031864,0.05520962807349861,0.2890261991415173
NFCorpus_train,PLAIN-389,What about the oxalic acid in beets?,2,bge,0.9416100641451304,0.8067130257872112,0.95,0.9386076576690247,0.8065735963827292,1.0,0.00038906000554561615,0.055176940048113465,0.2894333419390023
NFCorpus_train,PLAIN-390,Is hempseed oil beneficial to adults with eczema?,1,l6,0.6686410853123526,0.7023308887087178,0.6187361464119363,0.6513012067494067,0.6968474083611358,0.6513012067494067,0.0005484272260218859,0.055812176084145904,0.2884603841230273
NFCorpus_train,PLAIN-391,What is the healthiest potato?,1,l6,0.2517930127006413,0.7500314572295702,0.40005548464096213,0.21242587383123723,0.7467616398388741,0.4211110364641707,6.62009697407484e-05,0.05375141091644764,0.286152231041342
NFCorpus_train,PLAIN-392,Should we avoid celery to prevent colon cancer?,0,bm25,0.9998388206120976,0.5774428256337022,0.95,1.0,0.5654648767857288,1.0,0.0009280468802899122,0.056132178753614426,0.28789254394359887
NFCorpus_train,PLAIN-393,Should we avoid canned tomatoes and non-organic root vegetables?,0,bm25,0.747840309616612,0.040414090447201186,0.269787030763738,0.7346393630113782,0.0,0.2839863481723558,0.00038538314402103424,0.05506796622648835,0.2872339130844921
NFCorpus_train,PLAIN-396,How much cinnamon is too much?,1,l6,0.5204852761802784,0.8615513780862378,0.8029456130327693,0.4952797498692997,0.8643934210177799,0.8452059084555468,0.00017345603555440903,0.05474800802767277,0.2844829149544239
NFCorpus_train,PLAIN-397,Sulfite sensitivity from sulphur dioxide in dried fruits?,0,bm25,0.9999168083802016,0.9893068055170251,0.95,1.0,1.0,1.0,0.00048407516442239285,0.06222153012640774,0.2909398600459099
NFCorpus_train,PLAIN-400,Can tea with meals hinder iron absorption?,0,bm25,0.8273662797120834,0.8177231924609006,0.7774241583980951,0.8183412193664159,0.8183412193664159,0.8183412193664159,0.00033147609792649746,0.05555824702605605,0.2863542011473328
NFCorpus_train,PLAIN-401,What are the best sources of vitamin K?,0,bm25,0.04991254664898946,0.039674449184739176,0.0,0.0,0.0,0.0,0.0005033260677009821,0.05942732701078057,0.287768314126879
NFCorpus_train,PLAIN-402,"Any resources for vegan pregnancy, infancy, and childhood?",0,bm25,0.049958142309479925,0.040381295414143786,0.0,0.0,0.0,0.0,0.00024484796449542046,0.056264935061335564,0.29247667687013745
NFCorpus_train,PLAIN-403,Dairy and ear infections: is there an association?,0,bm25,0.7477190487161619,0.7379672528234845,0.6979073948608093,0.7346393630113782,0.7346393630113782,0.7346393630113782,0.001084933988749981,0.0572583950124681,0.28801598004065454
NFCorpus_train,PLAIN-404,Is moringa (Moringa oleifera) good for you?,0,bm25,0.9999829690707092,0.9903848147239818,0.95,1.0,1.0,1.0,9.738514199852943e-05,0.054980921326205134,0.2859067181125283
NFCorpus_train,PLAIN-405,Is raw milk healthy?,0,bm25,0.6860114082445469,0.6764309370852467,0.6361010975049676,0.669580102636808,0.669580102636808,0.669580102636808,0.0005156970582902431,0.05560167692601681,0.2874909748788923
NFCorpus_train,PLAIN-408,What about the INTERHEART study on heart attack risk factors?,1,l6,0.0496257700914762,0.20372178689416812,0.0,0.0,0.1723941821847754,0.0,0.0022364549804478884,0.06007638503797352,0.29880762193351984
NFCorpus_train,PLAIN-409,Is the new vitamin D3 spray a waste of money?,2,bge,0.2982921668552153,0.3189300316826138,0.3233213650848617,0.26143692688734443,0.2934264036172708,0.34033827903669656,0.00042026094160974026,0.05662977183237672,0.28819070500321686
NFCorpus_train,PLAIN-410,Can Indian gooseberries (amla) be cooked without losing the health benefits?,0,bm25,0.4043239711842753,0.16994636417373116,0.3544936346518467,0.373151194370365,0.1364919130939217,0.373151194370365,0.000974590890109539,0.055839672684669495,0.2872129469178617
NFCorpus_train,PLAIN-411,How can I preserve the anti-cancer effects of cooked garlic?,0,bm25,0.7477077558569759,0.7382793112592154,0.6979073948608093,0.7346393630113782,0.7346393630113782,0.7346393630113782,0.0011511289048939943,0.05551603203639388,0.28830260690301657
NFCorpus_train,PLAIN-412,Given the “brain-eating amoeba” (Naegleria fowleri) in tap water should I sterilize my neti pot water?,2,bge,0.9416197076026687,0.9102841944337069,0.95,0.9386076576690247,0.9157773147918112,1.0,0.0003322919365018606,0.05601534410379827,0.28861229587346315
NFCorpus_train,PLAIN-413,Does adding baking soda to soaking beans reduce gas?,2,bge,0.20656530417556074,0.4430315319419591,0.7069665097153897,0.16494175688147214,0.42377034020621224,0.7441752733846208,0.0007463640067726374,0.055099920835345984,0.28847246314398944
NFCorpus_train,PLAIN-414,How much fruit is safe to consume?,0,bm25,0.04987513129867778,0.04010688098241867,0.0,0.0,0.0,0.0,0.0007168280426412821,0.05679297586902976,0.2870327131822705
NFCorpus_train,PLAIN-416,Are GMOs safe and are the nutrients in our crops declining?,0,bm25,0.04993793003863068,0.04016370317180948,0.0,0.0,0.0,0.0,0.0003559018950909376,0.05640017497353256,0.2866941490210593
NFCorpus_train,PLAIN-419,What's the best low calorie sweetener?,0,bm25,0.049916139941777196,0.04006272565390878,0.0,0.0,0.0,0.0,0.0004781540483236313,0.05666044191457331,0.28509045811370015
NFCorpus_train,PLAIN-420,Can Vitamin D supplements help prevent respiratory infections?,1,l6,0.7477510449945535,0.8783425474505497,0.7939083844485694,0.7346393630113782,0.8826803184943108,0.835693036261652,0.0009045079350471497,0.059030286967754364,0.2892576619051397
NFCorpus_train,PLAIN-421,Second opinion for 8-year-old with anemia?,0,bm25,0.04997346491994161,0.0400762659742657,0.0,0.0,0.0,0.0,0.00015224679373204708,0.05693808663636446,0.28687833878211677
NFCorpus_train,PLAIN-422,What about getting gas from beans?,0,bm25,0.049978162656711705,0.040446394728096524,0.0,0.0,0.0,0.0,0.00012621493078768253,0.05521768890321255,0.28898874996230006
NFCorpus_train,PLAIN-423,What is a good source of probiotics?,2,bge,0.04993193551327117,0.16213247731634478,0.17049483399343404,0.0,0.12838333765951718,0.17946824630887795,0.0003936460707336664,0.05686089303344488,0.2891714090947062
NFCorpus_train,PLAIN-425,Soy-based (Gardein) vs. mycoprotein-based (Quorn) veggie chicken: which is better?,0,bm25,0.04995945012295405,0.04026640150928687,0.0,0.0,0.0,0.0,0.00023251702077686787,0.055813420098274946,0.286704964004457
NFCorpus_train,PLAIN-426,How can I avoid the top 10 leading causes of death?,0,bm25,0.049839704458724925,0.04000214875292915,0.0,0.0,0.0,0.0,0.0009361549746245146,0.05838926089927554,0.292009050026536
NFCorpus_train,PLAIN-427,Where does the fat come from in a skinless chicken breast?,0,bm25,0.04990643686030029,0.04006810804300518,0.0,0.0,0.0,0.0,0.0005351512227207422,0.05680724419653416,0.28598400205373764
NFCorpus_train,PLAIN-431,What is the recommended child requirement for vitamin D?,0,bm25,0.04991007393994137,0.0405254424419796,0.0,0.0,0.0,0.0,0.0005168179050087929,0.05445163487456739,0.28735713800415397
NFCorpus_train,PLAIN-432,"What is the definition of a ""handful"" serving of nuts?",0,bm25,0.38825503054906,0.2839417980077667,0.13544298087976997,0.3561131829864573,0.2564052192095753,0.1425715588208105,0.0003030549269169569,0.05567201692610979,0.28866064408794045
NFCorpus_train,PLAIN-433,Could a low-salt diet be bad for your heart?,1,l6,0.049825506583471436,0.8066906790384833,0.7662449165635927,0.0,0.8065735963827292,0.8065735963827292,0.0010139290243387222,0.05551681504584849,0.2905350369401276
NFCorpus_train,PLAIN-434,How do you explain never getting Salmonella from eating raw cake batter?,0,bm25,0.049928479761153326,0.04026075538839458,0.0,0.0,0.0,0.0,0.00040792301297187805,0.05554877989925444,0.28518012491986156
NFCorpus_train,PLAIN-435,What about Semmelweis and medicine's shameful handwashing history?,0,bm25,0.04994755623116996,0.0403873603188766,0.0,0.0,0.0,0.0,0.00030101602897047997,0.055174498120322824,0.2869893179740757
NFCorpus_train,PLAIN-436,How can we reach out to doctors with this life-saving information?,0,bm25,0.04994308034541935,0.039490326591662545,0.0,0.0,0.0,0.0,0.0003249740693718195,0.060003374237567186,0.28546735900454223
NFCorpus_train,PLAIN-437,What are the benefits of diet in juvenile rheumatoid arthritis?,0,bm25,0.555673748188741,0.5475701196920755,0.543505824447608,0.532445052203479,0.5342289772937577,0.5721113941553768,0.0008532628417015076,0.05694514769129455,0.2862310637719929
NFCorpus_train,PLAIN-438,What is the best diet for kidney stone prevention?,1,l6,0.4374581318128699,0.7458676585156457,0.7054835636802531,0.4080418299287196,0.7426142775581612,0.7426142775581612,0.0010457769967615604,0.05537293991073966,0.2879237001761794
NFCorpus_train,PLAIN-443,Is the plastic chemical BPA really harmful to your health?,1,l6,0.7404767765789606,0.749717523365243,0.7094235578469303,0.7269518101241101,0.7467616398388741,0.7467616398388741,0.0007363648619502783,0.0560813897754997,0.28889960097149014
NFCorpus_train,PLAIN-444,Do pine needles from a Douglas Fir or redwood provide a good source of antioxidants?,0,bm25,0.7876091182825062,0.7570863870134813,0.6361010975049676,0.7765732350040718,0.7543701539552121,0.669580102636808,0.0007850350812077522,0.055435869144275784,0.28977713896892965
NFCorpus_train,PLAIN-446,Is titanium dioxide in Daiya cheese harmful as a food additive?,0,bm25,0.04983154896818042,0.04019728214201185,0.0,0.0,0.0,0.0,0.0009808449540287256,0.05707858386449516,0.2911365230102092
NFCorpus_train,PLAIN-448,"What's the best source of those dates you like? (halawi, bahri, khadrawi)",0,bm25,0.04990087911409769,0.040443091333579574,0.0,0.0,0.0,0.0,0.000572107033804059,0.055160671938210726,0.2885905571747571
NFCorpus_train,PLAIN-450,Are there benefits to drinking aloe vera juice?,0,bm25,0.8884736364198464,0.7382672814876281,0.6979073948608093,0.8826803184943108,0.7346393630113782,0.7346393630113782,0.00041710701771080494,0.05533469095826149,0.28700228314846754
NFCorpus_train,PLAIN-453,Are homegrown alfalfa sprouts safe?,0,bm25,0.8589415108877059,0.7936375416695021,0.7321648424044558,0.8515430898722898,0.7927850374940763,0.7706998341099535,0.00014094985090196133,0.05487056286074221,0.28854204388335347
NFCorpus_train,PLAIN-454,Is licorice tea also harmful?,0,bm25,0.04986277803775948,0.040460545037734975,0.0,0.0,0.0,0.0,0.0007851140107959509,0.054579891031607985,0.2860744730569422
NFCorpus_train,PLAIN-455,Can soy suppress thyroid function?,0,bm25,0.3533690473589065,0.040092035537542085,0.27692374696715816,0.31943122193677725,0.0,0.29149868101806126,0.0005206151399761438,0.056925705168396235,0.28727245330810547
NFCorpus_train,PLAIN-459,Are the nutrients from blended vegetables absorbed better than raw vegetables?,0,bm25,0.049889294882612546,0.03991286272066233,0.0,0.0,0.0,0.0,0.0006369391921907663,0.05803609825670719,0.28767378022894263
NFCorpus_train,PLAIN-460,What about the pollutants like phthalates in plant foods?,0,bm25,0.8486409401840976,0.7308329288683387,0.6632861396282168,0.840840418109472,0.7268712872705927,0.6981959364507546,0.000912948977202177,0.05621122708544135,0.28990418394096196
NFCorpus_train,PLAIN-461,Can hot peppers (capsaicin) cause cancer?,0,bm25,0.42800043060353776,0.1983020213314104,0.37813890770878594,0.3980409554829326,0.16691356081643446,0.3980409554829326,0.0008129628840833902,0.06026818882673979,0.293536928948015
NFCorpus_train,PLAIN-462,Is cabbage effective against breast cancer?,0,bm25,0.049749486950337436,0.040196795334060106,0.0,0.0,0.0,0.0,0.0014413588214665651,0.056403989903628826,0.28768138494342566
NFCorpus_train,PLAIN-463,Is thermography better than mammograms for early breast cancer detection?,0,bm25,0.9998347364054381,0.9904926613823994,0.95,1.0,1.0,1.0,0.0009506088681519032,0.05468694074079394,0.28760383394546807
NFCorpus_train,PLAIN-464,Does “organic” chicken contain less arsenic?,0,bm25,0.5870656354245987,0.577274557507511,0.5371916329464423,0.5654648767857288,0.5654648767857288,0.5654648767857288,0.0007311180233955383,0.05754519999027252,0.2901319060474634
NFCorpus_train,PLAIN-465,Are there any risks of excess vitamin B12 consumption?,1,l6,0.14384519696386835,0.22849291214369227,0.0,0.09901964291567852,0.19803417492135322,0.0,0.0012944529298692942,0.05583879188634455,0.28963368898257613
NFCorpus_train,PLAIN-466,How do you achieve a good omega 3 to omega 6 fatty acid ratio?,0,bm25,0.049796142680660425,0.040005271850347496,0.0,0.0,0.0,0.0,0.0011803191155195236,0.05786875216290355,0.2894963789731264
NFCorpus_train,PLAIN-469,Are free-range eggs healthier than conventional eggs?,1,l6,0.6860709246156546,0.7455110436368413,0.6361010975049676,0.669580102636808,0.7426142775581612,0.669580102636808,0.00017386185936629772,0.05746353487484157,0.2881093977484852
NFCorpus_train,PLAIN-470,5-alpha pregnanedione,0,bm25,0.026078653274862074,0.0,0.008219770201662974,0.0,0.0,0.0,7.086899131536484e-06,1.481291837990284e-05,1.2377742677927017e-05
NFCorpus_train,PLAIN-471,A/V ratio,1,l6,0.2801397069308976,0.659208539600709,0.6187361464119363,0.24231727004137005,0.6513012067494067,0.6513012067494067,0.00035625393502414227,0.055012462893500924,0.28870032099075615
NFCorpus_train,PLAIN-472,abdominal aortic aneurysm,0,bm25,0.9999865197661616,0.9898934057839835,0.95,1.0,1.0,1.0,8.083507418632507e-05,0.06060483097098768,0.2998281600885093
NFCorpus_train,PLAIN-473,abdominal fat,0,bm25,0.6294865576284455,0.24978349083877038,0.30345966083993836,0.6100458831490401,0.2216896082411867,0.31943122193677725,0.0003306420985609293,0.06273896619677544,0.28987742913886905
NFCorpus_train,PLAIN-474,abdominal pain,1,l6,0.4389057799325,0.4404427782673533,0.2825188648497321,0.40939696294236316,0.4218483456960727,0.2973882787891917,0.00012453901581466198,0.06020144512876868,0.2918673940002918
NFCorpus_train,PLAIN-475,Academy of Nutrition and Dietetics,0,bm25,0.7478503371005458,0.7382802811536892,0.6979073948608093,0.7346393630113782,0.7346393630113782,0.7346393630113782,0.0003307280130684376,0.05580233386717737,0.28981860796920955
NFCorpus_train,PLAIN-476,acaí berries,1,l6,0.13423785204704802,0.8230809893124578,0.783242498282627,0.08868266728275007,0.8244657876659233,0.8244657876659233,5.2963849157094955e-05,0.05038373894058168,0.2479146507102996
NFCorpus_train,PLAIN-479,acesulfame K,0,bm25,0.04998726552539155,0.03774063232780666,0.0,0.0,0.0,0.0,2.925097942352295e-05,0.028159662848338485,0.11484957300126553
NFCorpus_train,PLAIN-480,acetaldehyde,0,bm25,0.8594323905197472,0.8432106996671591,0.8094593509246434,0.8520624746575194,0.8520624746575194,0.8520624746575194,1.434003934264183e-05,0.00864253705367446,0.026594629045575857
NFCorpus_train,PLAIN-481,acetaminophen,0,bm25,0.6555421115007067,0.645273311334147,0.6055662581342881,0.6374381664571455,0.6374381664571455,0.6374381664571455,9.64989885687828e-06,0.004113446921110153,0.019981872057542205
NFCorpus_train,PLAIN-482,acid/base balance,1,l6,0.1342335171353135,0.7060190327533027,0.6482535228972935,0.08868266728275007,0.7000116241546259,0.6823721293655722,8.594989776611328e-05,0.05146657186560333,0.28617945685982704
NFCorpus_train,PLAIN-483,acne,0,bm25,0.9999872809684367,0.9882266474893835,0.95,1.0,1.0,1.0,3.067683428525925e-05,0.028395965695381165,0.1205942218657583
NFCorpus_train,PLAIN-484,acromegaly,0,bm25,0.02279610829103215,0.0,0.008915679639029894,0.0,0.0,0.0,4.492001608014107e-06,8.256174623966217e-06,6.783986464142799e-06
NFCorpus_train,PLAIN-485,acrylamide,0,bm25,0.8724263058409565,0.5733450752806294,0.7984297559462059,0.8657235385549895,0.5640730213119423,0.8404523746802168,2.0652078092098236e-05,0.023395234951749444,0.09339940897189081
NFCorpus_train,PLAIN-486,acute myeloid leukemia,0,bm25,0.7051892186005485,0.6356286937578255,0.6468926178080712,0.6897070270757428,0.6264713513838286,0.6809395976927065,0.00018768105655908585,0.05504347896203399,0.28912153700366616
NFCorpus_train,PLAIN-489,ADHD,1,l6,0.7672595617703999,0.7754399469598523,0.7172828374426886,0.755034565729146,0.777071605481148,0.755034565729146,1.728697679936886e-05,0.009490352822467685,0.03713528998196125
NFCorpus_train,PLAIN-490,adipocytes,2,bge,0.1390375813323696,0.18923735238489886,0.23020140653930155,0.09373585705070411,0.1585312965689818,0.24231727004137005,2.887006849050522e-05,0.028579714009538293,0.1257093350868672
NFCorpus_train,PLAIN-491,adiponectin,1,l6,0.7726847183946091,0.7948060070412355,0.7416970079762469,0.7607341362551547,0.7972925554771096,0.7807336926065758,2.4538952857255936e-05,0.024366891011595726,0.09652608213946223
NFCorpus_train,PLAIN-492,adolescence,1,l6,0.2452336610636294,0.2831685953099932,0.16691373702060477,0.20552129391196988,0.25481671996838123,0.17569867054800503,6.66971318423748e-05,0.05135570210404694,0.2882790940348059
NFCorpus_train,PLAIN-493,Advanced Glycation End-products,0,bm25,0.8257573507916681,0.8180658919211857,0.7698620850893874,0.8166098398135014,0.8185761898947927,0.8103811421993552,0.00012638000771403313,0.055048728128895164,0.28726605605334044
NFCorpus_train,PLAIN-495,Adventist Health Studies,0,bm25,0.7808140566284787,0.4669517512240051,0.23198147441230282,0.7695935084688232,0.44883611643158366,0.2441910256971609,0.001753761898726225,0.05524117290042341,0.2925116519909352
NFCorpus_train,PLAIN-496,affordability,0,bm25,0.6295278001928564,0.6171265608614007,0.30345966083993836,0.6100458831490401,0.6100458831490401,0.31943122193677725,2.7351081371307373e-05,0.021510132122784853,0.08661546022631228
NFCorpus_train,PLAIN-497,Africa,0,bm25,0.260590653504174,0.11466589323127872,0.0923548304199692,0.2216896082411867,0.08181039409947585,0.09721561096838863,1.9768020138144493e-05,0.01782821398228407,0.06828650110401213
NFCorpus_train,PLAIN-500,agaritine,0,bm25,0.9999705947554705,0.9882357648214277,0.95,1.0,1.0,1.0,1.0404037311673164e-05,0.0041623711585998535,0.017690785229206085
NFCorpus_train,PLAIN-501,agave nectar,0,bm25,0.9999607631637571,0.9838511458283584,0.95,1.0,1.0,1.0,1.5784986317157745e-05,0.006496686954051256,0.020115009043365717
NFCorpus_train,PLAIN-502,Agent Orange,1,l6,0.04995865383581427,0.6204403107125325,0.0923548304199692,0.0,0.6100458831490401,0.09721561096838863,0.0002363789826631546,0.05204409407451749,0.2858535819686949
NFCorpus_train,PLAIN-503,aggression,0,bm25,0.6860871677050727,0.6730407137085719,0.23888388208581715,0.669580102636808,0.669580102636808,0.2514567179850707,3.5362085327506065e-05,0.03315499215386808,0.1269296242389828
NFCorpus_train,PLAIN-504,aging,1,l6,0.8583288049952112,0.9573385863188845,0.95,0.8509863509388742,0.9652843890316114,1.0,0.0006175308953970671,0.05524129490368068,0.28529060492292047
NFCorpus_train,PLAIN-505,Ah receptor,2,bge,0.6366191370457864,0.44401255968654285,0.7002786350367163,0.6175227747072427,0.42477245963829263,0.7371354053018067,0.0001567669678479433,0.054279273143038154,0.28504198184236884
NFCorpus_train,PLAIN-506,AIDS,1,l6,0.049988144004624036,0.1746125289343959,0.0,0.0,0.1425715588208105,0.0,4.07311599701643e-05,0.037207915214821696,0.17177452705800533
NFCorpus_train,PLAIN-507,air pollution,2,bge,0.1277051398900686,0.20398975581963885,0.21060512782912735,0.08181039409947585,0.1723941821847754,0.2216896082411867,8.454290218651295e-05,0.05614226101897657,0.2868874978739768
NFCorpus_train,PLAIN-511,Albert Einstein,0,bm25,0.024642555049251003,0.0,0.008476356790089774,0.0,0.0,0.0,8.655013516545296e-06,1.7066020518541336e-05,1.4172866940498352e-05
NFCorpus_train,PLAIN-512,albumin,0,bm25,0.049983954405460794,0.03427651481101928,0.0,0.0,0.0,0.0,1.4448072761297226e-05,0.01415803306736052,0.04502193024381995
NFCorpus_train,PLAIN-513,alcohol,1,l6,0.9355232467397312,0.9577418870215441,0.8408470852145244,0.9321572773044169,0.9652843890316114,0.8851021949626574,0.00015130219981074333,0.05364927905611694,0.2891121213324368
NFCorpus_train,PLAIN-514,alfalfa sprouts,0,bm25,0.16986597242161444,0.03744520774233109,0.0,0.12618904198547004,0.0,0.0,3.803404979407787e-05,0.03506596921943128,0.13965173019096255
NFCorpus_train,PLAIN-515,algae,2,bge,0.13423108437860978,0.13010839063348117,0.30345966083993836,0.08868266728275007,0.09721561096838863,0.31943122193677725,1.8442049622535706e-05,0.01294300309382379,0.052843942074105144
NFCorpus_train,PLAIN-516,alkaline diet,1,l6,0.12760062573883635,0.2960439171987965,0.24784430559399814,0.08181039409947585,0.2690837904259621,0.26088874273052437,0.0006860571447759867,0.055148016195744276,0.2876582301687449
NFCorpus_train,PLAIN-517,alkaline water,2,bge,0.04997020999381165,0.22533448195323044,0.5371916329464423,0.0,0.19453241315894393,0.5654648767857288,0.00017125788144767284,0.05444901785813272,0.28744183597154915
NFCorpus_train,PLAIN-518,alkylphenols,0,bm25,0.9053079935422803,0.8906743598678705,0.855329539044694,0.900346883204941,0.900346883204941,0.900346883204941,1.96690671145916e-05,0.013378834119066596,0.04564541298896074
NFCorpus_train,PLAIN-521,allopurinol,0,bm25,0.7379184110753095,0.7227576875560013,0.6879443952037019,0.7241519949512651,0.7241519949512651,0.7241519949512651,1.0233139619231224e-05,0.005980870220810175,0.019691135035827756
NFCorpus_train,PLAIN-523,almond milk,0,bm25,0.6555386300268976,0.6463969671400468,0.6055662581342881,0.6374381664571455,0.6374381664571455,0.6374381664571455,0.00015855091623961926,0.05262030684389174,0.2869377080351114
NFCorpus_train,PLAIN-524,almond oil,0,bm25,0.9999721572331834,0.9904054806082175,0.39583333333333326,1.0,1.0,0.41666666666666663,0.00016018003225326538,0.055197475012391806,0.2876510680653155
NFCorpus_train,PLAIN-525,almonds,0,bm25,0.4057157057215116,0.3921741901298133,0.25562960090466397,0.3744541635112973,0.3744541635112973,0.2690837904259621,2.3497967049479485e-05,0.02022704598493874,0.07459854800254107
NFCorpus_train,PLAIN-526,aloe vera,1,l6,0.2249599336866119,0.2588420115999499,0.2236164624004774,0.18419139647768146,0.23538574989523936,0.23538574989523936,1.780805177986622e-05,0.012017749017104506,0.04067071317695081
NFCorpus_train,PLAIN-527,alpha waves,2,bge,0.1678618146085639,0.14877510894218415,0.19861057972878077,0.12407559718518249,0.11431360793376913,0.20906376813555871,4.402012564241886e-05,0.04322842415422201,0.2200408352073282
NFCorpus_train,PLAIN-532,aluminum,0,bm25,0.9053095414454864,0.8905604960439433,0.855329539044694,0.900346883204941,0.900346883204941,0.900346883204941,2.016802318394184e-05,0.014894908061251044,0.050426111090928316
NFCorpus_train,PLAIN-533,Alzheimer’s disease,2,bge,0.5605262035972095,0.5614581317952864,0.7859927713483942,0.5375369930916645,0.5482492142267598,0.8273608119456781,0.0007743460591882467,0.054220602149143815,0.28906487417407334
NFCorpus_train,PLAIN-534,AMA,0,bm25,0.049957651272820015,0.03510187980974318,0.0,0.0,0.0,0.0,2.1554064005613327e-05,0.007582637248560786,0.02544830203987658
NFCorpus_train,PLAIN-535,amalgam fillings,0,bm25,0.0499841429566021,0.03770215284359148,0.0,0.0,0.0,0.0,2.4829991161823273e-05,0.019256769912317395,0.07829325599595904
NFCorpus_train,PLAIN-536,amaranth,0,bm25,0.049966846202062015,0.036200901797141284,0.0,0.0,0.0,0.0,1.740502193570137e-05,0.007244226057082415,0.02624891116283834
NFCorpus_train,PLAIN-537,American Academy of Pediatrics,1,l6,0.69547172506109,0.7613938559844179,0.6110143451324228,0.6794771050858174,0.7587306249563079,0.6431729948762346,0.00018212292343378067,0.05430646287277341,0.2888568590860814
NFCorpus_train,PLAIN-538,American Cancer Society,0,bm25,0.04987810413047534,0.04015768054095173,0.0,0.0,0.0,0.0,0.0007053960580378771,0.056956264190375805,0.28934370819479227
NFCorpus_train,PLAIN-539,American College of Cardiology,0,bm25,0.04997050801282871,0.04038398620574649,0.0,0.0,0.0,0.0,0.000170127023011446,0.05547078908421099,0.2884292299859226
NFCorpus_train,PLAIN-542,American Diabetes Association,2,bge,0.15251338686695898,0.20418544026616603,0.21060512782912735,0.10811053247825145,0.1723941821847754,0.2216896082411867,0.0011153030209243298,0.0558122000657022,0.29102100897580385
NFCorpus_train,PLAIN-543,American Dietetic Association,0,bm25,0.7477377625004764,0.41867319663544766,0.1812323514552425,0.7346393630113782,0.3980409554829326,0.19077089626867633,0.0009798950050026178,0.054679443128407,0.28882903093472123
NFCorpus_train,PLAIN-544,American Egg Board,2,bge,0.27818986544931423,0.6511634171400533,0.7955945940890992,0.24023690488035854,0.6431729948762346,0.8374679937779992,0.00020349305123090744,0.056958138942718506,0.2891003719996661
NFCorpus_train,PLAIN-545,American Heart Association,1,l6,0.7255377724807961,0.808327387386774,0.7431584757009495,0.7112874991852932,0.808641980580741,0.7822720796852101,0.0010764629114419222,0.057394325733184814,0.290383807849139
NFCorpus_train,PLAIN-546,American Institute for Cancer Research,1,l6,0.7550147661821831,0.8011209975845587,0.7609947273794843,0.7422856940984673,0.8010470814520887,0.8010470814520887,0.0008992541115731001,0.056682904018089175,0.28703896701335907
NFCorpus_train,PLAIN-547,American Meat Institute,0,bm25,0.04992918922310501,0.04043602769724686,0.0,0.0,0.0,0.0,0.0004074519965797663,0.05503201321698725,0.28770479187369347
NFCorpus_train,PLAIN-548,American Public Health Association,0,bm25,0.04975686774627939,0.03961209546620884,0.0,0.0,0.0,0.0,0.0014053878840059042,0.06004565395414829,0.2890171629842371
NFCorpus_train,PLAIN-549,amla,1,l6,0.4057015045293058,0.6655396035123227,0.6455032498315265,0.3744541635112973,0.6650688247235601,0.6794771050858174,1.5564030036330223e-05,0.008457759860903025,0.02598265605047345
NFCorpus_train,PLAIN-552,amphetamines,0,bm25,0.6295173297224106,0.6200046694363469,0.5795435889915881,0.6100458831490401,0.6100458831490401,0.6100458831490401,9.087147191166878e-06,0.003300989279523492,0.017302741995081306
NFCorpus_train,PLAIN-553,amputations,0,bm25,0.629520290684401,0.6187584522941686,0.5795435889915881,0.6100458831490401,0.6100458831490401,0.6100458831490401,8.242903277277946e-06,0.0038157638628035784,0.01768991886638105
NFCorpus_train,PLAIN-554,amylase,0,bm25,0.04998537702069717,0.0,0.020712908528604967,0.0,0.0,0.0,1.0163988918066025e-05,0.03475348185747862,0.020356568042188883
NFCorpus_train,PLAIN-555,anal fissure,0,bm25,0.8300182900926865,0.8126449684663206,0.780038695167728,0.8210933633344505,0.8166098398135014,0.8210933633344505,1.999293453991413e-05,0.012869091937318444,0.04899010295048356
NFCorpus_train,PLAIN-556,anal health,0,bm25,0.8181032801748397,0.7813447337671333,0.47266966543187383,0.808641980580741,0.7799666297609028,0.4975470162440777,0.0006136959418654442,0.05540212197229266,0.28784616105258465
NFCorpus_train,PLAIN-557,Ancel Keys,0,bm25,0.04997764222317032,0.04103608642389635,0.0,0.0,0.0,0.0,0.00012746010906994343,0.05110263917595148,0.2850464740768075
NFCorpus_train,PLAIN-558,anchovies,1,l6,0.35342621621595466,0.6129468073928275,0.30345966083993836,0.31943122193677725,0.6100458831490401,0.31943122193677725,1.4671124517917633e-05,0.007280495949089527,0.021933457115665078
NFCorpus_train,PLAIN-559,anemia,0,bm25,0.049986737488299876,0.03814995140575536,0.0,0.0,0.0,0.0,1.7339130863547325e-05,0.01549250609241426,0.06536895595490932
NFCorpus_train,PLAIN-562,Angelina Jolie,0,bm25,0.02088404010078808,0.0,0.0029579692274701143,0.0,0.0,0.0,5.058012902736664e-06,8.68597999215126e-06,8.17212276160717e-06
NFCorpus_train,PLAIN-563,angina,2,bge,0.38491770363199357,0.3823677221239976,0.6318153834873821,0.3525583336639718,0.36200278075758774,0.6650688247235601,1.7091864719986916e-05,0.015507580945268273,0.06722015189006925
NFCorpus_train,PLAIN-564,angiogenesis,0,bm25,0.8982979083702601,0.8815547704067558,0.815330405254356,0.8929581428150792,0.8876683119885542,0.8582425318466905,2.7792062610387802e-05,0.026445717085152864,0.11272563110105693
NFCorpus_train,PLAIN-565,angiogram,0,bm25,0.02563914027149321,0.0,0.010572398190045252,0.0,0.0,0.0,5.0140079110860825e-06,1.0291114449501038e-05,8.115079253911972e-06
NFCorpus_train,PLAIN-566,angiography,2,bge,0.14234128661523796,0.1723453973044807,0.21060512782912735,0.09721561096838863,0.1425715588208105,0.2216896082411867,2.0229024812579155e-05,0.019562548957765102,0.07467999286018312
NFCorpus_train,PLAIN-567,animal fat,0,bm25,0.9161681001004921,0.8464872821165449,0.513285950053106,0.9118499466982855,0.8484202339129773,0.540301000055901,0.000514443963766098,0.054766654036939144,0.28788372012786567
NFCorpus_train,PLAIN-568,animal products,0,bm25,0.768808491799519,0.5028948832543885,0.7534052828706693,0.7567540822858585,0.4868347951089823,0.7930581924954414,0.0006188510451465845,0.0550564331933856,0.2868068660609424
NFCorpus_train,PLAIN-569,animal protein,1,l6,0.9684312052286019,0.9904203027084449,0.8527037324286693,0.9668728882728055,1.0,0.8975828762407045,0.0005660459864884615,0.05531033198349178,0.2886851760558784
NFCorpus_train,PLAIN-572,anise,0,bm25,0.04996453121989608,0.0402035908790041,0.0,0.0,0.0,0.0,1.2203119695186615e-05,0.00337047828361392,0.017202621093019843
NFCorpus_train,PLAIN-573,ankylosing spondylitis,0,bm25,0.04996719614174075,0.039800063836828214,0.0,0.0,0.0,0.0,1.116190105676651e-05,0.0034706490114331245,0.017013091826811433
NFCorpus_train,PLAIN-576,antacids,0,bm25,0.7359255446095746,0.7105451116147823,0.6650110429468946,0.7220486639066279,0.7076403835443706,0.7000116241546259,1.5039928257465363e-05,0.008516175905242562,0.03635273687541485
NFCorpus_train,PLAIN-577,Antarctica,0,bm25,0.6860655563442972,0.6763809452823292,0.6361010975049676,0.669580102636808,0.669580102636808,0.669580102636808,1.2136995792388916e-05,0.003319347044453025,0.017074563074856997
NFCorpus_train,PLAIN-578,anthocyanins,0,bm25,0.7594870011012127,0.3533074759467239,0.2339934812603766,0.7468395180337083,0.32919867288866755,0.2463089276425017,6.067520007491112e-05,0.05428727017715573,0.28780487016774714
NFCorpus_train,PLAIN-579,antiangiogenesis,0,bm25,0.6295103984919004,0.618821241315638,0.5795435889915881,0.6100458831490401,0.6100458831490401,0.6100458831490401,1.1338852345943451e-05,0.003663069801405072,0.017081472789868712
NFCorpus_train,PLAIN-580,antibiotics,0,bm25,0.9999890443716681,0.9142941060556177,0.8604890277393351,1.0,0.9194787060880301,0.9057779239361423,6.30540307611227e-05,0.05301106604747474,0.28777003404684365
NFCorpus_train,PLAIN-581,antidepressants,0,bm25,0.93553776308313,0.8863947090088365,0.8701276639272674,0.9321572773044169,0.8924909353525192,0.9159238567655447,4.336610436439514e-05,0.04270101711153984,0.18611493124626577
NFCorpus_train,PLAIN-584,antioxidants,0,bm25,0.9669810159748102,0.874703480295169,0.95,0.9652843890316114,0.8782238648949383,1.0,0.0002249591052532196,0.055210116086527705,0.2872776389122009
NFCorpus_train,PLAIN-585,antiperspirant,0,bm25,0.028613762870244863,0.0,0.012485940068641305,0.0,0.0,0.0,6.905989721417427e-06,1.6145873814821243e-05,1.2113945558667183e-05
NFCorpus_train,PLAIN-586,antiseptic,0,bm25,0.6366162346374992,0.6255589162620129,0.5866466359718805,0.6175227747072427,0.6175227747072427,0.6175227747072427,1.0703923180699348e-05,0.003903845092281699,0.017604364082217216
NFCorpus_train,PLAIN-587,anxiety,0,bm25,0.8485616337437208,0.4945274414506115,0.7279949187218225,0.8406030370576368,0.4789788472565605,0.7663104407598132,4.248111508786678e-05,0.039653193205595016,0.1887804390862584
NFCorpus_train,PLAIN-588,aorta,0,bm25,0.04998105521969484,0.035496790896718936,0.0,0.0,0.0,0.0,1.4869961887598038e-05,0.011383724864572287,0.03924553794786334
NFCorpus_train,PLAIN-589,aortic aneurysm,1,l6,0.19214478655739237,0.21939174670799594,0.15856788277561273,0.14964169243236417,0.19077089626867633,0.16691356081643446,2.353917807340622e-05,0.018805299187079072,0.07941021420992911
NFCorpus_train,PLAIN-590,apes,0,bm25,0.049981594735492234,0.03684372935919438,0.0,0.0,0.0,0.0,1.5201978385448456e-05,0.010866529075428843,0.04129790794104338
NFCorpus_train,PLAIN-591,aphthous ulcers,0,bm25,0.9999899734282147,0.9897576443522988,0.95,1.0,1.0,1.0,4.558195360004902e-05,0.04656293196603656,0.22730577597394586
NFCorpus_train,PLAIN-594,appendicitis,1,l6,0.2137526143033504,0.23131010591378529,0.21060512782912735,0.1723941821847754,0.2216896082411867,0.2216896082411867,1.60320196300745e-05,0.021486036013811827,0.036671821027994156
NFCorpus_train,PLAIN-595,apple juice,1,l6,0.8124168349415838,0.8363442924145013,0.8147132544234619,0.8025699578185977,0.8372855687869865,0.8575928993931178,0.00014113495126366615,0.05202365014702082,0.28656859090551734
NFCorpus_train,PLAIN-596,Applebee's,0,bm25,0.816207352311195,0.8059834196522,0.7662449165635927,0.8065735963827292,0.8065735963827292,0.8065735963827292,1.292000524699688e-05,0.003529381938278675,0.017197208013385534
NFCorpus_train,PLAIN-597,apples,0,bm25,0.9201176026710595,0.8719814213117612,0.90955701912023,0.9159238567655447,0.8755458364887027,0.9574284411791896,4.949001595377922e-05,0.048141591949388385,0.24594352301210165
NFCorpus_train,PLAIN-598,apricots,0,bm25,0.049972615585986195,0.03255606223986587,0.0,0.0,0.0,0.0,1.4773104339838028e-05,0.009410503087565303,0.026973563013598323
NFCorpus_train,PLAIN-599,arachidonic acid,0,bm25,0.8976221949268222,0.8749968111374934,0.844489281728532,0.8923085103615065,0.8782238648949383,0.8889360860300337,0.00040909601375460625,0.05376055696979165,0.2885431619361043
NFCorpus_train,PLAIN-600,areca nuts,0,bm25,0.049981221238530875,0.04024265042132518,0.0,0.0,0.0,0.0,0.0001084120012819767,0.05633032810874283,0.2886558878235519
NFCorpus_train,PLAIN-601,arginine,1,l6,0.6699577468616114,0.6810745793312524,0.6455032498315265,0.6526174419698506,0.6794771050858174,0.6794771050858174,2.180086448788643e-05,0.010913415811955929,0.03781850798986852
NFCorpus_train,PLAIN-604,aromatase,0,bm25,0.7949251305596126,0.7911180584790463,0.7561019530226567,0.7841481510980641,0.7922952343455354,0.7958967926554281,1.9655097275972366e-05,0.01455585821531713,0.06294471910223365
NFCorpus_train,PLAIN-605,aromatherapy,0,bm25,0.999984257664061,0.9890287842175408,0.9197801256054979,1.0,1.0,0.9681896059005242,2.181902527809143e-05,0.015206207986921072,0.06930046901106834
NFCorpus_train,PLAIN-606,arsenic,0,bm25,0.9999884795112655,0.984453165130636,0.8527037324286693,1.0,1.0,0.8975828762407045,3.0875904485583305e-05,0.04166685976088047,0.13400431699119508
NFCorpus_train,PLAIN-607,arthritis,1,l6,0.6579449366661345,0.990380002554945,0.9049755269244633,0.6399541168509599,1.0,0.9526058178152246,6.57220371067524e-05,0.055100833997130394,0.2863869471475482
NFCorpus_train,PLAIN-608,artichokes,0,bm25,0.025599977089180367,0.0,0.008084655478549746,0.0,0.0,0.0,7.934868335723877e-06,1.625996083021164e-05,1.3630837202072144e-05
NFCorpus_train,PLAIN-609,artificial colors,1,l6,0.7048216316642074,0.779229790744491,0.7427995174028571,0.6892994030195306,0.777071605481148,0.7818942288451127,7.331115193665028e-05,0.05147467413917184,0.2863447451964021
NFCorpus_train,PLAIN-610,artificial flavors,0,bm25,0.18867181179107556,0.04032595566338604,0.08638676412029107,0.1459807100248593,0.0,0.09093343591609587,5.3721945732831955e-05,0.0526941679418087,0.27234818297438323
NFCorpus_train,PLAIN-611,artificial sweeteners,0,bm25,0.9312793753129206,0.9060862495266271,0.8375164747650905,0.9276737537834678,0.9118499466982855,0.8815962892264111,4.695984534919262e-05,0.04467755486257374,0.2196277508046478
NFCorpus_train,PLAIN-614,Asia,0,bm25,0.6295318127518542,0.2026767622662912,0.5795435889915881,0.6100458831490401,0.1723941821847754,0.6100458831490401,4.043802618980408e-05,0.03810804896056652,0.1716932870913297
NFCorpus_train,PLAIN-615,Asian markets,0,bm25,0.353440870265331,0.34401339690586247,0.30345966083993836,0.31943122193677725,0.31943122193677725,0.31943122193677725,0.00010786694474518299,0.05422610277310014,0.28702407190576196
NFCorpus_train,PLAIN-616,asparagus,0,bm25,0.025990655655073476,0.0,0.005749098522740493,0.0,0.0,0.0,5.766982212662697e-06,1.2009870260953903e-05,1.0628951713442802e-05
NFCorpus_train,PLAIN-617,aspartame,0,bm25,0.9247419518894813,0.6157719815637468,0.5777365366139099,0.9207954237157487,0.6081437227514841,0.6081437227514841,1.620710827410221e-05,0.014153414173051715,0.05914726504124701
NFCorpus_train,PLAIN-618,aspirin,0,bm25,0.7629460125992124,0.7570696611873268,0.6110143451324228,0.7504866336746308,0.7587306249563079,0.6431729948762346,2.751103602349758e-05,0.023179095005616546,0.0844446390401572
NFCorpus_train,PLAIN-619,asthma,1,l6,0.21438550945361817,0.29539634589260005,0.11640584443153744,0.17304803830492183,0.2690837904259621,0.12253246782267099,5.761208012700081e-05,0.05821692803874612,0.2844497081823647
NFCorpus_train,PLAIN-620,astrocytes,2,bge,0.35392426963962054,0.45268039582160186,0.7662449165635927,0.3199534648580312,0.4434264036172708,0.8065735963827292,1.5363097190856934e-05,0.009052882203832269,0.02436886797659099
NFCorpus_train,PLAIN-621,athletes,2,bge,0.4421523312182062,0.377099771560802,0.8147132544234619,0.4128076086605629,0.3586895592401867,0.8575928993931178,2.2085150703787804e-05,0.020244303159415722,0.07412612228654325
NFCorpus_train,PLAIN-624,ATP,0,bm25,0.049981461275261575,0.03581099436888006,0.0,0.0,0.0,0.0,1.4940975233912468e-05,0.01143539184704423,0.040296663995832205
NFCorpus_train,PLAIN-625,atrial fibrillation,1,l6,0.32873407968898205,0.4320296368566522,0.27875508343640726,0.2934264036172708,0.41666666666666663,0.2934264036172708,1.8185004591941833e-05,0.011951214168220758,0.043289904948323965
NFCorpus_train,PLAIN-626,attention deficit,1,l6,0.7777434298523935,0.7916924036033277,0.43799510617613985,0.7660704217599303,0.7905410190557838,0.46104748018541036,0.00013367016799747944,0.05308783915825188,0.28475820319727063
NFCorpus_train,PLAIN-628,Australia,0,bm25,0.29206081761986147,0.17103004343192404,0.07771987439450205,0.25481671996838123,0.14282614344664007,0.08181039409947585,2.3968983441591263e-05,0.023314238991588354,0.07954475795850158
NFCorpus_train,PLAIN-629,autism,1,l6,0.23120531819272486,0.4130566481859726,0.269787030763738,0.19077089626867633,0.3980409554829326,0.2839863481723558,1.4486955478787422e-05,0.00808248808607459,0.026794685749337077
NFCorpus_train,PLAIN-630,autoimmune diseases,1,l6,0.9221878042359446,0.958923444251216,0.8464422030970984,0.9182293066898519,0.9668728882728055,0.8909917927337878,0.0007366659119725227,0.054417270701378584,0.2832521649543196
NFCorpus_train,PLAIN-631,autophagy,0,bm25,0.04997711468377012,0.03543245018615467,0.0,0.0,0.0,0.0,1.898501068353653e-05,0.012084827059879899,0.04147858498618007
NFCorpus_train,PLAIN-632,avian leukosis/sarcoma virus,0,bm25,0.1342379134019216,0.04030725677944235,0.13292488024884094,0.08868266728275007,0.0,0.1399209265777273,5.232403054833412e-05,0.04775317502208054,0.2463346750009805
NFCorpus_train,PLAIN-635,Ayurvedic medicine,1,l6,0.8785098440649511,0.9138165335124969,0.873015120526423,0.8721453585337129,0.9191581043299704,0.9189632847646558,0.0001606270670890808,0.053361246129497886,0.2843304972629994
NFCorpus_train,PLAIN-636,azarcon,0,bm25,0.028267499157343945,0.0,0.005555912235365873,0.0,0.0,0.0,6.3050538301467896e-06,1.450604759156704e-05,1.28941610455513e-05
NFCorpus_train,PLAIN-637,b12,1,l6,0.8680797730951549,0.9264182068538219,0.8347565187396234,0.8611477487156033,0.9350624941733297,0.8786910723574983,2.8884969651699066e-05,0.032439542934298515,0.13640189776197076
NFCorpus_train,PLAIN-639,back pain,0,bm25,0.8680706719137798,0.8607975902765407,0.8204816760474979,0.8611477487156033,0.863664922155261,0.863664922155261,0.0001141401007771492,0.056139061227440834,0.2898521479219198
NFCorpus_train,PLAIN-640,bacon,0,bm25,0.4911816858526026,0.472617587623401,0.43341361398037315,0.4644199045168832,0.45656395666446137,0.4562248568214454,2.2602034732699394e-05,0.014590193051844835,0.06561417691409588
NFCorpus_train,PLAIN-641,bacterial vaginosis,0,bm25,0.9201227906296731,0.9105686044364149,0.8701394202712192,0.9159362318644413,0.9159362318644413,0.9159362318644413,9.459396824240685e-05,0.054441428976133466,0.28441373188979924
NFCorpus_train,PLAIN-642,bacteriophages,0,bm25,0.8162137612962876,0.8006684623231684,0.7662449165635927,0.8065735963827292,0.8065735963827292,0.8065735963827292,1.3204989954829216e-05,0.006601995090022683,0.02119222702458501
NFCorpus_train,PLAIN-643,Bacteroidetes,0,bm25,0.8885130948523055,0.8709811397797718,0.8385463025695953,0.8826803184943108,0.8826803184943108,0.8826803184943108,1.6266945749521255e-05,0.008604371920228004,0.024492718977853656
NFCorpus_train,PLAIN-646,baked beans,0,bm25,0.04998653821405172,0.04094113412443337,0.0,0.0,0.0,0.0,7.785600610077381e-05,0.05239179404452443,0.28917413484305143
NFCorpus_train,PLAIN-647,baking,2,bge,0.39388918139839224,0.2791427678155485,0.6167827667564588,0.36200278075758774,0.25481671996838123,0.6492450176383777,2.5484943762421608e-05,0.024486765963956714,0.09466692199930549
NFCorpus_train,PLAIN-648,baking soda,0,bm25,0.049987814795121446,0.03733231218624854,0.0,0.0,0.0,0.0,2.964702434837818e-05,0.03082092199474573,0.12165172700770199
NFCorpus_train,PLAIN-649,bamboo shoots,0,bm25,0.9999634908082705,0.989959804937221,0.95,1.0,1.0,1.0,1.2598000466823578e-05,0.00346450787037611,0.017253190046176314
NFCorpus_train,PLAIN-650,bananas,0,bm25,0.7359276605231563,0.73273175616434,0.6977750443273205,0.7220486639066279,0.7345000466603374,0.7345000466603374,1.6598962247371674e-05,0.013446442782878876,0.04469249886460602
NFCorpus_train,PLAIN-651,barbecuing,2,bge,0.35343414650992544,0.3368703730660706,0.5795435889915881,0.31943122193677725,0.31943122193677725,0.6100458831490401,1.0570045560598373e-05,0.006872589932754636,0.020713939098641276
NFCorpus_train,PLAIN-653,bargains,0,bm25,0.021346967824100088,0.0,0.008469116380117615,0.0,0.0,0.0,3.5620760172605515e-06,6.2158796936273575e-06,5.163019523024559e-06
NFCorpus_train,PLAIN-655,barley,0,bm25,0.629530351360376,0.6172676554059562,0.5795435889915881,0.6100458831490401,0.6100458831490401,0.6100458831490401,1.627090387046337e-05,0.01508884271606803,0.06145700695924461
NFCorpus_train,PLAIN-661,beef,0,bm25,0.8460261299525201,0.4643828903601783,0.5299521075129061,0.8379352012405592,0.44585173552936597,0.5578443236977959,6.998307071626186e-05,0.05216237111017108,0.2842246200889349
NFCorpus_train,PLAIN-662,beef brains,0,bm25,0.049966804774603864,0.04038552115771286,0.0,0.0,0.0,0.0,0.00019159005023539066,0.05549106723628938,0.28858073404990137
NFCorpus_train,PLAIN-663,beer,0,bm25,0.04997939846979681,0.030905401547514436,0.0,0.0,0.0,0.0,1.9754981622099876e-05,0.01830997201614082,0.0479454230517149
NFCorpus_train,PLAIN-664,beet greens,0,bm25,0.04998225924594612,0.04071659248004559,0.0,0.0,0.0,0.0,0.00010180985555052757,0.0532752089202404,0.28693779092282057
NFCorpus_train,PLAIN-665,beet juice,0,bm25,0.049980541719067614,0.040311149862779144,0.0,0.0,0.0,0.0,0.00011084089055657387,0.05519093805924058,0.28481675987131894
NFCorpus_train,PLAIN-667,beets,0,bm25,0.04997206937164608,0.034464800997565555,0.0,0.0,0.0,0.0,1.4911871403455734e-05,0.008294080849736929,0.026694478932768106
NFCorpus_train,PLAIN-668,beeturia,0,bm25,0.6860708488165258,0.6737433895031587,0.6361010975049676,0.669580102636808,0.669580102636808,0.669580102636808,1.120218075811863e-05,0.004576505161821842,0.018516804091632366
NFCorpus_train,PLAIN-669,Belgium,0,bm25,0.04997782497261599,0.0323178082733618,0.0,0.0,0.0,0.0,1.2530945241451263e-05,0.009992076782509685,0.028254633070901036
NFCorpus_train,PLAIN-672,benzodiazepines,0,bm25,0.6295185219628474,0.6175242963160099,0.5795435889915881,0.6100458831490401,0.6100458831490401,0.6100458831490401,8.882023394107819e-06,0.004258807050064206,0.017716546077281237
NFCorpus_train,PLAIN-673,bergamots,0,bm25,0.04997672181311356,0.03606852308207881,0.0,0.0,0.0,0.0,8.743023499846458e-06,0.0052325050346553326,0.018779434030875564
NFCorpus_train,PLAIN-674,bergamottin,0,bm25,0.9999748409118187,0.9907918397997227,0.95,1.0,1.0,1.0,8.51089134812355e-06,0.0031149638816714287,0.01691414904780686
NFCorpus_train,PLAIN-675,beriberi,0,bm25,0.7103966704318424,0.7004208188215546,0.6604305237462483,0.6951900249960509,0.6951900249960509,0.6951900249960509,1.1775875464081764e-05,0.0034818758722394705,0.01739250007085502
NFCorpus_train,PLAIN-676,berries,1,l6,0.9477177056801369,0.9902789303891246,0.915152137002804,0.94497705842548,1.0,0.96331803895032,5.220412276685238e-05,0.048332229955121875,0.2485952260904014
NFCorpus_train,PLAIN-677,beta carotene,1,l6,0.40571891858782305,0.6851187140154948,0.6455032498315265,0.3744541635112973,0.6794771050858174,0.6794771050858174,5.558389239013195e-05,0.0460416788700968,0.22168385609984398
NFCorpus_train,PLAIN-678,beta glucan,0,bm25,0.6954928708971708,0.6483516619060006,0.5795435889915881,0.6794771050858174,0.6418562772485159,0.6100458831490401,4.0590064600110054e-05,0.04462941410019994,0.19554061722010374
NFCorpus_train,PLAIN-679,beta waves,0,bm25,0.04999047275759754,0.04020049298289443,0.0,0.0,0.0,0.0,4.815799184143543e-05,0.04953422606922686,0.2527383570559323
NFCorpus_train,PLAIN-682,beverages,0,bm25,0.7931392943450271,0.7522446958078767,0.4201820418965364,0.7822720796852101,0.7492861778626919,0.44229688620688046,0.00010978803038597107,0.05481671798042953,0.2861842270940542
NFCorpus_train,PLAIN-683,BHA,0,bm25,0.049952062268403735,0.03965420248496622,0.0,0.0,0.0,0.0,1.6625039279460907e-05,0.0035879730712622404,0.017340244026854634
NFCorpus_train,PLAIN-684,bibhitaki fruit,0,bm25,0.04995215929376614,0.040584244434154454,0.0,0.0,0.0,0.0,0.0002714269794523716,0.053420827025547624,0.28367785597220063
NFCorpus_train,PLAIN-685,biblical teachings,0,bm25,0.04998181577772831,0.036405394094094316,0.0,0.0,0.0,0.0,2.6360154151916504e-05,0.019706969149410725,0.0724808401428163
NFCorpus_train,PLAIN-686,Big Mac,0,bm25,0.04998435611413538,0.03823859178943483,0.0,0.0,0.0,0.0,2.0058127120137215e-05,0.015080129262059927,0.06410851911641657
NFCorpus_train,PLAIN-687,bile acids,2,bge,0.2137045665791463,0.1873107906716966,0.24207588396996216,0.1723941821847754,0.15434286192214686,0.25481671996838123,0.00040405290201306343,0.0538393990136683,0.28899524570442736
NFCorpus_train,PLAIN-688,Bill Gates,1,l6,0.19936363616095015,0.37548240396016547,0.348484133915475,0.15724807879105962,0.36200278075758774,0.3668254041215527,2.3869099095463753e-05,0.019950118148699403,0.054152716184034944
NFCorpus_train,PLAIN-689,billberries,0,bm25,0.02014533965244866,0.0,0.00811532385466035,0.0,0.0,0.0,4.400033503770828e-06,7.369089871644974e-06,6.1730388551950455e-06
NFCorpus_train,PLAIN-692,biogenic amines,0,bm25,0.7477651454682591,0.7377619564994718,0.6977750443273205,0.7345000466603374,0.7345000466603374,0.7345000466603374,4.553794860839844e-05,0.04606343782506883,0.23001614795066416
NFCorpus_train,PLAIN-693,biomagnification,0,bm25,0.7405001141433247,0.722447383614492,0.6768398565629187,0.7268712872705927,0.7268712872705927,0.7124630069083355,1.6201985999941826e-05,0.010610305005684495,0.029342107009142637
NFCorpus_train,PLAIN-694,biomarkers,1,l6,0.47704148717287426,0.7309341161065279,0.39009120024242006,0.44953793127017816,0.7269518101241101,0.4106223160446527,0.00011203205212950706,0.055421903962269425,0.2865631370805204
NFCorpus_train,PLAIN-695,bipolar disorder,0,bm25,0.049967184464120455,0.04048337837804703,0.0,0.0,0.0,0.0,0.0001891430001705885,0.054852139903232455,0.28819124097935855
NFCorpus_train,PLAIN-696,birth control pills,0,bm25,0.04988246503064503,0.0403792603965234,0.0,0.0,0.0,0.0,0.0006800692062824965,0.05566657125018537,0.2893050510901958
NFCorpus_train,PLAIN-697,birth defects,0,bm25,0.3864234665295848,0.3381213626925246,0.36515029137527527,0.3541468329051659,0.31321278355046345,0.38436872776344766,9.190686978399754e-05,0.0540884998627007,0.28676573000848293
NFCorpus_train,PLAIN-698,Biscuit Cake Chocolate and Confectionery Association,0,bm25,0.049839354310246865,0.040365371670407525,0.0,0.0,0.0,0.0,0.0009339679963886738,0.0560141671448946,0.29069189401343465
NFCorpus_train,PLAIN-699,bison,0,bm25,0.025358533720714595,0.0,0.00318275947332633,0.0,0.0,0.0,7.4249692261219025e-06,1.5066005289554596e-05,1.4106975868344307e-05
NFCorpus_train,PLAIN-702,black tea,2,bge,0.21587609637838903,0.3500995157407268,0.6859462307112965,0.17463653754611594,0.32621429198644986,0.7220486639066279,0.00016506295651197433,0.05655521689914167,0.28842748515307903
NFCorpus_train,PLAIN-703,blackberries,0,bm25,0.6745472402007283,0.23390377859263523,0.6318153834873821,0.6574400653338155,0.2090761432344554,0.6650688247235601,1.906394027173519e-05,0.01347591495141387,0.045778653817251325
NFCorpus_train,PLAIN-704,bladder cancer,0,bm25,0.5613215986484963,0.5448200308471149,0.4942220040271697,0.5383346499746096,0.5309459095847477,0.5202336884496523,0.0005546561442315578,0.05515868705697358,0.28792716818861663
NFCorpus_train,PLAIN-705,bladder disease,0,bm25,0.775239467824515,0.7054446569512639,0.39617443621550236,0.7635532483202727,0.7000116241546259,0.4170257223321078,0.0007770471274852753,0.05461091408506036,0.28543127002194524
NFCorpus_train,PLAIN-706,bladder health,0,bm25,0.8813041785566069,0.8114310418401303,0.5028895398263759,0.8751679856486054,0.8117872164495366,0.5293574103435535,0.0006063459441065788,0.056182439904659986,0.28761907992884517
NFCorpus_train,PLAIN-707,bladder infections,0,bm25,0.35342564041936797,0.3437144813340705,0.3383075238371344,0.31943122193677725,0.31943122193677725,0.3561131829864573,0.0001947579439729452,0.05578858498483896,0.28623682586476207
NFCorpus_train,PLAIN-708,blindness,1,l6,0.6597535944392328,0.7735884805879785,0.6110143451324228,0.6418562772485159,0.7723378703711581,0.6431729948762346,4.321779124438763e-05,0.04437191877514124,0.21895847585983574
NFCorpus_train,PLAIN-709,bloating,0,bm25,0.3836649099682061,0.22544307997427052,0.17029084387696597,0.35124161603625315,0.20420457628425126,0.1792535198704905,2.5689834728837013e-05,0.03258600481785834,0.08782689599320292
NFCorpus_train,PLAIN-712,blood donation,0,bm25,0.049933542173863005,0.04005723468421899,0.0,0.0,0.0,0.0,0.00038324901834130287,0.057337942998856306,0.288340019993484
NFCorpus_train,PLAIN-713,blood pressure,2,bge,0.4758724129252002,0.7125649714632828,0.7555954602987612,0.4483689089690236,0.7076403835443706,0.7953636424197487,0.00045394292101264,0.05637685488909483,0.2908004217315465
NFCorpus_train,PLAIN-714,blood sugar,2,bge,0.049925341943131724,0.25501806663437476,0.3623912009224648,0.0,0.22574043394021553,0.38146442202364717,0.000431588850915432,0.05454454803839326,0.28904372081160545
NFCorpus_train,PLAIN-715,blood thinning,0,bm25,0.04993552953346665,0.0400930542450931,0.0,0.0,0.0,0.0,0.0003664197865873575,0.056306416634470224,0.28417646582238376
NFCorpus_train,PLAIN-716,blood type diet,1,l6,0.8160475267839643,0.9900947412673393,0.95,0.8065735963827292,1.0,1.0,0.0011423970572650433,0.05732687097042799,0.2893759391736239
NFCorpus_train,PLAIN-718,blue-green algae,1,l6,0.7594765315195056,0.7802687226491609,0.7175902905935932,0.7468395180337083,0.7818942288451127,0.755358200624835,2.142181620001793e-05,0.012776037910953164,0.050978561863303185
NFCorpus_train,PLAIN-719,blueberries,1,l6,0.6230966999610774,0.8962848962211399,0.5749765805884427,0.6032721558012799,0.9024054996046695,0.6052385058825713,3.293692134320736e-05,0.03058030200190842,0.13899722299538553
NFCorpus_train,PLAIN-722,body building,0,bm25,0.049931748675276166,0.04048786720832831,0.0,0.0,0.0,0.0,0.0003953601699322462,0.05510103213600814,0.289635528344661
NFCorpus_train,PLAIN-723,body fat,0,bm25,0.7326453302558046,0.6196324719918695,0.2510481087088973,0.718676239575155,0.6100458831490401,0.2642611670619972,0.0005552568472921848,0.05667730490677059,0.28592793783172965
NFCorpus_train,PLAIN-724,body odor,0,bm25,0.7673532614246961,0.7220736135898195,0.6932779959728302,0.7551757756338224,0.7177373727875336,0.7297663115503477,0.00036645703949034214,0.05622261809185147,0.2875281141605228
NFCorpus_train,PLAIN-725,boiling,0,bm25,0.7117940172284677,0.6833168691635713,0.16715559241514288,0.6966391998231531,0.6794771050858174,0.17595325517383462,3.395508974790573e-05,0.03129411302506924,0.12839789711870253
NFCorpus_train,PLAIN-726,bok choy,0,bm25,0.022647930847287764,0.0,0.008604418089948634,0.0,0.0,0.0,6.100162863731384e-06,1.1151190847158432e-05,9.232200682163239e-06
NFCorpus_train,PLAIN-727,bokhoor,0,bm25,0.023227007772020726,0.0,0.010136010362694304,0.0,0.0,0.0,1.5399418771266937e-06,2.8759241104125977e-06,2.292916178703308e-06
NFCorpus_train,PLAIN-728,bolete mushroom,0,bm25,0.04998771183554931,0.03614474721126931,0.0,0.0,0.0,0.0,2.3172935470938683e-05,0.026128139812499285,0.09428965393453836
NFCorpus_train,PLAIN-729,bologna,0,bm25,0.0499685194102765,0.035455867164580046,0.0,0.0,0.0,0.0,1.365412026643753e-05,0.006308247102424502,0.021686570020392537
NFCorpus_train,PLAIN-732,bone health,1,l6,0.8975816740910281,0.9579398739810523,0.8765771887002608,0.8923085103615065,0.9652843890316114,0.9227128302108009,0.0006396439857780933,0.052132817916572094,0.2870656431186944
NFCorpus_train,PLAIN-733,bone marrow health,0,bm25,0.6294330465503871,0.20451855265301747,0.0923548304199692,0.6100458831490401,0.1723941821847754,0.09721561096838863,0.0006392691284418106,0.05352717125788331,0.28915099101141095
NFCorpus_train,PLAIN-734,bone mineral density,0,bm25,0.9293056272075819,0.9254027511496822,0.8849322626083019,0.9256180470797137,0.9315076448508441,0.9315076448508441,0.00018089613877236843,0.05469503719359636,0.28697713115252554
NFCorpus_train,PLAIN-735,boron,0,bm25,0.04997409889546513,0.03193237246502598,0.0,0.0,0.0,0.0,1.4049001038074493e-05,0.0098000499419868,0.027120467042550445
NFCorpus_train,PLAIN-736,Boston,1,l6,0.3781724611367051,0.6569979365908106,0.1506047317405327,0.34546043308946733,0.6513012067494067,0.1585312965689818,1.912587322294712e-05,0.015016657765954733,0.0639648549258709
NFCorpus_train,PLAIN-737,botulism,0,bm25,0.02004361112879608,0.0,0.004443878525498185,0.0,0.0,0.0,4.38210554420948e-06,7.3141418397426605e-06,6.6640786826610565e-06
NFCorpus_train,PLAIN-738,bovine leukemia virus,0,bm25,0.8162297738756379,0.8071823781746126,0.7662449165635927,0.8065735963827292,0.8065735963827292,0.8065735963827292,8.741999045014381e-05,0.052318783942610025,0.2886541369371116
NFCorpus_train,PLAIN-739,bowel movements,0,bm25,0.8289529816188265,0.5128624143456786,0.46363348837487517,0.8199720715558163,0.4975470162440777,0.48803525092092126,0.00012023095041513443,0.05755708506330848,0.2934414779301733
NFCorpus_train,PLAIN-742,Bragg Liquid Aminos,0,bm25,0.049977005223308474,0.04021951486998046,0.0,0.0,0.0,0.0,0.00013209902681410313,0.056186349829658866,0.2872370290569961
NFCorpus_train,PLAIN-743,brain disease,0,bm25,0.9264327010042608,0.9194862027722763,0.7733783500954515,0.9227128302108009,0.9256180470797137,0.8140824737846859,0.0008385370019823313,0.05717012286186218,0.29017591988667846
NFCorpus_train,PLAIN-744,brain health,0,bm25,0.9348133211558961,0.9183330438391195,0.515241635632848,0.9315076448508441,0.9243013294519951,0.5423596164556295,0.0006880818400532007,0.056422826834023,0.2892523279879242
NFCorpus_train,PLAIN-745,brain parasites,1,l6,0.8170750139262571,0.8556281249682739,0.7545220152075593,0.8074759253304423,0.8577753243841305,0.7942337002184836,0.00015617604367434978,0.053326134104281664,0.2879868168383837
NFCorpus_train,PLAIN-746,brain surgery,1,l6,0.38489946575343703,0.6857574237049191,0.21060512782912735,0.3525583336639718,0.6794771050858174,0.2216896082411867,0.00017709401436150074,0.05576281202957034,0.2860856088809669
NFCorpus_train,PLAIN-747,brain tumors,1,l6,0.761639398115983,0.8158128254287962,0.4784380870559099,0.7491449679580156,0.8162707399704856,0.503619039006221,0.00027811992913484573,0.05550938402302563,0.2877810609061271
NFCorpus_train,PLAIN-748,brain waves,0,bm25,0.6295163152534264,0.23693441839649249,0.6245680620671247,0.6100458831490401,0.20710979315316402,0.6574400653338155,0.00015589501708745956,0.056129861855879426,0.28579693799838424
NFCorpus_train,PLAIN-749,brains,1,l6,0.04997512207808612,0.20406561302972026,0.0,0.0,0.1723941821847754,0.0,0.0001436381135135889,0.056056223111227155,0.28868591599166393
NFCorpus_train,PLAIN-752,bread,0,bm25,0.7117965776712927,0.3357791730003541,0.38720221147656725,0.6966391998231531,0.3116553492467726,0.40758127523849186,4.67358622699976e-05,0.04511949769221246,0.2191669379826635
NFCorpus_train,PLAIN-753,breakfast,2,bge,0.04998777543749949,0.03892474919088253,0.08424853391861256,0.0,0.0,0.08868266728275007,4.624086432158947e-05,0.04189345589838922,0.18913095793686807
NFCorpus_train,PLAIN-754,breakfast cereal,1,l6,0.1644511322946826,0.3741626156990713,0.1637744730755366,0.12049306138222593,0.35124161603625315,0.1723941821847754,9.917002171278e-05,0.05463024484924972,0.2870164271444082
NFCorpus_train,PLAIN-755,breast cancer,1,l6,0.6578452425091227,0.9380962981609481,0.9170201695800307,0.6399541168509599,0.94497705842548,0.9652843890316114,0.0006405359599739313,0.055497583001852036,0.2880923841148615
NFCorpus_train,PLAIN-756,breast cancer survival,1,l6,0.4898786939946336,0.7145009078001933,0.7099538363923305,0.4631550401713781,0.7096989999440991,0.7473198277814005,0.000686901155859232,0.0562588251195848,0.28960157418623567
NFCorpus_train,PLAIN-757,breast development,2,bge,0.049894889137631626,0.2041919544630182,0.6318153834873821,0.0,0.1723941821847754,0.6650688247235601,0.000603468157351017,0.055015673162415624,0.28706269920803607
NFCorpus_train,PLAIN-758,breast disease,1,l6,0.7973453232804926,0.8402668992139974,0.7470588647477586,0.7868449598286218,0.842191536298831,0.7863777523660618,0.0009020050056278706,0.056250808062031865,0.28655355400405824
NFCorpus_train,PLAIN-759,breast health,0,bm25,0.8688430891437521,0.8149668779895864,0.8360375749688691,0.8620764229140668,0.8153318731828642,0.8800395525988096,0.0007472599390894175,0.05538070877082646,0.2884892269503325
NFCorpus_train,PLAIN-762,breastfeeding,0,bm25,0.7075321455767501,0.6931964607234387,0.6666632464845781,0.6921556763022041,0.6892994030195306,0.7017507857732401,2.096104435622692e-05,0.015491550089791417,0.06655605416744947
NFCorpus_train,PLAIN-763,Brenda Davis,0,bm25,0.020071070589234647,0.0,0.009843701333635359,0.0,0.0,0.0,4.922039806842804e-06,8.222879841923714e-06,6.604008376598358e-06
NFCorpus_train,PLAIN-764,brewer's yeast,1,l6,0.764201024755629,0.7689683207428127,0.6977750443273205,0.7518033513023495,0.7692156576287261,0.7345000466603374,2.7352944016456604e-05,0.026515127858147025,0.11248040711507201
NFCorpus_train,PLAIN-765,bristle cone pine,0,bm25,0.04996166068005639,0.03600405101211162,0.0,0.0,0.0,0.0,1.9456027075648308e-05,0.007102514151483774,0.025373463984578848
NFCorpus_train,PLAIN-766,broad beans,0,bm25,0.04998206188661397,0.04179345485846353,0.0,0.0,0.0,0.0,0.00010204687714576721,0.046685640001669526,0.2844414988067001
NFCorpus_train,PLAIN-767,broccoli,0,bm25,0.9999886505733075,0.9886900396487448,0.95,1.0,1.0,1.0,4.434492439031601e-05,0.04419071995653212,0.19536195788532495
NFCorpus_train,PLAIN-768,broccoli raab,0,bm25,0.999989663592264,0.9884309032961708,0.5371916329464423,1.0,1.0,0.5654648767857288,4.021008498966694e-05,0.04500541905872524,0.19450705708004534
NFCorpus_train,PLAIN-769,broccoli sprouts,1,l6,0.9247447384504697,0.9376454489896061,0.8812900660942944,0.9207954237157487,0.94497705842548,0.9276737537834678,5.13510312885046e-05,0.047439634799957275,0.2352513161022216
NFCorpus_train,PLAIN-773,brown rice syrup,0,bm25,0.7764668051105651,0.7593848376267367,0.7264822090138666,0.7647181147514386,0.7567656221812333,0.7647181147514386,8.873105980455875e-05,0.054967655101791024,0.288014855934307
NFCorpus_train,PLAIN-774,brown sugar,1,l6,0.587171878078586,0.9905105915353348,0.95,0.5654648767857288,1.0,1.0,0.00011351704597473145,0.05452881916426122,0.2873141111340374
NFCorpus_train,PLAIN-775,Brussels sprouts,2,bge,0.8393554988142986,0.8278765897598801,0.8534615064674671,0.8309156612681636,0.8309156612681636,0.8983805331236496,3.981892950832844e-05,0.03182683186605573,0.13845833600498736
NFCorpus_train,PLAIN-776,BT corn,1,l6,0.2683955685868844,0.6340959337309743,0.17049483399343404,0.22990234235858092,0.6264713513838286,0.17946824630887795,4.2743049561977386e-05,0.040525333024561405,0.18334185099229217
NFCorpus_train,PLAIN-777,buckwheat,0,bm25,0.04996669415794851,0.038919436820266294,0.0,0.0,0.0,0.0,1.1557014659047127e-05,0.0038449179846793413,0.017349831061437726
NFCorpus_train,PLAIN-778,Buddhists,0,bm25,0.6860814866081049,0.3742135195295645,0.23888388208581715,0.669580102636808,0.35699313236726377,0.2514567179850707,1.4472054317593575e-05,0.011017708107829094,0.036897992016747594
NFCorpus_train,PLAIN-779,Burger King,1,l6,0.6258099616480419,0.9739769802197656,0.905362081878974,0.6061315332572981,0.9837339917445846,0.9530127177673411,1.9015977159142494e-05,0.013404836878180504,0.0634079531300813
NFCorpus_train,PLAIN-780,burgers,0,bm25,0.7477528758267101,0.7326855601253304,0.6977750443273205,0.7345000466603374,0.7345000466603374,0.7345000466603374,1.2064119800925255e-05,0.008211712120100856,0.027210049098357558
NFCorpus_train,PLAIN-783,butcher's warts,0,bm25,0.04997902956907148,0.03721559827728217,0.0,0.0,0.0,0.0,2.6142923161387444e-05,0.015937756979838014,0.06233282294124365
NFCorpus_train,PLAIN-784,butter,0,bm25,0.890834216987639,0.882829695072336,0.806927959112796,0.8851021949626574,0.8889360860300337,0.8493978516976801,3.174087032675743e-05,0.02875962876714766,0.12333039590157568
NFCorpus_train,PLAIN-785,butter flavor,1,l6,0.7478961406216693,0.8787716504437832,0.7939083844485694,0.7346393630113782,0.8826803184943108,0.835693036261652,5.673686973750591e-05,0.049277712823823094,0.25206888280808926
NFCorpus_train,PLAIN-786,buttermilk,0,bm25,0.7103827841656049,0.7007459821569846,0.6604305237462483,0.6951900249960509,0.6951900249960509,0.6951900249960509,1.5895813703536987e-05,0.003224654821678996,0.016648463904857635
NFCorpus_train,PLAIN-787,butternut squash,0,bm25,0.04997534897233749,0.03947536065734483,0.0,0.0,0.0,0.0,8.468050509691238e-06,0.003615394001826644,0.017175856977701187
NFCorpus_train,PLAIN-788,butyrate,0,bm25,0.7777488122489593,0.7538131375314201,0.31887580212606254,0.7660704217599303,0.755034565729146,0.3356587390800658,1.699291169643402e-05,0.012653918005526066,0.04697178886272013
NFCorpus_train,PLAIN-789,C-reactive protein,0,bm25,0.049938910313948315,0.0409190322048316,0.0,0.0,0.0,0.0,0.0003497009165585041,0.05198296089656651,0.28621927788481116
NFCorpus_train,PLAIN-790,C. diff,0,bm25,0.04996486179224691,0.03762701218223147,0.0,0.0,0.0,0.0,1.2499978765845299e-05,0.004401535959914327,0.0177868758328259
NFCorpus_train,PLAIN-793,cadavers,0,bm25,0.04996100729516317,0.0374916398207665,0.0,0.0,0.0,0.0,1.4873920008540154e-05,0.004771362990140915,0.019072695868089795
NFCorpus_train,PLAIN-795,cadmium,0,bm25,0.9999904402543823,0.9896799591334727,0.95,1.0,1.0,1.0,3.23769636452198e-05,0.0349519329611212,0.16934008989483118
NFCorpus_train,PLAIN-796,caesarean section,0,bm25,0.6295326421668488,0.618986910197082,0.5795435889915881,0.6100458831490401,0.6100458831490401,0.6100458831490401,4.037516191601753e-05,0.03893618704751134,0.18441494624130428
NFCorpus_train,PLAIN-797,caffeine,1,l6,0.726963112202456,0.8547776183437309,0.7094975421320229,0.7126042168130119,0.8575928993931178,0.7468395180337083,6.223400123417377e-05,0.056760367937386036,0.28564033284783363
NFCorpus_train,PLAIN-798,cake,0,bm25,0.6954822512392548,0.6822019165462493,0.6318153834873821,0.6794771050858174,0.6794771050858174,0.6650688247235601,1.6071833670139313e-05,0.010180530836805701,0.03826883598230779
NFCorpus_train,PLAIN-799,calcium,0,bm25,0.8569104093892663,0.3057665810124883,0.7700779141289307,0.8493978516976801,0.2789066366655495,0.8106083306620323,0.00010150601156055927,0.05318144988268614,0.28919547190889716
NFCorpus_train,PLAIN-801,California,1,l6,0.21376374971516562,0.3836777403957863,0.3336795352344405,0.1723941821847754,0.36200278075758774,0.35124161603625315,4.715612158179283e-05,0.044964141212403774,0.21987567306496203
NFCorpus_train,PLAIN-802,California Dried Plum Board,0,bm25,0.7104070912183532,0.7011051007732685,0.6604305237462483,0.6951900249960509,0.6951900249960509,0.6951900249960509,0.00013554096221923828,0.053941120160743594,0.2892154077999294
NFCorpus_train,PLAIN-807,calories,0,bm25,0.8211846682466183,0.7612850590059393,0.2642133556548787,0.8117872164495366,0.7586816813700685,0.27811932174197757,7.568998262286186e-05,0.054310965118929744,0.2869788391981274
NFCorpus_train,PLAIN-809,Camplyobacter,0,bm25,0.025775200351672134,0.0,0.006593852500591757,0.0,0.0,0.0,6.671994924545288e-06,1.3771001249551773e-05,1.195492222905159e-05
NFCorpus_train,PLAIN-810,Campylobacter,1,l6,0.5530513598190637,0.8389478787713656,0.4822618052128787,0.5295398353345663,0.8449143281767311,0.5076440054872408,2.1971995010972023e-05,0.026252043899148703,0.09566560294479132
NFCorpus_train,PLAIN-811,Canada,0,bm25,0.04998724484406253,0.03825809972617768,0.0,0.0,0.0,0.0,4.722992889583111e-05,0.043478034902364016,0.18514053896069527
NFCorpus_train,PLAIN-812,cancer,0,bm25,0.9999013949030967,0.6078446048551229,0.885549413439196,1.0,0.5973825580301495,0.9321572773044169,0.0005697009619325399,0.05586262000724673,0.28888007812201977
NFCorpus_train,PLAIN-813,cancer stem cells,0,bm25,0.7627722962856469,0.7530709232414117,0.705171409393544,0.7504327773459387,0.7504327773459387,0.7422856940984673,0.0007938260678201914,0.05626113503240049,0.28587349806912243
NFCorpus_train,PLAIN-814,cancer survival,0,bm25,0.6206112802087844,0.6135437969626998,0.5326655671314457,0.6007549823616223,0.6032721558012799,0.5607005969804693,0.0006094891577959061,0.055020718136802316,0.28762232209555805
NFCorpus_train,PLAIN-815,cancer viruses,1,l6,0.8459364874075307,0.9264204794613613,0.87978099181516,0.8379352012405592,0.9334739949321356,0.9260852545422738,0.0005828060675412416,0.05933492723852396,0.28581878915429115
NFCorpus_train,PLAIN-818,Cannabis,2,bge,0.35342443655910966,0.3394352038976993,0.5795435889915881,0.31943122193677725,0.31943122193677725,0.6100458831490401,1.3575190678238869e-05,0.005404927302151918,0.019269649172201753
NFCorpus_train,PLAIN-819,cannibalism,0,bm25,0.04999069571516259,0.04673807757935208,0.0,0.0,0.0,0.0,8.77678394317627e-06,0.00307698966935277,0.04716527974233031
NFCorpus_train,PLAIN-820,canola,0,bm25,0.04997338241794498,0.03567326507216907,0.0,0.0,0.0,0.0,1.1797063052654266e-05,0.0063496900256723166,0.022160283057019114
NFCorpus_train,PLAIN-821,cans,0,bm25,0.6699697054080141,0.6682002236979194,0.16842281129973916,0.6526174419698506,0.6650688247235601,0.17728716978919912,3.1352974474430084e-05,0.02531214593909681,0.09295574319548905
NFCorpus_train,PLAIN-822,cantaloupe,0,bm25,0.04997354383800524,0.030054895223629197,0.0,0.0,0.0,0.0,1.06769148260355e-05,0.008049247087910771,0.020178502891212702
NFCorpus_train,PLAIN-823,canthaxanthines,0,bm25,0.049973751930045496,0.03888929958319798,0.0,0.0,0.0,0.0,9.354902431368828e-06,0.003959891851991415,0.017820172011852264
NFCorpus_train,PLAIN-824,capsaicin,0,bm25,0.18817411125741645,0.1867292400950265,0.14029328044151346,0.14546401530948944,0.16227009797546735,0.14767713730685628,2.5640008971095085e-05,0.026751470984891057,0.07675138907507062
NFCorpus_train,PLAIN-825,caramel color,0,bm25,0.7478968181315213,0.7386006863103205,0.6979073948608093,0.7346393630113782,0.7346393630113782,0.7346393630113782,5.9649115428328514e-05,0.0524866352789104,0.28198280301876366
NFCorpus_train,PLAIN-828,cardamom,0,bm25,0.6366122400288046,0.6210983979284278,0.5866466359718805,0.6175227747072427,0.6175227747072427,0.6175227747072427,1.392909325659275e-05,0.006296465173363686,0.020248163025826216
NFCorpus_train,PLAIN-829,cardiac disease,0,bm25,0.04986484066442255,0.04069725461913618,0.0,0.0,0.0,0.0,0.0007827170193195343,0.05387283908203244,0.28955344296991825
NFCorpus_train,PLAIN-830,cardiac health,0,bm25,0.04988791905656202,0.04046479184674906,0.0,0.0,0.0,0.0,0.0006481979507952929,0.05514498893171549,0.2891651028767228
NFCorpus_train,PLAIN-831,cardiovascular disease,2,bge,0.8513969277181288,0.8913087045171326,0.90955701912023,0.8437354423892268,0.895863359683992,0.9574284411791896,0.000874783843755722,0.05627420381642878,0.2882460569962859
NFCorpus_train,PLAIN-832,cardiovascular health,0,bm25,0.8440334381793683,0.5462358006403424,0.5062666466827371,0.8359688511592678,0.5329122596660392,0.5329122596660392,0.0007866378873586655,0.057608375791460276,0.28715611598454416
NFCorpus_train,PLAIN-833,carnitine,1,l6,0.40570911842011076,0.6667699680232638,0.24784430559399814,0.3744541635112973,0.6650688247235601,0.26088874273052437,1.8217135220766068e-05,0.01227046619169414,0.04077809024602175
NFCorpus_train,PLAIN-834,carnitine palmitoyl transferase,1,l6,0.35344249870362016,0.6159576357953724,0.30345966083993836,0.31943122193677725,0.6100458831490401,0.31943122193677725,2.901209518313408e-05,0.022966661024838686,0.08452355419285595
NFCorpus_train,PLAIN-836,carob,0,bm25,0.6451188803122687,0.6272119198366725,0.5951477838146372,0.6264713513838286,0.6264713513838286,0.6264713513838286,1.2933043763041496e-05,0.008025508839637041,0.022372796898707747
NFCorpus_train,PLAIN-839,carrots,1,l6,0.8046405923810718,0.8225752805106422,0.7615495364794276,0.7943749101231601,0.8261853042226359,0.8016310910309764,2.3910077288746834e-05,0.018886952893808484,0.0767714970279485
NFCorpus_train,PLAIN-840,cartilage health,1,l6,0.7660598314990658,0.7871354271125134,0.4465317017271423,0.7538590580061038,0.7865189622707383,0.4700333702390972,0.0006106048822402954,0.057786800898611546,0.2872796459123492
NFCorpus_train,PLAIN-841,casein,0,bm25,0.674547978240082,0.3806570407753829,0.6245680620671247,0.6574400653338155,0.36200278075758774,0.6574400653338155,2.1418090909719467e-05,0.014125569025054574,0.05332173709757626
NFCorpus_train,PLAIN-842,cashews,0,bm25,0.019226743064929344,0.0,0.006601746508360651,0.0,0.0,0.0,5.201902240514755e-06,8.451985195279121e-06,7.336027920246124e-06
NFCorpus_train,PLAIN-843,casomorphin,0,bm25,0.8274023455949898,0.8130913296403399,0.7774241583980951,0.8183412193664159,0.8183412193664159,0.8183412193664159,8.244998753070831e-06,0.005417651031166315,0.018899447983130813
NFCorpus_train,PLAIN-844,CAT scan,2,bge,0.28887362697583296,0.3801933090494466,0.6934864662872274,0.2514567179850707,0.35699313236726377,0.7299857539865552,5.935295484960079e-05,0.05180040397681296,0.28938234178349376
NFCorpus_train,PLAIN-845,cataracts,0,bm25,0.3579129719049937,0.33730344271948665,0.3079411845208208,0.32414861528507455,0.32414861528507455,0.32414861528507455,1.5119090676307678e-05,0.0110597291495651,0.026794911129400134
NFCorpus_train,PLAIN-847,catfish,0,bm25,0.8755497392635784,0.8615241341930521,0.8228205826212612,0.8690198162732529,0.8690198162732529,0.8661269290750119,1.6381964087486267e-05,0.012054766062647104,0.04291573888622224
NFCorpus_train,PLAIN-851,cavities,1,l6,0.15269122302740462,0.15293587042241355,0.0,0.10811053247825145,0.12253246782267099,0.0,2.6199035346508026e-05,0.02560435002669692,0.09504231414757669
NFCorpus_train,PLAIN-852,Cayenne pepper,0,bm25,0.40571911973690855,0.37256087460397047,0.17029084387696597,0.3744541635112973,0.35863035642611496,0.1792535198704905,2.28250864893198e-05,0.03356145112775266,0.0925171400886029
NFCorpus_train,PLAIN-853,CDC,2,bge,0.34285210755585604,0.3292284093711009,0.6529664002913272,0.30828292491529974,0.30828292491529974,0.6873330529382392,1.6668112948536873e-05,0.013637914089486003,0.04999100021086633
NFCorpus_train,PLAIN-854,celery,0,bm25,0.6817935796323358,0.6788890995351632,0.25562960090466397,0.6650688247235601,0.6794771050858174,0.2690837904259621,1.13658607006073e-05,0.008660583989694715,0.02606387878768146
NFCorpus_train,PLAIN-855,celery root,0,bm25,0.04999030933284917,0.04034394457193128,0.0,0.0,0.0,0.0,4.591606557369232e-05,0.045752069214358926,0.23690869193524122
NFCorpus_train,PLAIN-856,celiac disease,0,bm25,0.9998665762100761,0.9902085356527168,0.95,1.0,1.0,1.0,0.000766154145821929,0.05622513801790774,0.28711302019655704
NFCorpus_train,PLAIN-857,cell death,1,l6,0.386345422125165,0.6999402182358042,0.30345966083993836,0.3541468329051659,0.6941220263834955,0.31943122193677725,0.000552851939573884,0.05568949808366597,0.2938540580216795
NFCorpus_train,PLAIN-858,cell phones,0,bm25,0.6860308107904872,0.6764081493627903,0.6361010975049676,0.669580102636808,0.669580102636808,0.669580102636808,0.0004069011192768812,0.056114039150997996,0.28945805924013257
NFCorpus_train,PLAIN-861,Center for Science in the Public Interest,2,bge,0.16633440191452148,0.04039880796798321,0.30345966083993836,0.12253246782267099,0.0,0.31943122193677725,0.00041120382957160473,0.05526186781935394,0.2877864937763661
NFCorpus_train,PLAIN-863,ceramide,0,bm25,0.4057049511459647,0.3904870276527258,0.348484133915475,0.3744541635112973,0.3744541635112973,0.3668254041215527,1.5467870980501175e-05,0.0088966628536582,0.029180048732087016
NFCorpus_train,PLAIN-864,cervical cancer,0,bm25,0.917637394608877,0.874904714717616,0.87978099181516,0.9134066833258869,0.8782238648949383,0.9260852545422738,0.0005704001523554325,0.05422994727268815,0.2882131990045309
NFCorpus_train,PLAIN-865,cervix health,0,bm25,0.6744615353608888,0.6594438847616313,0.6455032498315265,0.6574400653338155,0.6526174419698506,0.6794771050858174,0.0006178140174597502,0.061143527971580625,0.2899808129295707
NFCorpus_train,PLAIN-866,cesium,0,bm25,0.6366089810664061,0.6263794053299364,0.5866466359718805,0.6175227747072427,0.6175227747072427,0.6175227747072427,1.2674136087298393e-05,0.0034558121114969254,0.01682932930998504
NFCorpus_train,PLAIN-867,cetuximab,0,bm25,0.8446696876930648,0.840012942612004,0.8094593509246434,0.8365117319440616,0.8460394186949529,0.8520624746575194,1.4489982277154922e-05,0.012083607958629727,0.04402201692573726
NFCorpus_train,PLAIN-868,chai tea,0,bm25,0.18166869633790061,0.041031444187954284,0.13168866122242268,0.13861964339202387,0.0,0.13861964339202387,0.00011502206325531006,0.05166981020011008,0.2880609279964119
NFCorpus_train,PLAIN-870,chamomile tea,0,bm25,0.740506360449841,0.7383249536651321,0.39617443621550236,0.7268712872705927,0.7345000466603374,0.4170257223321078,0.00012281909584999084,0.0543313710950315,0.28746481402777135
NFCorpus_train,PLAIN-873,Cheerios,0,bm25,0.024474509452558014,0.0,0.003117104202132426,0.0,0.0,0.0,6.633112207055092e-06,1.2993114069104195e-05,1.2183096259832382e-05
NFCorpus_train,PLAIN-874,cheese,1,l6,0.8470612359146233,0.8728279280250367,0.7639505342068023,0.8390247304056007,0.8786910723574983,0.8041584570597919,3.3534131944179535e-05,0.032633047085255384,0.1367850061506033
NFCorpus_train,PLAIN-875,cheese effect,1,l6,0.04981336541455995,0.34735689095131156,0.09459559226041041,0.0,0.32414861528507455,0.09957430764253727,0.0010826131328940392,0.06139641907066107,0.2900355071760714
NFCorpus_train,PLAIN-876,cheese fly,1,l6,0.32874447649272986,0.9899056994901267,0.95,0.2934264036172708,1.0,1.0,4.684994928538799e-05,0.04458564892411232,0.22084565879777074
NFCorpus_train,PLAIN-877,cheese itch,0,bm25,0.5871820424090747,0.31736069065641154,0.5371916329464423,0.5654648767857288,0.2934264036172708,0.5654648767857288,3.543798811733723e-05,0.04210341302677989,0.18475496605969965
NFCorpus_train,PLAIN-878,cheese mites,0,bm25,0.9999876787028184,0.9875717528450118,0.95,1.0,1.0,1.0,3.523286432027817e-05,0.03553868876770139,0.14297546679154038
NFCorpus_train,PLAIN-879,cheese puffs,0,bm25,0.04998842388654981,0.037425986607504604,0.0,0.0,0.0,0.0,3.169616684317589e-05,0.03442848310805857,0.13690331811085343
NFCorpus_train,PLAIN-880,chemical sensitivities,1,l6,0.3197345214398498,0.4186986563990753,0.15856788277561273,0.2839863481723558,0.3980409554829326,0.16691356081643446,0.00030252919532358646,0.054389419266954064,0.28807188221253455
NFCorpus_train,PLAIN-883,cherries,0,bm25,0.9999882779195901,0.9885409246474195,0.915152137002804,1.0,1.0,0.96331803895032,3.27620655298233e-05,0.03202699217945337,0.13974509807303548
NFCorpus_train,PLAIN-884,chervil,0,bm25,0.7103996344737628,0.699267100469887,0.6604305237462483,0.6951900249960509,0.6951900249960509,0.6951900249960509,1.0770047083497047e-05,0.003892309032380581,0.01743331295438111
NFCorpus_train,PLAIN-885,chestnuts,0,bm25,0.016614718614718617,0.0,0.00806233766233766,0.0,0.0,0.0,4.4889748096466064e-06,6.7229848355054855e-06,5.6389253586530685e-06
NFCorpus_train,PLAIN-886,chewing,0,bm25,0.049983997744883824,0.03603453973549724,0.0,0.0,0.0,0.0,1.5652971342206e-05,0.013660633936524391,0.048908642027527094
NFCorpus_train,PLAIN-887,chewing gum,2,bge,0.18542990450609617,0.20167519954962,0.5795435889915881,0.1425715588208105,0.1723941821847754,0.6100458831490401,1.9354047253727913e-05,0.017907863250002265,0.07400387804955244
NFCorpus_train,PLAIN-888,chia seeds,0,bm25,0.04998822027317753,0.0407583372086323,0.0,0.0,0.0,0.0,6.747501902282238e-05,0.052936827996745706,0.28640315704979
NFCorpus_train,PLAIN-890,chicken,0,bm25,0.9999844714921738,0.9196672310734274,0.95,1.0,0.9256180470797137,1.0,8.926400914788246e-05,0.05558649101294577,0.2874197899363935
NFCorpus_train,PLAIN-893,children,1,l6,0.9549430720249833,0.9555273871284106,0.8302691533448331,0.9526058178152246,0.96331803895032,0.8739675298366665,0.00018738280050456524,0.055569809628650546,0.2886818377301097
NFCorpus_train,PLAIN-894,chili peppers,0,bm25,0.04998346663286077,0.032449502075409226,0.0,0.0,0.0,0.0,3.1643081456422806e-05,0.03358976007439196,0.09569460712373257
NFCorpus_train,PLAIN-895,Chili's,1,l6,0.4712310199386178,0.7792359541421614,0.7662449165635927,0.4434264036172708,0.8065735963827292,0.8065735963827292,1.3967044651508331e-05,0.021480910014361143,0.029021227033808827
NFCorpus_train,PLAIN-896,China,1,l6,0.8185582013771553,0.8981066724531439,0.26741715876977784,0.8090198314208381,0.9024054996046695,0.2814917460734504,6.073503755033016e-05,0.05240035196766257,0.28544998704455793
NFCorpus_train,PLAIN-897,China Study,1,l6,0.3337801379448664,0.4506137712170368,0.23443732834980865,0.2989767780303858,0.4318118535344623,0.24677613510506174,0.0014318781904876232,0.055515291169285774,0.2889167370740324
NFCorpus_train,PLAIN-898,Chinese food,0,bm25,0.04987581303014706,0.03974366966166085,0.0,0.0,0.0,0.0,0.0007163961417973042,0.059165591141209006,0.28843450429849327
NFCorpus_train,PLAIN-899,chlorella,0,bm25,0.7927595967690413,0.7750713825863604,0.7427995174028571,0.7818942288451127,0.7818942288451127,0.7818942288451127,2.2780848667025566e-05,0.010116621851921082,0.028532674070447683
NFCorpus_train,PLAIN-900,chlorhexidine,0,bm25,0.8060808605193586,0.7923960417591047,0.7561019530226567,0.7958967926554281,0.7958967926554281,0.7958967926554281,1.4993129298090935e-05,0.009742537280544639,0.035541370045393705
NFCorpus_train,PLAIN-903,chocolate,0,bm25,0.8798882086041998,0.5129028522240263,0.6455032498315265,0.8735794864074113,0.49913551548527185,0.6794771050858174,4.534912295639515e-05,0.04156153299845755,0.1842938440386206
NFCorpus_train,PLAIN-905,cholera,0,bm25,0.8031972520359928,0.7797665204622525,0.753227524270846,0.7928710781798379,0.7833433914289467,0.7928710781798379,2.2894004359841347e-05,0.010897635016590357,0.03781353519298136
NFCorpus_train,PLAIN-906,cholesterol,1,l6,0.9651114934489191,0.9904430096511103,0.5358693702463451,0.96331803895032,1.0,0.5640730213119423,0.00023349584080278873,0.054904585937038064,0.2872483069077134
NFCorpus_train,PLAIN-907,choline,1,l6,0.9697626544951632,0.9869746294114304,0.9185292438591651,0.9681896059005242,1.0,0.9668728882728055,2.7412082999944687e-05,0.02043674001470208,0.07844974496401846
NFCorpus_train,PLAIN-908,Chomorro,0,bm25,0.02431298002092317,0.0,0.010247250644280576,0.0,0.0,0.0,4.687812179327011e-06,9.124865755438805e-06,7.254770025610924e-06
NFCorpus_train,PLAIN-909,chronic diseases,2,bge,0.69258849312719,0.4759300682066614,0.7565241971942288,0.6765718882169046,0.4585303067457527,0.7963412602044514,0.0008876798674464226,0.05547242681495845,0.2867170460522175
NFCorpus_train,PLAIN-910,chronic fatigue syndrome,0,bm25,0.6954352342717871,0.685817807217705,0.6455032498315265,0.6794771050858174,0.6794771050858174,0.6794771050858174,0.00039162207394838333,0.055767138255760074,0.28789153206162155
NFCorpus_train,PLAIN-911,ciguatera,0,bm25,0.893261124303697,0.5813355551457844,0.8223497086247247,0.8876683119885542,0.5750166110242896,0.8656312722365523,2.354104071855545e-05,0.014785116072744131,0.04951404198072851
NFCorpus_train,PLAIN-914,cirrhosis,1,l6,0.12770839897938563,0.1724942778989133,0.0,0.08181039409947585,0.1425715588208105,0.0,2.750614657998085e-05,0.031037563225254416,0.11984815495088696
NFCorpus_train,PLAIN-915,citric acid,0,bm25,0.747704499587574,0.7092181420360225,0.6516306297536548,0.7345000466603374,0.7042679592128978,0.6859269786880577,0.00040657399222254753,0.056690722005441785,0.28816747618839145
NFCorpus_train,PLAIN-916,citrulline,0,bm25,0.720912098653647,0.7053006176509917,0.6709525954489629,0.7062658899462768,0.7062658899462768,0.7062658899462768,1.6701174899935722e-05,0.006454990245401859,0.02062036609277129
NFCorpus_train,PLAIN-917,citrus,0,bm25,0.48855976265953505,0.4159771554317081,0.4784380870559099,0.4616558975526468,0.3972238205752634,0.503619039006221,3.639492206275463e-05,0.03106244094669819,0.13641259307041764
NFCorpus_train,PLAIN-918,clams,0,bm25,0.017385321822270452,0.0,0.007051312292620027,0.0,0.0,0.0,9.657815098762512e-06,1.4805933460593224e-05,1.271790824830532e-05
NFCorpus_train,PLAIN-920,Cleveland Clinic,2,bge,0.35337857340280066,0.3436326744363977,0.5795435889915881,0.31943122193677725,0.31943122193677725,0.6100458831490401,0.00047027203254401684,0.056992267025634646,0.2899783549364656
NFCorpus_train,PLAIN-921,cloves,0,bm25,0.39387233540096334,0.2916879830522908,0.3557314553357324,0.36200278075758774,0.2690837904259621,0.3744541635112973,2.4545006453990936e-05,0.01129127899184823,0.04049486620351672
NFCorpus_train,PLAIN-922,cluster headaches,0,bm25,0.8885358734766677,0.8793066900132434,0.8385463025695953,0.8826803184943108,0.8826803184943108,0.8826803184943108,5.98980113863945e-05,0.05306640011258423,0.28716788603924215
NFCorpus_train,PLAIN-925,Cochrane Collaboration,0,bm25,0.04998222568318552,0.04013873396331318,0.0,0.0,0.0,0.0,0.00010320101864635944,0.05725636100396514,0.29030938213691115
NFCorpus_train,PLAIN-926,cocoa,0,bm25,0.9265660291538513,0.8098526873720615,0.9197801256054979,0.9227128302108009,0.8117770238603788,0.9681896059005242,3.803404979407787e-05,0.038633686024695635,0.17041037511080503
NFCorpus_train,PLAIN-927,cocoa butter,2,bge,0.4641119325552408,0.25359027668831274,0.4852497792882345,0.4359175262153141,0.2241519346990214,0.5107892413560363,5.6196004152297974e-05,0.05409508803859353,0.28915294888429344
NFCorpus_train,PLAIN-928,coconut milk,0,bm25,0.8152035091527826,0.7803130374232297,0.725375585904259,0.805509575249151,0.7790379555624394,0.7635532483202727,0.00017590983770787716,0.05620530480518937,0.28755340073257685
NFCorpus_train,PLAIN-929,coconut oil,1,l6,0.8646878108195866,0.8911498040980578,0.8519524321883327,0.8575928993931178,0.8954753162547369,0.8967920338824555,0.0001467219553887844,0.05508067598566413,0.28832777799107134
NFCorpus_train,PLAIN-930,coconut water,0,bm25,0.9288830670348048,0.8985208619973956,0.7662449165635927,0.9251724527673773,0.9032867981913646,0.8065735963827292,0.0001762548927217722,0.0550116419326514,0.28647133405320346
NFCorpus_train,PLAIN-931,coconuts,1,l6,0.968513729633675,0.9869156205678702,0.9185292438591651,0.9668728882728055,1.0,0.9668728882728055,2.7341069653630257e-05,0.02305889711715281,0.08811612823046744
NFCorpus_train,PLAIN-932,cod,0,bm25,0.04997605571234638,0.03373245391203633,0.0,0.0,0.0,0.0,1.2977048754692078e-05,0.008816496934741735,0.027098423102870584
NFCorpus_train,PLAIN-935,cognition,1,l6,0.8917552577005227,0.957665273070933,0.8449331288179639,0.8860798127473601,0.9652843890316114,0.8894032934925936,0.00011827913112938404,0.053806020179763436,0.28758212411776185
NFCorpus_train,PLAIN-936,cola,1,l6,0.4371836199435558,0.7153760625830519,0.38720221147656725,0.40758127523849186,0.7126042168130119,0.40758127523849186,2.4006003513932228e-05,0.01497564883902669,0.06456165690906346
NFCorpus_train,PLAIN-937,colchicine,0,bm25,0.04996933142497498,0.03405688525839519,0.0,0.0,0.0,0.0,1.5960074961185455e-05,0.008296874118968844,0.02602024213410914
NFCorpus_train,PLAIN-938,cold hands,0,bm25,0.049981974972927085,0.04095087814824334,0.0,0.0,0.0,0.0,0.00010325410403311253,0.051836758153513074,0.28641872107982635
NFCorpus_train,PLAIN-940,colibacillosis,0,bm25,0.686052513186434,0.6758693520508425,0.6361010975049676,0.669580102636808,0.669580102636808,0.669580102636808,1.6398029401898384e-05,0.0034533871803432703,0.016875845845788717
NFCorpus_train,PLAIN-941,collard greens,1,l6,0.6954852252984582,0.7211008247399392,0.6977750443273205,0.6794771050858174,0.7161590661354974,0.7345000466603374,0.00010405108332633972,0.05339958006516099,0.28863738919608295
NFCorpus_train,PLAIN-942,colon cancer,1,l6,0.3187304777102743,0.805687444733658,0.20415291478547554,0.2829908886921817,0.8057367637118282,0.21489780503734268,0.0006406349129974842,0.056411840952932835,0.28892164886929095
NFCorpus_train,PLAIN-943,colon disease,0,bm25,0.6294001494332871,0.1875610334886607,0.6245680620671247,0.6100458831490401,0.1556595795498655,0.6574400653338155,0.0008432189933955669,0.06064074789173901,0.2939283289015293
NFCorpus_train,PLAIN-947,common cold,0,bm25,0.747712527338516,0.7387542676025519,0.7326229073245165,0.7345000466603374,0.7345000466603374,0.7711820077100174,0.0003583489451557398,0.0517073180526495,0.2866012519225478
NFCorpus_train,PLAIN-948,complementary medicine,2,bge,0.3558764813928668,0.35629626475415044,0.441198909291039,0.3220075981905067,0.3321038897575804,0.4644199045168832,0.00017735199071466923,0.05309806787408888,0.2885002379771322
NFCorpus_train,PLAIN-949,computer eye strain,2,bge,0.26057663994197944,0.2106969818338976,0.6167827667564588,0.2216896082411867,0.1792535198704905,0.6492450176383777,0.00016484991647303104,0.05551648489199579,0.2893333500251174
NFCorpus_train,PLAIN-950,Concord grapes,0,bm25,0.7807398051074411,0.7670788125855825,0.6977750443273205,0.7692156576287261,0.7676271583875319,0.7345000466603374,5.714595317840576e-05,0.04613873502239585,0.1896062339656055
NFCorpus_train,PLAIN-951,constipation,0,bm25,0.9162480568038334,0.4064594922195377,0.8701276639272674,0.9118499466982855,0.3855700947044989,0.9159238567655447,4.4239917770028114e-05,0.04631018778309226,0.23550512292422354
NFCorpus_train,PLAIN-952,Consumers Union,0,bm25,0.04992679771219655,0.04025826754360451,0.0,0.0,0.0,0.0,0.0004235419910401106,0.056364806136116385,0.2892955970019102
NFCorpus_train,PLAIN-953,contagious pustular dermatitis,0,bm25,0.04998399898186971,0.03331846858048924,0.0,0.0,0.0,0.0,3.692088648676872e-05,0.03849110868759453,0.11537042888812721
NFCorpus_train,PLAIN-954,convenience,0,bm25,0.049985719023513,0.037634165102874095,0.0,0.0,0.0,0.0,2.462882548570633e-05,0.021325991954654455,0.08622948685660958
NFCorpus_train,PLAIN-957,cooking temperature,2,bge,0.29204720108622145,0.45255888359665924,0.6816772004066949,0.25481671996838123,0.43335140918941717,0.717554947796521,0.00016281800344586372,0.05179768498055637,0.28382432693615556
NFCorpus_train,PLAIN-958,COPD,0,bm25,0.8682755471052552,0.8476297953204917,0.8182951220063521,0.8613632863224759,0.8613632863224759,0.8613632863224759,1.6435980796813965e-05,0.017351551912724972,0.04198228311724961
NFCorpus_train,PLAIN-959,copper,0,bm25,0.6954857753218784,0.6690364758348009,0.3349304169807732,0.6794771050858174,0.6650688247235601,0.3525583336639718,3.289198502898216e-05,0.02405352983623743,0.09411418600939214
NFCorpus_train,PLAIN-960,coriander,0,bm25,0.9072546974994034,0.8928726513688658,0.8701394202712192,0.9024049875019746,0.9024049875019746,0.9159362318644413,1.7499085515737534e-05,0.008395242039114237,0.029125699074938893
NFCorpus_train,PLAIN-961,corn,0,bm25,0.353446036081772,0.28347605446570995,0.24545299082632335,0.31943122193677725,0.2583715692908667,0.2583715692908667,3.8800062611699104e-05,0.03410745901055634,0.14238807815127075
NFCorpus_train,PLAIN-962,corn oil,0,bm25,0.04997438929238066,0.04045432140039465,0.0,0.0,0.0,0.0,0.0001473261509090662,0.05491172312758863,0.2876260841730982
NFCorpus_train,PLAIN-963,Corn Refiners Association,0,bm25,0.04983081223164377,0.040277856283399624,0.0,0.0,0.0,0.0,0.0009759508538991213,0.05608168104663491,0.28842240292578936
NFCorpus_train,PLAIN-964,corn syrup,2,bge,0.43113051602944114,0.42457063004883744,0.6647952139073512,0.4012019152469254,0.40602453861089033,0.6997844356919487,4.186294972896576e-05,0.041304551996290684,0.18517767009325325
NFCorpus_train,PLAIN-967,cosmic rays,0,bm25,0.04995554502348781,0.040355591732209095,0.0,0.0,0.0,0.0,1.859990879893303e-05,0.004035208839923143,0.02091993996873498
NFCorpus_train,PLAIN-968,cost savings,0,bm25,0.049981683120391494,0.04029673017103419,0.0,0.0,0.0,0.0,0.00010354118421673775,0.054850393207743764,0.2826387092936784
NFCorpus_train,PLAIN-969,cough,0,bm25,0.049984037243891735,0.031250207813606955,0.0,0.0,0.0,0.0,2.254103310406208e-05,0.026476611150428653,0.0706050789449364
NFCorpus_train,PLAIN-970,coumarin,0,bm25,0.6451260524001141,0.6329861978162392,0.3133048116343257,0.6264713513838286,0.6264713513838286,0.32979453856244817,1.6635050997138023e-05,0.009309499990195036,0.03827420203015208
NFCorpus_train,PLAIN-971,cranberries,0,bm25,0.9999866100788004,0.9880886512179825,0.95,1.0,1.0,1.0,3.554299473762512e-05,0.03161818510852754,0.13272294215857983
NFCorpus_train,PLAIN-972,cranberry juice,1,l6,0.5574970221382377,0.8611545876419321,0.543505824447608,0.5342289772937577,0.8640427729953583,0.5721113941553768,0.00011858600191771984,0.05601352103985846,0.2891454210039228
NFCorpus_train,PLAIN-973,cream,0,bm25,0.04998410715798384,0.03815254031671387,0.0,0.0,0.0,0.0,2.1685846149921417e-05,0.01616590586490929,0.06822519889101386
NFCorpus_train,PLAIN-975,creatine,0,bm25,0.7594072773357226,0.7487921694088868,0.6906042196179046,0.7467616398388741,0.7467616398388741,0.7269518101241101,2.1830201148986816e-05,0.014255409128963947,0.06704396707937121
NFCorpus_train,PLAIN-978,crimini mushrooms,0,bm25,0.04998202063198578,0.03690492463703798,0.0,0.0,0.0,0.0,3.302795812487602e-05,0.024055550806224346,0.09184960811398923
NFCorpus_train,PLAIN-979,Crisco,0,bm25,0.020634726735237353,0.0,0.005063399379443456,0.0,0.0,0.0,5.597015842795372e-06,9.529991075396538e-06,8.564908057451248e-06
NFCorpus_train,PLAIN-980,Crohn's disease,0,bm25,0.9998675148030406,0.959813558944808,0.95,1.0,0.9681896059005242,1.0,0.0007603850681334734,0.05720207723788917,0.28696982213295996
NFCorpus_train,PLAIN-981,crowberries,0,bm25,0.0499439316402793,0.03733194543700284,0.0,0.0,0.0,0.0,1.949281431734562e-05,0.0044041958171874285,0.01738307881169021
NFCorpus_train,PLAIN-982,cruciferous vegetables,0,bm25,0.8350632025012529,0.6156000992324702,0.7836014565807194,0.8264321377472147,0.6052385058825713,0.8248436385060205,0.0002709620166569948,0.053681774996221066,0.28625756804831326
NFCorpus_train,PLAIN-983,cryptoxanthin,0,bm25,0.04994507806728766,0.0394002381976302,0.0,0.0,0.0,0.0,1.874682493507862e-05,0.0036180787719786167,0.017066792817786336
NFCorpus_train,PLAIN-984,CSPI,0,bm25,0.01717987657113316,0.0,0.008908203819186406,0.0,0.0,0.0,4.7299545258283615e-06,7.205875590443611e-06,5.922047421336174e-06
NFCorpus_train,PLAIN-985,CT scan,2,bge,0.5233834782613347,0.45963277961405385,0.7166516462574515,0.4983098845646038,0.4417831836856678,0.7543701539552121,5.232100374996662e-05,0.04824145999737084,0.23973902105353773
NFCorpus_train,PLAIN-988,cupcakes,0,bm25,0.6365958582335968,0.6264268533309765,0.5866466359718805,0.6175227747072427,0.6175227747072427,0.6175227747072427,1.734308898448944e-05,0.0034905571956187487,0.017077453201636672
NFCorpus_train,PLAIN-989,curcumin,0,bm25,0.9999877222525186,0.9905425826621115,0.95,1.0,1.0,1.0,7.041683420538902e-05,0.05424133292399347,0.2867660957854241
NFCorpus_train,PLAIN-990,currants,0,bm25,0.6295124479589163,0.6085147362212404,0.5795435889915881,0.6100458831490401,0.6100458831490401,0.6100458831490401,1.713610254228115e-05,0.011571632232517004,0.027513703098520637
NFCorpus_train,PLAIN-991,curry powder,1,l6,0.7477653125905752,0.7835238471482149,0.730970703786833,0.7345000466603374,0.7818942288451127,0.7694428460914032,5.845795385539532e-05,0.055718390038236976,0.30034697498194873
NFCorpus_train,PLAIN-992,cyanopsia,0,bm25,0.02735982400346522,0.0,0.013769677073715647,0.0,0.0,0.0,9.248964488506317e-06,2.042599953711033e-05,1.4800811186432838e-05
NFCorpus_train,PLAIN-993,cyclamate,0,bm25,0.049963159359907264,0.03392282129315421,0.0,0.0,0.0,0.0,1.629791222512722e-05,0.007112374994903803,0.0221194748301059
NFCorpus_train,PLAIN-994,cycling,1,l6,0.13902446069626964,0.6597612379180895,0.23020140653930155,0.09373585705070411,0.6513012067494067,0.24231727004137005,0.00014038686640560627,0.05121056688949466,0.28529854607768357
NFCorpus_train,PLAIN-995,cysticercosis,0,bm25,0.5871631298493822,0.35832370621981713,0.22619047619047616,0.5654648767857288,0.34033827903669656,0.23809523809523808,2.657296136021614e-05,0.013982066884636879,0.04661416495218873
NFCorpus_train,PLAIN-998,dairy,0,bm25,0.9627279510897588,0.9273856593044645,0.8825409478406272,0.9608008655106623,0.9334739949321356,0.9289904714111865,0.0001887730322778225,0.05406654812395573,0.2871409410145134
NFCorpus_train,PLAIN-999,dandelion,0,bm25,0.9999471880935993,0.9891713183333763,0.95,1.0,1.0,1.0,1.8344027921557426e-05,0.0037613040767610073,0.01736732223071158
NFCorpus_train,PLAIN-1000,Daniel Fast,0,bm25,0.049940433886020395,0.04057631433722946,0.0,0.0,0.0,0.0,0.00034309295006096363,0.05427918490022421,0.287993396865204
NFCorpus_train,PLAIN-1002,dark chocolate,0,bm25,0.8239297942668797,0.7926292786273942,0.7180341376830253,0.8146822407292915,0.7914696932542472,0.7558254080873951,0.00010455888696014881,0.05284811672754586,0.28514360706321895
NFCorpus_train,PLAIN-1003,dark meat,0,bm25,0.049921282995664895,0.040347119558251834,0.0,0.0,0.0,0.0,0.00045307702384889126,0.05555976601317525,0.28778853290714324
NFCorpus_train,PLAIN-1004,DASH diet,1,l6,0.30542748074036496,0.6647790791343353,0.6245680620671247,0.2690837904259621,0.6574400653338155,0.6574400653338155,0.0011769619304686785,0.057002032874152064,0.29115401091985404
NFCorpus_train,PLAIN-1005,date sugar,0,bm25,0.8559293449686357,0.8441099898387426,0.8037078568244733,0.8483864336458633,0.8460082703415509,0.8460082703415509,0.00021805893629789352,0.05541612906381488,0.28868981590494514
NFCorpus_train,PLAIN-1006,dates,0,bm25,0.8332269762997259,0.823933128508911,0.7385304870982555,0.8244657876659233,0.8244657876659233,0.7774005127350059,8.888891898095608e-05,0.05331147578544915,0.2863323569763452
NFCorpus_train,PLAIN-1009,dehydration,0,bm25,0.8675344280956878,0.8612683836013756,0.7831838578276927,0.8605844800837141,0.8661269290750119,0.8244040608712555,2.8268899768590927e-05,0.015679287957027555,0.06786278495565057
NFCorpus_train,PLAIN-1010,deli meat,0,bm25,0.049955739843216426,0.040410013687009486,0.0,0.0,0.0,0.0,0.00025551486760377884,0.05536320386454463,0.28865110990591347
NFCorpus_train,PLAIN-1011,deli meats,0,bm25,0.0499541783831936,0.04035337900528886,0.0,0.0,0.0,0.0,0.0002651819959282875,0.05582758504897356,0.28936342103406787
NFCorpus_train,PLAIN-1012,delta waves,0,bm25,0.04997453474896977,0.036774424315674126,0.0,0.0,0.0,0.0,4.370999522507191e-05,0.022701125126332045,0.0858228241559118
NFCorpus_train,PLAIN-1013,dementia,1,l6,0.9104752213670981,0.9131762140510455,0.761333707439884,0.9057779239361423,0.9182293066898519,0.8014039025682991,8.12129583209753e-05,0.05377361876890063,0.29411403997801244
NFCorpus_train,PLAIN-1014,Denmark,0,bm25,0.049969808522169215,0.03388841920508461,0.0,0.0,0.0,0.0,1.6999896615743637e-05,0.009071937762200832,0.02815346885472536
NFCorpus_train,PLAIN-1015,dental health,1,l6,0.8962817770622419,0.9534896148602419,0.9170201695800307,0.8909917927337878,0.9608008655106623,0.9652843890316114,0.000927103916183114,0.05357841495424509,0.2889505799394101
NFCorpus_train,PLAIN-1016,depression,0,bm25,0.922295775879011,0.8897698632737712,0.8780862629793953,0.9182293066898519,0.8938868170135428,0.9243013294519951,0.00012813019566237926,0.05471539404243231,0.29034087830223143
NFCorpus_train,PLAIN-1019,DHEA,0,bm25,0.9999754913410732,0.9862957427562862,0.88876230840016,1.0,1.0,0.9355392720001685,2.465001307427883e-05,0.01378329680301249,0.050288375932723284
NFCorpus_train,PLAIN-1020,Diabeta,0,bm25,0.02102542993047933,0.0,0.006756921575801928,0.0,0.0,0.0,4.424946382641792e-06,7.635913789272308e-06,6.604008376598358e-06
NFCorpus_train,PLAIN-1021,diabetes,1,l6,0.9146836578164094,0.9229303871483682,0.8017766883196542,0.9102614474570914,0.9289904714111865,0.8439754613891097,0.00037183589302003384,0.05521789682097733,0.2872771869879216
NFCorpus_train,PLAIN-1022,diacetyl,0,bm25,0.7478683866519278,0.7385967508061453,0.6979073948608093,0.7346393630113782,0.7346393630113782,0.7346393630113782,1.302710734307766e-05,0.003109365003183484,0.016697905026376247
NFCorpus_train,PLAIN-1023,diacylglycerol,0,bm25,0.6817816714866338,0.39118654233333394,0.6318153834873821,0.6650688247235601,0.3744541635112973,0.6650688247235601,1.8452061340212822e-05,0.00796107086353004,0.027367200003936887
NFCorpus_train,PLAIN-1024,dialysis,0,bm25,0.04997964522572184,0.03648206746065712,0.0,0.0,0.0,0.0,1.9469065591692924e-05,0.012929719174280763,0.04782432201318443
NFCorpus_train,PLAIN-1025,diarrhea,1,l6,0.823052021966979,0.833174169060453,0.7823505748343867,0.813753566530828,0.835879494536805,0.8235269208783019,4.835892468690872e-05,0.038053667871281505,0.1743765219580382
NFCorpus_train,PLAIN-1026,dieldrin,0,bm25,0.6817919042449523,0.6527429584948186,0.6455032498315265,0.6650688247235601,0.6492450176383777,0.6794771050858174,2.123601734638214e-05,0.012698434060439467,0.04522296111099422
NFCorpus_train,PLAIN-1029,digoxin,0,bm25,0.018987491149398163,0.0,0.006683679490205336,0.0,0.0,0.0,4.895031452178955e-06,7.892027497291565e-06,6.837071850895882e-06
NFCorpus_train,PLAIN-1030,dioxin,0,bm25,0.04998802920585263,0.03962642088300497,0.0,0.0,0.0,0.0,4.018796607851982e-05,0.0348258470185101,0.1678583959583193
NFCorpus_train,PLAIN-1031,dioxins,0,bm25,0.9477183406301626,0.8920592221402448,0.5058227995933051,0.94497705842548,0.8975828762407045,0.532445052203479,3.2785115763545036e-05,0.035376174142584205,0.16617098008282483
NFCorpus_train,PLAIN-1032,dishwashing detergent,0,bm25,0.6745413053031618,0.6584467917983118,0.6245680620671247,0.6574400653338155,0.6574400653338155,0.6574400653338155,2.084183506667614e-05,0.012557454872876406,0.03894685301929712
NFCorpus_train,PLAIN-1033,diverticulitis,0,bm25,0.04997637806890741,0.03280289678724762,0.0,0.0,0.0,0.0,1.2960052117705345e-05,0.009435103042051196,0.027432245202362537
NFCorpus_train,PLAIN-1034,diverticulosis,0,bm25,0.049981347886328846,0.021729018595233088,0.0,0.0,0.0,0.0,1.340080052614212e-05,0.020311573753133416,0.03592300787568092
NFCorpus_train,PLAIN-1035,dizziness,0,bm25,0.04995341632290898,0.040538287692648146,0.0,0.0,0.0,0.0,1.5869038179516792e-05,0.0032231949735432863,0.017032831208780408
NFCorpus_train,PLAIN-1036,DNA damage,1,l6,0.9549239516087501,0.9906897388581627,0.90955701912023,0.9526058178152246,1.0,0.9574284411791896,0.0002954539377242327,0.053334686905145645,0.28642959683202207
NFCorpus_train,PLAIN-1040,dopamine,1,l6,0.5487824573544353,0.8432840340658831,0.8059992222173283,0.5250563118136171,0.8484202339129773,0.8484202339129773,2.9484042897820473e-05,0.017819168977439404,0.0700704101473093
NFCorpus_train,PLAIN-1041,douching,0,bm25,0.6954704283541537,0.6781389256053764,0.6455032498315265,0.6794771050858174,0.6794771050858174,0.6794771050858174,1.7388956621289253e-05,0.00919969193637371,0.026490210089832544
NFCorpus_train,PLAIN-1042,doughnuts,0,bm25,0.6295131439720179,0.6142012712023147,0.5795435889915881,0.6100458831490401,0.6100458831490401,0.6100458831490401,1.2594973668456078e-05,0.0063470508903265,0.020684784976765513
NFCorpus_train,PLAIN-1043,Dow Chemical,0,bm25,0.04996528650972892,0.0410252802246828,0.0,0.0,0.0,0.0,0.0001997179351747036,0.05163446511141956,0.2876661689952016
NFCorpus_train,PLAIN-1045,Dr. Benjamin Feingold,0,bm25,0.0499451615577659,0.030968384979659383,0.0,0.0,0.0,0.0,2.219504676759243e-05,0.007702764123678207,0.02023675898090005
NFCorpus_train,PLAIN-1046,Dr. Benjamin Spock,0,bm25,0.04997917197907609,0.04199869542033057,0.0,0.0,0.0,0.0,8.427072316408157e-06,0.0032373489812016487,0.020230132155120373
NFCorpus_train,PLAIN-1047,Dr. Caldwell Esselstyn,0,bm25,0.011473865142478463,0.0,0.006826747846255799,0.0,0.0,0.0,8.662929758429527e-06,1.1242926120758057e-05,9.707873687148094e-06
NFCorpus_train,PLAIN-1048,Dr. David Jenkins,0,bm25,0.021144464019514843,0.0,0.012122238785743328,0.0,0.0,0.0,1.9830185920000076e-06,3.436114639043808e-06,2.6030465960502625e-06
NFCorpus_train,PLAIN-1051,Dr. Denis Burkitt,0,bm25,0.04997731220952468,0.03623816537484988,0.0,0.0,0.0,0.0,1.695984974503517e-05,0.010287411976605654,0.03737660078331828
NFCorpus_train,PLAIN-1055,Dr. Joel Fuhrman,0,bm25,0.01573637824954271,0.0,0.005493043622859045,0.0,0.0,0.0,5.7569704949855804e-06,8.400995284318924e-06,7.478054612874985e-06
NFCorpus_train,PLAIN-1057,Dr. John Harvey Kellogg,0,bm25,0.04998377367551769,0.04028221664132246,0.0,0.0,0.0,0.0,7.416890002787113e-05,0.044419012032449245,0.2285449798218906
NFCorpus_train,PLAIN-1058,Dr. John McDougall,0,bm25,0.04998998080184541,0.039863762238926584,0.0,0.0,0.0,0.0,4.584807902574539e-05,0.04638365493156016,0.228801139164716
NFCorpus_train,PLAIN-1059,Dr. Neal Barnard,0,bm25,0.026452292177810408,0.0,0.01116048142495605,0.0,0.0,0.0,5.675945430994034e-06,1.2052012607455254e-05,9.361887350678444e-06
NFCorpus_train,PLAIN-1061,Dr. Richard Fleming,1,l6,0.3781536749547823,0.6552347188011656,0.6187361464119363,0.34546043308946733,0.6513012067494067,0.6513012067494067,1.3638986274600029e-05,0.005458357976749539,0.020214003045111895
NFCorpus_train,PLAIN-1062,Dr. Roy Swank,0,bm25,0.01965314776557573,0.0,0.009091732811424015,0.0,0.0,0.0,3.898981958627701e-06,6.424030289053917e-06,5.255918949842453e-06
NFCorpus_train,PLAIN-1064,Dr. T. Colin Campbell,0,bm25,0.02120295937966849,0.0,0.011901543714875153,0.0,0.0,0.0,1.8849968910217285e-06,3.2729003578424454e-06,2.4938490241765976e-06
NFCorpus_train,PLAIN-1067,Dr. William Clifford Roberts,0,bm25,0.007733861126819253,0.0,0.0017961844102503067,0.0,0.0,0.0,6.612855941057205e-06,7.822876796126366e-06,7.541850209236145e-06
NFCorpus_train,PLAIN-1068,Dr. William Roberts,0,bm25,0.02126399742205752,0.0,0.008752920325465235,0.0,0.0,0.0,1.661013811826706e-06,2.8901267796754837e-06,2.384185791015625e-06
NFCorpus_train,PLAIN-1070,dragon's blood,0,bm25,0.8884252094861389,0.879087844573614,0.8385463025695953,0.8826803184943108,0.8826803184943108,0.8826803184943108,0.000691794790327549,0.05403538979589939,0.28564587282016873
NFCorpus_train,PLAIN-1071,dressings,0,bm25,0.636617907790071,0.6205028264339277,0.5866466359718805,0.6175227747072427,0.6175227747072427,0.6175227747072427,1.648510806262493e-05,0.009263810934498906,0.02869152696803212
NFCorpus_train,PLAIN-1072,dried fruit,1,l6,0.7808774062690955,0.9140307327136137,0.8103050659691573,0.7694428460914032,0.9194787060880301,0.8529527010201656,0.0005390739534050226,0.05474108294583857,0.2889004801400006
NFCorpus_train,PLAIN-1073,drug residues,0,bm25,0.0499320509362734,0.04023056495231494,0.0,0.0,0.0,0.0,0.0003918090369552374,0.0563326810952276,0.2883108430542052
NFCorpus_train,PLAIN-1074,drug stores,0,bm25,0.23118589304394688,0.16046840265766765,0.11987958988619653,0.19077089626867633,0.12618904198547004,0.12618904198547004,0.0002697149757295847,0.054636782966554165,0.29027571994811296
NFCorpus_train,PLAIN-1075,drug testing,0,bm25,0.7477707633251661,0.7379559781595616,0.37813890770878594,0.7346393630113782,0.7346393630113782,0.3980409554829326,0.0007935669273138046,0.05779862706549466,0.29040401382371783
NFCorpus_train,PLAIN-1079,Dutched cocoa,0,bm25,0.8394428910947839,0.21868521284654308,0.81025856956223,0.8310079275866008,0.19037519051825416,0.8529037574339263,5.3566182032227516e-05,0.04453283315524459,0.18294320511631668
NFCorpus_train,PLAIN-1080,dwarfism,0,bm25,0.026603510573907304,0.0,0.011065461015021733,0.0,0.0,0.0,5.939975380897522e-06,1.2694159522652626e-05,9.884824976325035e-06
NFCorpus_train,PLAIN-1081,dyspepsia,0,bm25,0.7070689112779172,0.6760312594354766,0.6424699539578208,0.6916713899923173,0.6762841620608641,0.6762841620608641,1.5244120731949806e-05,0.013252451084554195,0.04030870902352035
NFCorpus_train,PLAIN-1082,E. coli,1,l6,0.9038083332301097,0.9229672220324296,0.7803976534658202,0.8987583839637469,0.9289904714111865,0.8214712141745477,6.05990644544363e-05,0.04782237415201962,0.2497584279626608
NFCorpus_train,PLAIN-1083,E. coli o157:H7,1,l6,0.5497209043049328,0.6150029258282396,0.4298502530818376,0.5260339295983201,0.6052385058825713,0.45247395061246065,5.608308129012585e-05,0.049374393187463284,0.24752407404594123
NFCorpus_train,PLAIN-1084,ear health,0,bm25,0.049861738051184615,0.03983709492061704,0.0,0.0,0.0,0.0,0.0007993809413164854,0.05875826789997518,0.28908204613253474
NFCorpus_train,PLAIN-1085,ear infections,2,bge,0.049957039348080545,0.040446636344611646,0.18065378880742605,0.0,0.0,0.19016188295518532,0.0002479599788784981,0.055140034994110465,0.2885896370280534
NFCorpus_train,PLAIN-1086,Earl Grey tea,0,bm25,0.049972395423349095,0.04059237962886811,0.0,0.0,0.0,0.0,0.00015882402658462524,0.05412711692042649,0.28767698304727674
NFCorpus_train,PLAIN-1089,Eco-Atkins diet,1,l6,0.049851744808378846,0.8066541483716583,0.7662449165635927,0.0,0.8065735963827292,0.8065735963827292,0.0008573608938604593,0.055463484954088926,0.2891503779683262
NFCorpus_train,PLAIN-1090,ecstasy,0,bm25,0.025254126491256745,0.0,0.008527537179277662,0.0,0.0,0.0,7.051043212413788e-06,1.4246907085180283e-05,1.1817086488008499e-05
NFCorpus_train,PLAIN-1091,eczema,0,bm25,0.7616670655201981,0.7564678883650591,0.2744364621401466,0.7491449679580156,0.7567642748750165,0.2888804864633122,3.075296990573406e-05,0.01854967908002436,0.07444783207029104
NFCorpus_train,PLAIN-1092,edamame,0,bm25,0.019770715425917865,0.0,0.007354520388913078,0.0,0.0,0.0,4.850095137953758e-06,8.022179827094078e-06,6.842194125056267e-06
NFCorpus_train,PLAIN-1093,Eden Foods,0,bm25,0.04984264814349072,0.04043484452276327,0.0,0.0,0.0,0.0,0.000904459971934557,0.05498060490936041,0.28740047686733305
NFCorpus_train,PLAIN-1094,EEG,0,bm25,0.4044661072251515,0.2876122434776121,0.19861057972878077,0.373151194370365,0.26426167916469206,0.20906376813555871,1.6775215044617653e-05,0.008188113337382674,0.0304700022097677
NFCorpus_train,PLAIN-1095,Egg Farmers of Canada,0,bm25,0.049978700110339586,0.04044059778225299,0.0,0.0,0.0,0.0,0.00012362096458673477,0.0554811570327729,0.29019156098365784
NFCorpus_train,PLAIN-1096,Egg McMuffin,0,bm25,0.04998600550283538,0.04006374336319456,0.0,0.0,0.0,0.0,7.982109673321247e-05,0.05667391209863126,0.2851874411571771
NFCorpus_train,PLAIN-1099,eggplant,0,bm25,0.017682892436121613,0.0,0.004078534228288866,0.0,0.0,0.0,1.6008038073778152e-05,2.4767126888036728e-05,2.27468553930521e-05
NFCorpus_train,PLAIN-1100,eggs,1,l6,0.9340282938113176,0.9497973178165646,0.6079564110084119,0.9305687780632227,0.9574284411791896,0.6399541168509599,6.909715011715889e-05,0.05598572199232876,0.2868208782747388
NFCorpus_train,PLAIN-1101,elderly,0,bm25,0.26058678961449677,0.14252042801469483,0.24207588396996216,0.2216896082411867,0.10811053247825145,0.25481671996838123,0.00010535004548728466,0.05850873491726816,0.2872418269980699
NFCorpus_train,PLAIN-1102,electroconvulsive therapy,0,bm25,0.23060687812958522,0.04038910703761109,0.1506047317405327,0.19016188295518532,0.0,0.1585312965689818,0.0002698169555515051,0.05527913896366954,0.2875858631450683
NFCorpus_train,PLAIN-1103,elephant garlic,0,bm25,0.6687174689109948,0.6558939296119656,0.6187361464119363,0.6513012067494067,0.6513012067494067,0.6513012067494067,3.165518864989281e-05,0.02176537411287427,0.0847414992749691
NFCorpus_train,PLAIN-1104,ellagic acid,0,bm25,0.24851659085891525,0.04051895266171418,0.16673431865820748,0.20906376813555871,0.0,0.17550980911390263,0.0005451058968901634,0.05498709389939904,0.2899842809420079
NFCorpus_train,PLAIN-1105,emphysema,0,bm25,0.6294991587566798,0.6148423577638179,0.5795435889915881,0.6100458831490401,0.6100458831490401,0.6100458831490401,1.8619000911712646e-05,0.006160720018669963,0.020953075028955936
NFCorpus_train,PLAIN-1106,empty calories,1,l6,0.13423093640635686,0.25129735895925925,0.08424853391861256,0.08868266728275007,0.2216896082411867,0.08868266728275007,0.00010079587809741497,0.053313486743718386,0.2863924077246338
NFCorpus_train,PLAIN-1110,endometrial cancer,0,bm25,0.8020022552153633,0.48136425586173986,0.45675480821241016,0.791716526778826,0.4644199045168832,0.4807945349604318,0.0007416228763759136,0.056783769046887755,0.2886922729667276
NFCorpus_train,PLAIN-1111,endometrial health,0,bm25,0.738580277433599,0.7012521497293817,0.6245680620671247,0.7249436881863827,0.6966391998231531,0.6574400653338155,0.0006697459612041712,0.06082294904626906,0.2881214108783752
NFCorpus_train,PLAIN-1112,endometriosis,0,bm25,0.6860598681144685,0.6683750221480018,0.3391434757489006,0.669580102636808,0.669580102636808,0.35699313236726377,2.2731022909283638e-05,0.009772927034646273,0.02756652794778347
NFCorpus_train,PLAIN-1113,endorphins,0,bm25,0.020409132745464804,0.0,0.009698346248626822,0.0,0.0,0.0,4.641013219952583e-06,7.841968908905983e-06,6.320886313915253e-06
NFCorpus_train,PLAIN-1114,endothelium,0,bm25,0.049982522119182124,0.037849674742281764,0.0,0.0,0.0,0.0,2.508494071662426e-05,0.017438623821362853,0.07176196295768023
NFCorpus_train,PLAIN-1115,endotoxemia,0,bm25,0.04997200198000431,0.04056410662525379,0.0,0.0,0.0,0.0,9.45315696299076e-06,0.003185903187841177,0.016881831223145127
NFCorpus_train,PLAIN-1116,endurance,0,bm25,0.04998355829385526,0.03805477713473402,0.0,0.0,0.0,0.0,2.4548033252358437e-05,0.01783462893217802,0.0746517211664468
NFCorpus_train,PLAIN-1117,enemas,0,bm25,0.6366129982881426,0.34395984660336854,0.16683358890084257,0.6175227747072427,0.32414861528507455,0.1756143041061501,1.7825979739427567e-05,0.007409280864521861,0.026497038081288338
NFCorpus_train,PLAIN-1120,energy gels,1,l6,0.42809131543419005,0.7386856865247533,0.269787030763738,0.3980409554829326,0.7346393630113782,0.2839863481723558,0.00027604796923696995,0.05348838400095701,0.2900134229566902
NFCorpus_train,PLAIN-1121,enoki mushrooms,0,bm25,0.04997733756091752,0.03687054866127842,0.0,0.0,0.0,0.0,4.234910011291504e-05,0.024534889962524176,0.09343455918133259
NFCorpus_train,PLAIN-1123,enzymes,0,bm25,0.629514725538687,0.3889075198027563,0.16566285527427202,0.6100458831490401,0.3668254041215527,0.17438195292028635,0.0001657141838222742,0.05498236115090549,0.2870657651219517
NFCorpus_train,PLAIN-1124,eosinophilia–myalgia syndrome,1,l6,0.049966326094619144,0.806362186837616,0.7662449165635927,0.0,0.8065735963827292,0.8065735963827292,0.00019440799951553345,0.057055506156757474,0.2886626860126853
NFCorpus_train,PLAIN-1125,EPA,0,bm25,0.2844248456815585,0.24973136241979116,0.0,0.24677613510506174,0.2216896082411867,0.0,4.6598026528954506e-05,0.04059196310117841,0.18665090505965054
NFCorpus_train,PLAIN-1126,EPIC Study,2,bge,0.24831089596615177,0.2853219572618345,0.348484133915475,0.2090761432344554,0.2583715692908667,0.3668254041215527,0.0018155931029468775,0.05906058428809047,0.2914835091214627
NFCorpus_train,PLAIN-1127,epigenetic changes,0,bm25,0.6294436291503691,0.28722327703647954,0.1637744730755366,0.6100458831490401,0.26088874273052437,0.1723941821847754,0.0005774351302534342,0.061354189179837704,0.28883355716243386
NFCorpus_train,PLAIN-1128,epilepsy,1,l6,0.5558004509427213,0.823246136920165,0.8030577445488999,0.532445052203479,0.8309156612681636,0.845323941630421,2.3148953914642334e-05,0.016701131127774715,0.05179049586877227
NFCorpus_train,PLAIN-1131,erythritol,0,bm25,0.681784524932809,0.6813732165466924,0.6318153834873821,0.6650688247235601,0.6794771050858174,0.6650688247235601,1.4855992048978806e-05,0.006802511168643832,0.02407110808417201
NFCorpus_train,PLAIN-1132,esophageal cancer,0,bm25,0.8244675118125097,0.8046687189246942,0.8059992222173283,0.8153318731828642,0.8041584570597919,0.8484202339129773,0.0005637689027935266,0.053522770991548896,0.2883205998223275
NFCorpus_train,PLAIN-1133,esophagus,1,l6,0.3977612451065844,0.5202437063271474,0.34108051060418937,0.3660788996569201,0.5073857224418388,0.3590321164254625,3.119395114481449e-05,0.02678698394447565,0.11376708699390292
NFCorpus_train,PLAIN-1134,esophagus health,1,l6,0.3545488821937021,0.8134835580947987,0.765818566784029,0.32069088056278805,0.813753566530828,0.8061248071410833,0.0006212859880179167,0.05540369404479861,0.2890930150169879
NFCorpus_train,PLAIN-1136,essential tremor,0,bm25,0.9697541005015021,0.9602411804382681,0.9197801256054979,0.9681896059005242,0.9681896059005242,0.9681896059005242,0.00014811009168624878,0.054286585887894034,0.284552353201434
NFCorpus_train,PLAIN-1137,estrogen,0,bm25,0.969762943356152,0.945143212387154,0.5731085480112159,0.9681896059005242,0.9526058178152246,0.6032721558012799,9.818584658205509e-05,0.05618554982356727,0.28571883868426085
NFCorpus_train,PLAIN-1138,ethnicity,0,bm25,0.049988237431530386,0.03961219789022091,0.0,0.0,0.0,0.0,5.443091504275799e-05,0.048069227021187544,0.23137342487461865
NFCorpus_train,PLAIN-1139,Europe,2,bge,0.30561785167632854,0.20286703026607136,0.5795435889915881,0.2690837904259621,0.1723941821847754,0.6100458831490401,5.619204603135586e-05,0.05216610920615494,0.23913079407066107
NFCorpus_train,PLAIN-1142,evolution,1,l6,0.8200656979184938,0.8669930585197533,0.30714362136166024,0.8106083306620323,0.8710623129677537,0.3233090751175371,4.453491419553757e-05,0.03833720297552645,0.182277943007648
NFCorpus_train,PLAIN-1143,exercise,0,bm25,0.9999713016130383,0.9905824742901622,0.95,1.0,1.0,1.0,0.00016616214998066425,0.05452697817236185,0.2894973682705313
NFCorpus_train,PLAIN-1144,exotic fruit,1,l6,0.04994855084357811,0.13440246096700106,0.11019673787445028,0.0,0.09901964291567852,0.11599656618363188,0.0002919998951256275,0.05486055603250861,0.283775201998651
NFCorpus_train,PLAIN-1145,ExPEC,2,bge,0.38911129122997495,0.3748006871424926,0.6361010975049676,0.35699313236726377,0.35699313236726377,0.669580102636808,1.6235047951340675e-05,0.00723502691835165,0.025221827905625105
NFCorpus_train,PLAIN-1146,Exponent Inc.,0,bm25,0.049987366792733835,0.040712537556868676,0.0,0.0,0.0,0.0,7.269112393260002e-05,0.05343980109319091,0.2876986120827496
NFCorpus_train,PLAIN-1147,extracorporeal membranous oxygenation,0,bm25,0.7877139659454109,0.7782438686323879,0.7377445732538682,0.7765732350040718,0.7765732350040718,0.7765732350040718,0.00017650402151048183,0.0547879789955914,0.28833639807999134
NFCorpus_train,PLAIN-1148,eye disease,0,bm25,0.35330729054901416,0.13243355033233015,0.2017616000178008,0.31943122193677725,0.09721561096838863,0.21238063159768505,0.0008798078633844852,0.05728689092211425,0.28870715480297804
NFCorpus_train,PLAIN-1149,eye health,2,bge,0.18533898228809728,0.040518189388129205,0.6831862746858293,0.1425715588208105,0.0,0.719143447037715,0.0005992769729346037,0.0546375741250813,0.28811783087439835
NFCorpus_train,PLAIN-1152,fake meat,2,bge,0.0499514519006337,0.1326466184329752,0.30345966083993836,0.0,0.09721561096838863,0.31943122193677725,0.00027814600616693497,0.05562113504856825,0.28646436193957925
NFCorpus_train,PLAIN-1153,fall risk,0,bm25,0.747740935674587,0.7373787082916858,0.6979073948608093,0.7346393630113782,0.7346393630113782,0.7346393630113782,0.0009798218961805105,0.061974576907232404,0.2943129539489746
NFCorpus_train,PLAIN-1154,farm animals,2,bge,0.6578947530805933,0.5706170302032423,0.8538204647655595,0.6399541168509599,0.5578443236977959,0.8987583839637469,0.00035625207237899303,0.05393695109523833,0.2888939711265266
NFCorpus_train,PLAIN-1156,farmers,0,bm25,0.04998087693727089,0.03659864615568111,0.0,0.0,0.0,0.0,1.8037855625152588e-05,0.01264084572903812,0.047162569826468825
NFCorpus_train,PLAIN-1157,fast food,1,l6,0.7942977476637658,0.806457841928809,0.5254647421181158,0.7836137454018254,0.8061248071410833,0.5531207811769641,0.0007883959915488958,0.05454092402942479,0.29132852889597416
NFCorpus_train,PLAIN-1158,fat,1,l6,0.954918268864508,0.9573895628065578,0.7637250222075588,0.9526058178152246,0.9652843890316114,0.8039210760079567,0.00032949401065707207,0.05541974795050919,0.2877271871548146
NFCorpus_train,PLAIN-1159,fatigue,2,bge,0.4241099483112034,0.24834618911184306,0.6620352578818841,0.39381317485706363,0.2216896082411867,0.6968792188230359,3.3983029425144196e-05,0.03314786800183356,0.13519876706413925
NFCorpus_train,PLAIN-1162,FDA,0,bm25,0.9247432193402544,0.87969060214243,0.9197801256054979,0.9207954237157487,0.8860308691611208,0.9681896059005242,3.6602141335606575e-05,0.035440870095044374,0.14719529822468758
NFCorpus_train,PLAIN-1163,feather meal,0,bm25,0.7478824604893418,0.7381533054387115,0.6979073948608093,0.7346393630113782,0.7346393630113782,0.7346393630113782,0.00014390097931027412,0.05629269708879292,0.28855946799740195
NFCorpus_train,PLAIN-1164,fecal bacteria,1,l6,0.3428474878676942,0.4611596234838698,0.24145663172017737,0.30828292491529974,0.4429465186604532,0.25416487549492356,0.00012273387983441353,0.05556867900304496,0.2882321688812226
NFCorpus_train,PLAIN-1165,fecal contamination,2,bge,0.26057470661933485,0.3962334342225098,0.619986569871358,0.2216896082411867,0.3744541635112973,0.6526174419698506,0.00017398199997842312,0.05432015098631382,0.2859550970606506
NFCorpus_train,PLAIN-1166,fecal continence,0,bm25,0.04998975900021621,0.03971432907229506,0.0,0.0,0.0,0.0,4.830397665500641e-05,0.04851467814296484,0.235836235107854
NFCorpus_train,PLAIN-1167,fecal transplant,0,bm25,0.6295325809224425,0.6199316513386055,0.5795435889915881,0.6100458831490401,0.6100458831490401,0.6100458831490401,6.353901699185371e-05,0.05548048997297883,0.2886020070873201
NFCorpus_train,PLAIN-1169,feed additives,1,l6,0.45550287434981857,0.46108400062510024,0.3156719990111634,0.42694028658425814,0.4429465186604532,0.33228631474859305,0.0005207760259509087,0.055968543980270624,0.28804651205427945
NFCorpus_train,PLAIN-1170,feline leukemia virus,0,bm25,0.8162303136831206,0.8066750646074814,0.7662449165635927,0.8065735963827292,0.8065735963827292,0.8065735963827292,8.363579399883747e-05,0.054809882771223783,0.28636745386756957
NFCorpus_train,PLAIN-1173,fermented foods,1,l6,0.35334197399909895,0.6511723629040111,0.21060512782912735,0.31943122193677725,0.6431729948762346,0.2216896082411867,0.0006766829174011946,0.05659002484753728,0.2874930249527097
NFCorpus_train,PLAIN-1174,fertility,1,l6,0.18291302017748465,0.46936738852652166,0.42190694521521416,0.1399209265777273,0.4537076833817878,0.44411257391075176,4.3567968532443047e-05,0.04281431087292731,0.18367498484440148
NFCorpus_train,PLAIN-1175,fever,0,bm25,0.6643767474332412,0.6104531249850343,0.6125234194115572,0.6467278441987201,0.6100458831490401,0.6447614941174287,2.8006965294480324e-05,0.03636056603863835,0.09523227415047586
NFCorpus_train,PLAIN-1176,fiber,1,l6,0.5780571633230261,0.838758396046455,0.5314611817920405,0.5558779736165045,0.8406030370576368,0.55943282293899,0.0001548798754811287,0.05648367782123387,0.2877565857488662
NFCorpus_train,PLAIN-1177,fibrocystic breast disease,2,bge,0.04983896170895588,0.04027093637356613,0.4085259419241862,0.0,0.0,0.43002730728861704,0.0009155189618468285,0.05531071010045707,0.2842550538480282
NFCorpus_train,PLAIN-1178,fibroids,0,bm25,0.04995588413049989,0.038310428674919066,0.0,0.0,0.0,0.0,1.5713972970843315e-05,0.004163798876106739,0.0178098869509995
NFCorpus_train,PLAIN-1179,fibromyalgia,0,bm25,0.9053073388432678,0.8900329102828699,0.855329539044694,0.900346883204941,0.900346883204941,0.900346883204941,1.9073020666837692e-05,0.013141904026269913,0.04295686399564147
NFCorpus_train,PLAIN-1180,fiddlehead ferns,0,bm25,0.013610971854186067,0.0,0.004998925732292487,0.0,0.0,0.0,7.0980750024318695e-06,9.753042832016945e-06,8.777948096394539e-06
NFCorpus_train,PLAIN-1184,Firmicutes,0,bm25,0.8885182919875693,0.8713689275391344,0.8385463025695953,0.8826803184943108,0.8826803184943108,0.8826803184943108,1.3881828635931015e-05,0.008512974716722965,0.024779614759609103
NFCorpus_train,PLAIN-1185,fish,1,l6,0.9650966976452645,0.9907181839292792,0.849561117420658,0.96331803895032,1.0,0.8942748604427979,0.0003207030240446329,0.05369301908649504,0.2892376808449626
NFCorpus_train,PLAIN-1186,fish oil,0,bm25,0.8605709541290831,0.8583119117413942,0.814886558164924,0.8532918008631815,0.8611477487156033,0.8577753243841305,0.0003251128364354372,0.056510601891204715,0.28895481675863266
NFCorpus_train,PLAIN-1187,fish sauce,0,bm25,0.049962070717949475,0.04050668031732475,0.0,0.0,0.0,0.0,0.00022039911709725857,0.05516369314864278,0.290539531968534
NFCorpus_train,PLAIN-1188,fisitin,0,bm25,0.02076765001999807,0.0,0.004045816266015695,0.0,0.0,0.0,9.869923815131187e-06,1.6881851479411125e-05,1.5515834093093872e-05
NFCorpus_train,PLAIN-1189,flame-retardant chemicals,0,bm25,0.04996207052269606,0.04055127049992467,0.0,0.0,0.0,0.0,0.00021993601694703102,0.054788941983133554,0.2899275610689074
NFCorpus_train,PLAIN-1190,flatulence,0,bm25,0.8332173428391689,0.8194929220614905,0.783242498282627,0.8244657876659233,0.8244657876659233,0.8244657876659233,2.2129155695438385e-05,0.012095454148948193,0.043984825257211924
NFCorpus_train,PLAIN-1191,flavonoids,0,bm25,0.8511692661125588,0.8348790021773461,0.7671021290639202,0.8433575915491296,0.8359688511592678,0.8074759253304423,0.00011739716865122318,0.053349913097918034,0.28709277510643005
NFCorpus_train,PLAIN-1194,flax seeds,1,l6,0.8680704220413746,0.9284651747127866,0.8883093694646631,0.8611477487156033,0.9350624941733297,0.9350624941733297,0.00011436711065471172,0.05646414798684418,0.2867890640627593
NFCorpus_train,PLAIN-1195,flesh-eating bacteria,0,bm25,0.04997885867519623,0.04040209624034975,0.0,0.0,0.0,0.0,0.00012178788892924786,0.05529021704569459,0.2880327748134732
NFCorpus_train,PLAIN-1196,flexitarians,0,bm25,0.024634218072200578,0.0,0.007909344901110211,0.0,0.0,0.0,6.426125764846802e-06,1.2666918337345123e-05,1.0663177818059921e-05
NFCorpus_train,PLAIN-1197,Flomax,0,bm25,0.021829500612328207,0.0,0.012331609742822153,0.0,0.0,0.0,1.9280705600976944e-06,3.422144800424576e-06,2.5781337171792984e-06
NFCorpus_train,PLAIN-1198,flowers,0,bm25,0.04998157187615472,0.037984412465099454,0.0,0.0,0.0,0.0,2.344301901757717e-05,0.015285421861335635,0.06360663520172238
NFCorpus_train,PLAIN-1199,fluoride,2,bge,0.35342645257671745,0.2429872462405173,0.5795435889915881,0.31943122193677725,0.2216896082411867,0.6100458831490401,1.7768004909157753e-05,0.009426407050341368,0.026752385077998042
NFCorpus_train,PLAIN-1200,flying foxes,0,bm25,0.04998103957245403,0.03754103714530575,0.0,0.0,0.0,0.0,2.9107090085744858e-05,0.019126370083540678,0.0767574729397893
NFCorpus_train,PLAIN-1201,FODMAPs,0,bm25,0.049975683048496325,0.039834303627707776,0.0,0.0,0.0,0.0,8.431961759924889e-06,0.0035249798092991114,0.01733762095682323
NFCorpus_train,PLAIN-1204,food additives,0,bm25,0.9353140385413076,0.9123477172069474,0.8719956965044942,0.9321572773044169,0.917890206846836,0.917890206846836,0.001361265080049634,0.05579803721047938,0.28916955296881497
NFCorpus_train,PLAIN-1205,food dyes,1,l6,0.7671655212931202,0.789113111261521,0.7424773725519921,0.755034565729146,0.7883441024473532,0.781555129002097,0.0006793441716581583,0.056828820146620274,0.28953565820120275
NFCorpus_train,PLAIN-1206,food poisoning,1,l6,0.8696020427124395,0.945359363745469,0.8647483750842367,0.8628672652723159,0.9526058178152246,0.9102614474570914,0.0007009210530668497,0.05531109590083361,0.2875944119878113
NFCorpus_train,PLAIN-1207,food recalls,0,bm25,0.0498787972244625,0.040153087627556865,0.0,0.0,0.0,0.0,0.0007062999065965414,0.057382128899917006,0.2913711767178029
NFCorpus_train,PLAIN-1208,food sensitivities,2,bge,0.1525637362430434,0.3438297028306564,0.7839937985229637,0.10811053247825145,0.31943122193677725,0.8252566300241724,0.0008203049656003714,0.05591791681945324,0.2903331289999187
NFCorpus_train,PLAIN-1210,foodborne illness,0,bm25,0.9999784108082858,0.9907481520852116,0.95,1.0,1.0,1.0,0.00012432713992893696,0.05327924294397235,0.2879383850377053
NFCorpus_train,PLAIN-1211,foreign body,0,bm25,0.9999171797552793,0.9902934776487814,0.95,1.0,1.0,1.0,0.0004767549689859152,0.05587562290020287,0.2878251390065998
NFCorpus_train,PLAIN-1212,Forks Over Knives,0,bm25,0.049965584104383745,0.03294985662360755,0.0,0.0,0.0,0.0,1.4927005395293236e-05,0.007395059103146195,0.021686207968741655
NFCorpus_train,PLAIN-1216,foxglove,0,bm25,0.016832258922044263,0.0,0.0068983850601448795,0.0,0.0,0.0,4.647998139262199e-06,7.006805390119553e-06,6.040092557668686e-06
NFCorpus_train,PLAIN-1217,fragrance,0,bm25,0.04998647982683209,0.02148620356632472,0.0,0.0,0.0,0.0,9.641982614994049e-06,0.020334763918071985,0.03565776301547885
NFCorpus_train,PLAIN-1218,Framingham Heart Study,1,l6,0.6292222603469174,0.6605433813578369,0.5795435889915881,0.6100458831490401,0.6526174419698506,0.6100458831490401,0.00186342210508883,0.05476214620284736,0.28995580319315195
NFCorpus_train,PLAIN-1219,France,0,bm25,0.26058152830962283,0.17304595304775394,0.10270500585433887,0.2216896082411867,0.1425715588208105,0.10811053247825145,3.866991028189659e-05,0.020313631976023316,0.08192944410257041
NFCorpus_train,PLAIN-1220,Freedom of Information Act,0,bm25,0.049932353266386356,0.04070107747276898,0.0,0.0,0.0,0.0,0.0003840690478682518,0.052795281168073416,0.28387848706915975
NFCorpus_train,PLAIN-1221,french fries,1,l6,0.8544771278013067,0.8555227094727114,0.850701550442,0.8468317346717831,0.8575928993931178,0.8954753162547369,7.209088653326035e-05,0.05088690994307399,0.2768438118509948
NFCorpus_train,PLAIN-1222,Froot Loops,0,bm25,0.049960245152819494,0.03851138532043508,0.0,0.0,0.0,0.0,1.4001037925481796e-05,0.004046111134812236,0.01760922116227448
NFCorpus_train,PLAIN-1223,frozen fruit,1,l6,0.25416083252594357,0.39625454139815636,0.3557314553357324,0.21496574100558588,0.3744541635112973,0.3744541635112973,0.00032333889976143837,0.05411828984506428,0.28552696690894663
NFCorpus_train,PLAIN-1226,fruit,1,l6,0.8700008044271114,0.9271781764033173,0.5731085480112159,0.8632063651153319,0.9334739949321356,0.6032721558012799,0.0002601561136543751,0.05532976216636598,0.28751340229064226
NFCorpus_train,PLAIN-1227,fruit and vegetable wash,0,bm25,0.6923952437026325,0.6270552353357487,0.5866466359718805,0.6762841620608641,0.6175227747072427,0.6175227747072427,0.0004299089778214693,0.05519227893091738,0.28771751397289336
NFCorpus_train,PLAIN-1228,fruit juice,1,l6,0.7986952258426161,0.8779308664964709,0.567513430128642,0.7881616774563405,0.8815473456401718,0.5973825580301495,0.0003369350451976061,0.0550657098647207,0.28863121988251805
NFCorpus_train,PLAIN-1229,frying,1,l6,0.530382928627171,0.7752827117478598,0.16439563638967572,0.5056776554059492,0.7740770319897723,0.17304803830492183,4.729605279862881e-05,0.04400949506089091,0.21807458414696157
NFCorpus_train,PLAIN-1230,FTC,0,bm25,0.024066606773499363,0.0,0.007793076071286798,0.0,0.0,0.0,5.7800207287073135e-06,1.1143973097205162e-05,9.407056495547295e-06
NFCorpus_train,PLAIN-1232,Fukushima,0,bm25,0.810959581228314,0.7968747534787058,0.7609947273794843,0.8010470814520887,0.8010470814520887,0.8010470814520887,1.7608050256967545e-05,0.007074038032442331,0.025049756048247218
NFCorpus_train,PLAIN-1233,fungicides,0,bm25,0.26058502015593643,0.23914086824682107,0.11640584443153744,0.2216896082411867,0.21159331667411305,0.12253246782267099,2.7526868507266045e-05,0.016253522830083966,0.06844866694882512
NFCorpus_train,PLAIN-1234,gala apples,0,bm25,0.9199754429797751,0.8062906193681574,0.8699884490522206,0.9157773147918112,0.8065735963827292,0.9157773147918112,6.483891047537327e-05,0.04962495691142976,0.24926399090327322
NFCorpus_train,PLAIN-1237,gallbladder disease,0,bm25,0.6293962646116755,0.6198856935485847,0.30345966083993836,0.6100458831490401,0.6100458831490401,0.31943122193677725,0.0008353840094059706,0.054763857973739505,0.28351859003305435
NFCorpus_train,PLAIN-1238,gallbladder health,0,bm25,0.6953882926634546,0.6851569836924658,0.6245680620671247,0.6794771050858174,0.6794771050858174,0.6574400653338155,0.0006650879513472319,0.059858615742996335,0.2892764159478247
NFCorpus_train,PLAIN-1239,gallstones,0,bm25,0.695478824156481,0.6797230834402301,0.3557314553357324,0.6794771050858174,0.6794771050858174,0.3744541635112973,1.9036931917071342e-05,0.012298777932301164,0.038969100918620825
NFCorpus_train,PLAIN-1240,gangrene,0,bm25,0.049982519451014285,0.020445537623650624,0.0,0.0,0.0,0.0,1.0621966794133186e-05,0.017958618933334947,0.03038224601186812
NFCorpus_train,PLAIN-1241,garbanzo beans,0,bm25,0.6295328387539393,0.04070419491989484,0.0,0.6100458831490401,0.0,0.0,6.158696487545967e-05,0.05325467581860721,0.2864446670282632
NFCorpus_train,PLAIN-1242,gargling,0,bm25,0.9376431025551732,0.9201337243030916,0.8876775881816376,0.934397461243829,0.934397461243829,0.934397461243829,1.9384082406759262e-05,0.009861259255558252,0.02810458210296929
NFCorpus_train,PLAIN-1243,garlic,1,l6,0.6277227776613687,0.8813710933673634,0.8002977885234327,0.6081437227514841,0.8876683119885542,0.8424187247615081,2.311798743903637e-05,0.020017741015180945,0.0840107100084424
NFCorpus_train,PLAIN-1244,gastric bypass,0,bm25,0.04998787281209213,0.04038237544331017,0.0,0.0,0.0,0.0,6.088893860578537e-05,0.04828876699320972,0.25104310689494014
NFCorpus_train,PLAIN-1250,genital health,0,bm25,0.6666777768606998,0.6542230615779916,0.6455032498315265,0.6492450176383777,0.6467278441987201,0.6794771050858174,0.0006056961137801409,0.05866235517896712,0.288454479072243
NFCorpus_train,PLAIN-1251,genital warts,0,bm25,0.6924471948471409,0.6809440157470077,0.6570878204927013,0.6762841620608641,0.6762841620608641,0.6916713899923173,3.0921073630452156e-05,0.01565941609442234,0.06793119921348989
NFCorpus_train,PLAIN-1254,Germany,0,bm25,0.04998386439676592,0.03736245682030881,0.0,0.0,0.0,0.0,2.7573900297284126e-05,0.021596115780994296,0.08544428087770939
NFCorpus_train,PLAIN-1255,Gerson Therapy,0,bm25,0.9999592587728253,0.9906995797539513,0.95,1.0,1.0,1.0,0.00023206998594105244,0.05297700990922749,0.28480976400896907
NFCorpus_train,PLAIN-1256,gestational diabetes,0,bm25,0.9697220570764694,0.9602580526868553,0.9197801256054979,0.9681896059005242,0.9681896059005242,0.9681896059005242,0.0003347788006067276,0.054897001944482327,0.2882618228904903
NFCorpus_train,PLAIN-1257,giantism,0,bm25,0.026197052658943572,0.0,0.003967699481696912,0.0,0.0,0.0,6.82193785905838e-06,1.4330027624964714e-05,1.3192882761359215e-05
NFCorpus_train,PLAIN-1258,ginger,0,bm25,0.9325258141550946,0.9189491551505602,0.9127608222351292,0.9289904714111865,0.9286024279819314,0.9608008655106623,2.2460008040070534e-05,0.01962457108311355,0.07420534803532064
NFCorpus_train,PLAIN-1260,gingerols,0,bm25,0.049967903308591494,0.03978736074370768,0.0,0.0,0.0,0.0,1.1004041880369186e-05,0.0035013051237910986,0.01714201900176704
NFCorpus_train,PLAIN-1264,gluten,0,bm25,0.9999867446421739,0.9895379899192466,0.9170201695800307,1.0,1.0,0.9652843890316114,4.543387331068516e-05,0.035859434865415096,0.17137927887961268
NFCorpus_train,PLAIN-1265,glyburide,0,bm25,0.049963905768047316,0.03945526120624628,0.0,0.0,0.0,0.0,1.244712620973587e-05,0.0036363620311021805,0.017242542002350092
NFCorpus_train,PLAIN-1266,glycemic index,0,bm25,0.405674451164402,0.2446818154252105,0.20566198906460992,0.3744541635112973,0.21496574100558588,0.21648630427853677,0.0003295110072940588,0.05512049002572894,0.2890235921368003
NFCorpus_train,PLAIN-1267,glycoalkaloids,0,bm25,0.9999564412413745,0.9870698334451086,0.95,1.0,1.0,1.0,2.1933112293481827e-05,0.006510718027129769,0.025176466209813952
NFCorpus_train,PLAIN-1268,glyconutrients,0,bm25,0.9999643262519493,0.9905283002379381,0.95,1.0,1.0,1.0,1.1394033208489418e-05,0.0030252179130911827,0.01596977305598557
NFCorpus_train,PLAIN-1269,glycotoxins,2,bge,0.2605690394254475,0.3364060281898366,0.5795435889915881,0.2216896082411867,0.31943122193677725,0.6100458831490401,1.7151003703475e-05,0.008104734122753143,0.023762485943734646
NFCorpus_train,PLAIN-1270,glyphosate,0,bm25,0.9999842960108951,0.9878504191524543,0.95,1.0,1.0,1.0,2.924492582678795e-05,0.022625690093263984,0.09311304800212383
NFCorpus_train,PLAIN-1271,GMO,0,bm25,0.6294962357874232,0.6208002503590166,0.5795435889915881,0.6100458831490401,0.6100458831490401,0.6100458831490401,1.5276018530130386e-05,0.0028205779381096363,0.016129867872223258
NFCorpus_train,PLAIN-1276,gold dust retinopathy,0,bm25,0.04998463349989635,0.03841214864810353,0.0,0.0,0.0,0.0,4.428788088262081e-05,0.0333974149543792,0.14410529588349164
NFCorpus_train,PLAIN-1278,golden raisins,2,bge,0.4458167768283291,0.36133189662315757,0.95,0.41666666666666663,0.34033827903669656,1.0,3.799214027822018e-05,0.027512181317433715,0.11473478330299258
NFCorpus_train,PLAIN-1279,gooseberries,0,bm25,0.6295104075095599,0.6185311551877689,0.5795435889915881,0.6100458831490401,0.6100458831490401,0.6100458831490401,1.151091419160366e-05,0.0038202989380806684,0.017345388885587454
NFCorpus_train,PLAIN-1281,gout,0,bm25,0.823046278345876,0.8212213972632053,0.7730658882042866,0.813753566530828,0.8244657876659233,0.813753566530828,1.7390819266438484e-05,0.010660800850018859,0.044342031702399254
NFCorpus_train,PLAIN-1282,grains,1,l6,0.9477090692390551,0.9561212257054874,0.7326229073245165,0.94497705842548,0.96331803895032,0.7711820077100174,0.0001099160872399807,0.051872318144887686,0.28719315491616726
NFCorpus_train,PLAIN-1284,grape juice,0,bm25,0.8976707876643489,0.8085260647133157,0.7628427817190186,0.8923085103615065,0.8084147921180638,0.8029924018094934,0.00012873206287622452,0.05466313008219004,0.28867342905141413
NFCorpus_train,PLAIN-1285,grape seed oil,0,bm25,0.9999632863459806,0.9901096690947229,0.95,1.0,1.0,1.0,0.00020972918719053268,0.056499172234907746,0.28562832111492753
NFCorpus_train,PLAIN-1286,grapefruit,0,bm25,0.9999834446517125,0.9562882245260783,0.9197801256054979,1.0,0.9668728882728055,0.9681896059005242,4.218006506562233e-05,0.03118792688474059,0.1273910531308502
NFCorpus_train,PLAIN-1289,Grave’s disease,1,l6,0.3533277368064869,0.6197509036042443,0.5795435889915881,0.31943122193677725,0.6100458831490401,0.6100458831490401,0.0007588141597807407,0.05632657022215426,0.28759511816315353
NFCorpus_train,PLAIN-1290,gravy,0,bm25,0.04994315145771882,0.03846393586159165,0.0,0.0,0.0,0.0,1.9927043467760086e-05,0.004043721128255129,0.017526433104649186
NFCorpus_train,PLAIN-1291,Great Lakes,0,bm25,0.04997992152531562,0.0410631668454298,0.0,0.0,0.0,0.0,0.00011424603872001171,0.050850366009399295,0.28449879912659526
NFCorpus_train,PLAIN-1292,Greece,1,l6,0.2541979753246024,0.284997581654422,0.14938567485150664,0.21496574100558588,0.26088874273052437,0.15724807879105962,1.9453000277280807e-05,0.012829819926992059,0.04993420885875821
NFCorpus_train,PLAIN-1293,green beans,2,bge,0.12769396740765554,0.04041222666394145,0.21060512782912735,0.08181039409947585,0.0,0.2216896082411867,0.0001487529370933771,0.055051150964573026,0.2870903860311955
NFCorpus_train,PLAIN-1295,green tea,0,bm25,0.999967645597988,0.9555076335161429,0.9170201695800307,1.0,0.96331803895032,0.9652843890316114,0.0001862559001892805,0.05552090494893491,0.2878370308317244
NFCorpus_train,PLAIN-1296,greens,2,bge,0.04998318107774558,0.04015927191086,0.6514573260121929,0.0,0.0,0.6857445536970451,9.580887854099274e-05,0.05605764198116958,0.2848246667999774
NFCorpus_train,PLAIN-1297,greta,0,bm25,0.024861604304610093,0.0,0.007695110794088917,0.0,0.0,0.0,7.549067959189415e-06,1.5015015378594398e-05,1.2704171240329742e-05
NFCorpus_train,PLAIN-1300,guacamole,0,bm25,0.017035532994923858,0.0,0.008196277495769884,0.0,0.0,0.0,2.268003299832344e-06,3.4400727599859238e-06,2.8761569410562515e-06
NFCorpus_train,PLAIN-1301,guava,0,bm25,0.04997173435186272,0.030009432580331553,0.0,0.0,0.0,0.0,1.2098811566829681e-05,0.008556750835850835,0.02140197088010609
NFCorpus_train,PLAIN-1302,Guillain-Barré syndrome,0,bm25,0.04996852769153662,0.04043259605567598,0.0,0.0,0.0,0.0,0.0001797021832317114,0.05462844832800329,0.28549253614619374
NFCorpus_train,PLAIN-1303,gum arabic,0,bm25,0.999971198751068,0.5722590878024946,0.5371916329464423,1.0,0.5654648767857288,0.5654648767857288,2.4480978026986122e-05,0.012692620046436787,0.04249985492788255
NFCorpus_train,PLAIN-1304,gut flora,1,l6,0.834858293949341,0.8753590380660884,0.4231905074951053,0.8261853042226359,0.8784510533576155,0.44546369210011083,0.00010132999159395695,0.052360570058226585,0.28551602317020297
NFCorpus_train,PLAIN-1305,gynecomastia,0,bm25,0.6686908741944146,0.6540252162383894,0.6187361464119363,0.6513012067494067,0.6513012067494067,0.6513012067494067,1.733889803290367e-05,0.005634168861433864,0.019149600993841887
NFCorpus_train,PLAIN-1307,hair health,2,bge,0.26049894615101177,0.187564286690415,0.30345966083993836,0.2216896082411867,0.1556595795498655,0.31943122193677725,0.000619982136413455,0.060212369076907635,0.2919440281111747
NFCorpus_train,PLAIN-1310,halitosis,0,bm25,0.04997200942523858,0.028921654013158778,0.0,0.0,0.0,0.0,1.2075062841176987e-05,0.009093144908547401,0.02156987297348678
NFCorpus_train,PLAIN-1312,ham,1,l6,0.42214572045177273,0.6838052133385263,0.37995489005630984,0.3917574681533095,0.6798549559259146,0.3999525158487472,3.0932947993278503e-05,0.01562175597064197,0.0647829589433968
NFCorpus_train,PLAIN-1313,hamburgers,1,l6,0.6954886743363656,0.7128680769367614,0.6757231242260285,0.6794771050858174,0.7112874991852932,0.7112874991852932,2.3175962269306183e-05,0.020440340973436832,0.07950317300856113
NFCorpus_train,PLAIN-1314,hand washing,0,bm25,0.7075323924837722,0.6898782340998676,0.6650110429468946,0.6921556763022041,0.6839606286067663,0.7000116241546259,8.964305743575096e-05,0.05716544110327959,0.28917109104804695
NFCorpus_train,PLAIN-1315,happiness,0,bm25,0.04996206372684858,0.03778518024069408,0.0,0.0,0.0,0.0,1.4328863471746445e-05,0.004613644676283002,0.018885439028963447
NFCorpus_train,PLAIN-1316,haritaki fruit,0,bm25,0.04995215268908443,0.040566881718701875,0.0,0.0,0.0,0.0,0.000274033984169364,0.05402591987513006,0.2863629939965904
NFCorpus_train,PLAIN-1317,Harmane,0,bm25,0.9999808177726567,0.9543235653026586,0.885549413439196,1.0,0.9652843890316114,0.9321572773044169,3.295391798019409e-05,0.021812005899846554,0.08589700609445572
NFCorpus_train,PLAIN-1318,Harvard,0,bm25,0.049969762741907994,0.03391134325449219,0.0,0.0,0.0,0.0,1.2591946870088577e-05,0.006699929945170879,0.020821905927732587
NFCorpus_train,PLAIN-1322,hawthorn,0,bm25,0.9999653373413617,0.5731851824396368,0.5371916329464423,1.0,0.5654648767857288,0.5654648767857288,1.3672979548573494e-05,0.005524963140487671,0.019722923869267106
NFCorpus_train,PLAIN-1323,hay fever,0,bm25,0.049983782176579374,0.03744603758325176,0.0,0.0,0.0,0.0,3.014807589352131e-05,0.023337152088060975,0.09294735523872077
NFCorpus_train,PLAIN-1324,hazelnut oil,0,bm25,0.9999746861841037,0.9903417083263193,0.95,1.0,1.0,1.0,0.0001465079840272665,0.05589899397455156,0.28938344307243824
NFCorpus_train,PLAIN-1325,hazelnuts,0,bm25,0.6295125387003156,0.6100173461063989,0.5795435889915881,0.6100458831490401,0.6100458831490401,0.6100458831490401,1.2616859748959541e-05,0.007934220833703876,0.02031681383959949
NFCorpus_train,PLAIN-1326,HDL cholesterol,2,bge,0.8109304603576439,0.5765513619744471,0.849561117420658,0.801026051728202,0.5640730213119423,0.8942748604427979,0.0002556608524173498,0.05378901190124452,0.28862934187054634
NFCorpus_train,PLAIN-1327,head lice,0,bm25,0.9999854912946614,0.9893033765104449,0.95,1.0,1.0,1.0,5.06530050188303e-05,0.03734420891851187,0.17456073383800685
NFCorpus_train,PLAIN-1328,head trauma,0,bm25,0.04999055032793788,0.038806668018890295,0.0,0.0,0.0,0.0,3.70910856872797e-05,0.043935158057138324,0.19625594117678702
NFCorpus_train,PLAIN-1329,headaches,0,bm25,0.9627450811483614,0.9248959450112314,0.7859927713483942,0.9608008655106623,0.9350624941733297,0.8273608119456781,3.0381837859749794e-05,0.025889221811667085,0.09650489292107522
NFCorpus_train,PLAIN-1332,heart disease,2,bge,0.8660660893499951,0.8678059342389707,0.8840403391600615,0.8591712060451541,0.8710623129677537,0.9305687780632227,0.0008417461067438126,0.05573065602220595,0.2871748171746731
NFCorpus_train,PLAIN-1333,heart diseases,0,bm25,0.04985573287846858,0.040124705761156995,0.0,0.0,0.0,0.0,0.000829384895041585,0.05677260202355683,0.28744764789007604
NFCorpus_train,PLAIN-1334,heart failure,0,bm25,0.7451901792634027,0.7024199931568467,0.6497625971764279,0.7318220182541018,0.6968792188230359,0.6839606286067663,0.0002321221400052309,0.054786969209089875,0.28489579213783145
NFCorpus_train,PLAIN-1335,heart health,1,l6,0.7419562085847239,0.8345493869909576,0.518445438747747,0.7284985375088683,0.8359688511592678,0.5457320407871021,0.0006912830285727978,0.056650195037946105,0.29440841800533235
NFCorpus_train,PLAIN-1336,heart rate variability,1,l6,0.26829799352910366,0.6352198465774468,0.5951477838146372,0.22990234235858092,0.6264713513838286,0.6264713513838286,0.0006368320900946856,0.05788089311681688,0.29150513210333884
NFCorpus_train,PLAIN-1337,heartbeat,0,bm25,0.02350899105486472,0.0,0.007691530591627943,0.0,0.0,0.0,6.7159999161958694e-06,1.2675998732447624e-05,1.0726042091846466e-05
NFCorpus_train,PLAIN-1339,heavy metals,1,l6,0.8614957927162858,0.9170643592276988,0.8432848963891265,0.854220475061645,0.9227128302108009,0.8876683119885542,7.85980373620987e-05,0.0547413460444659,0.28772378503344953
NFCorpus_train,PLAIN-1340,Hegsted Equation,0,bm25,0.04998513464260952,0.03774755476886922,0.0,0.0,0.0,0.0,3.413297235965729e-05,0.028133354848250747,0.11480710306204855
NFCorpus_train,PLAIN-1343,hemlock,0,bm25,0.024445802059696282,0.0,0.010790963269580829,0.0,0.0,0.0,4.772096872329712e-06,9.337207302451134e-06,7.322058081626892e-06
NFCorpus_train,PLAIN-1345,hemorrhoids,0,bm25,0.01702121390689452,0.0,0.007174425456688272,0.0,0.0,0.0,2.6060733944177628e-06,3.951136022806168e-06,3.384193405508995e-06
NFCorpus_train,PLAIN-1346,hepatitis,1,l6,0.2819685197590372,0.9906327733534048,0.2932927970280387,0.2441910256971609,1.0,0.3087292600295144,7.480895146727562e-05,0.054092717822641134,0.28873390099033713
NFCorpus_train,PLAIN-1347,hepatitis E,0,bm25,0.9053024751598086,0.8958432917147362,0.8510701916997924,0.900346883204941,0.900346883204941,0.895863359683992,0.00015701097436249256,0.055034409975633025,0.2900747158564627
NFCorpus_train,PLAIN-1348,hepatotoxins,0,bm25,0.02597666979028662,0.0,0.00878518111610172,0.0,0.0,0.0,6.923917680978775e-06,1.4410819858312607e-05,1.1878786608576775e-05
NFCorpus_train,PLAIN-1349,herbal remedies,0,bm25,0.6295298621654118,0.2414970422053997,0.2408250022236294,0.6100458831490401,0.21159331667411305,0.25350000234066256,7.875100709497929e-05,0.05459692608565092,0.2868507478851825
NFCorpus_train,PLAIN-1350,herbal tea,0,bm25,0.7971670582329691,0.7758172973125439,0.508657961450412,0.7865189622707383,0.7739263696123523,0.5354294331056968,0.0001486828550696373,0.053918908815830946,0.2864141028840095
NFCorpus_train,PLAIN-1351,Herbalife,0,bm25,0.8682650513809441,0.8556202035624063,0.8182951220063521,0.8613632863224759,0.8613632863224759,0.8613632863224759,1.5793833881616592e-05,0.006657179677858949,0.026261232793331146
NFCorpus_train,PLAIN-1354,herring,0,bm25,0.049969766304702894,0.03489105503987462,0.0,0.0,0.0,0.0,1.2115109711885452e-05,0.00605438812635839,0.02003577398136258
NFCorpus_train,PLAIN-1355,Hershey's,0,bm25,0.011845829767625566,0.0,0.004386369122067891,0.0,0.0,0.0,8.09691846370697e-06,1.06107909232378e-05,9.67993400990963e-06
NFCorpus_train,PLAIN-1356,hesperidin,0,bm25,0.7477535747321592,0.7337745659376836,0.6977750443273205,0.7345000466603374,0.7345000466603374,0.7345000466603374,1.019798219203949e-05,0.0066501779947429895,0.02374982414767146
NFCorpus_train,PLAIN-1357,heterocyclic amines,0,bm25,0.9223037521373079,0.8726983006666192,0.7954212903476371,0.9182293066898519,0.8764847032763241,0.8372855687869865,6.559398025274277e-05,0.046380019979551435,0.23278076900169253
NFCorpus_train,PLAIN-1358,hexachlorobenzene,0,bm25,0.24673988111201203,0.17261198310307135,0.1986223360727326,0.20710979315316402,0.14282614344664007,0.2090761432344554,2.130400389432907e-05,0.019310547038912773,0.07385743106715381
NFCorpus_train,PLAIN-1359,hiatal hernia,0,bm25,0.0499596902573285,0.0398235084294433,0.0,0.0,0.0,0.0,1.5901168808341026e-05,0.004014367237687111,0.01972372899763286
NFCorpus_train,PLAIN-1360,hibiscus tea,1,l6,0.9697562542482875,0.9908354309687616,0.95,0.9681896059005242,1.0,1.0,0.00013629812747240067,0.05232687806710601,0.28548466321080923
NFCorpus_train,PLAIN-1361,high fructose corn syrup,1,l6,0.8373782538451344,0.9080502864128569,0.8011897119716731,0.8289493111868723,0.9134066833258869,0.8433575915491296,0.0007188089657574892,0.056334075052291155,0.2907996599096805
NFCorpus_train,PLAIN-1364,histones,1,l6,0.18541917642949254,0.3387835518792754,0.21060512782912735,0.1425715588208105,0.31943122193677725,0.2216896082411867,1.8079997971653938e-05,0.011146824108436704,0.037976088002324104
NFCorpus_train,PLAIN-1365,hives,0,bm25,0.009950381559526428,0.0,0.0032259837326885036,0.0,0.0,0.0,1.1877156794071198e-05,1.4828052371740341e-05,1.3871351256966591e-05
NFCorpus_train,PLAIN-1366,holotranscobalamin,0,bm25,0.7478814589338107,0.7316683752593257,0.6979073948608093,0.7346393630113782,0.7346393630113782,0.7346393630113782,1.0322080925107002e-05,0.006462868070229888,0.01989919412881136
NFCorpus_train,PLAIN-1367,holy basil tea,0,bm25,0.04997864055540924,0.04100637276184763,0.0,0.0,0.0,0.0,0.00012277020141482353,0.051693733083084226,0.28739090310409665
NFCorpus_train,PLAIN-1368,homeopathy,1,l6,0.3890815570542592,0.6726498552066125,0.3391434757489006,0.35699313236726377,0.669580102636808,0.35699313236726377,2.4101929739117622e-05,0.005235912976786494,0.019462562864646316
NFCorpus_train,PLAIN-1369,homocysteine,2,bge,0.04998789812715151,0.12356555159017968,0.1637744730755366,0.0,0.08868266728275007,0.1723941821847754,4.340801388025284e-05,0.03831861820071936,0.17934419913217425
NFCorpus_train,PLAIN-1370,honey,0,bm25,0.9999753135398229,0.9841099309454096,0.95,1.0,1.0,1.0,1.4357035979628563e-05,0.009241271996870637,0.02907876600511372
NFCorpus_train,PLAIN-1371,honeybush tea,0,bm25,0.04998026341619597,0.040796150328047065,0.0,0.0,0.0,0.0,0.00011421903036534786,0.05326427286490798,0.28935866383835673
NFCorpus_train,PLAIN-1375,hormones,1,l6,0.833212085136173,0.950037397188745,0.82243736162724,0.8244657876659233,0.9574284411791896,0.8657235385549895,0.00017538410611450672,0.054896996123716235,0.288336010184139
NFCorpus_train,PLAIN-1376,horsemeat,0,bm25,0.6555262222288554,0.6452470233026403,0.6055662581342881,0.6374381664571455,0.6374381664571455,0.6374381664571455,1.3774959370493889e-05,0.003550488967448473,0.017203256953507662
NFCorpus_train,PLAIN-1377,hot dogs,1,l6,0.7257111258830218,0.7378402511631352,0.6977750443273205,0.7112874991852932,0.7345000466603374,0.7345000466603374,5.669891834259033e-05,0.04694748483598232,0.23627811903133988
NFCorpus_train,PLAIN-1378,hot flashes,0,bm25,0.5871789012361548,0.5758752429786884,0.5371916329464423,0.5654648767857288,0.5654648767857288,0.5654648767857288,3.4671975299715996e-05,0.030817665858194232,0.13616385590285063
NFCorpus_train,PLAIN-1381,human papilloma virus,1,l6,0.6816892575077921,0.7383650357758094,0.6977750443273205,0.6650688247235601,0.7345000466603374,0.7345000466603374,0.0007254879456013441,0.05412721307948232,0.28760448400862515
NFCorpus_train,PLAIN-1382,Huntington’s disease,0,bm25,0.6953695936846687,0.6528462443100991,0.5795435889915881,0.6794771050858174,0.6447614941174287,0.6100458831490401,0.0007578742224723101,0.0548727591522038,0.2835164114367217
NFCorpus_train,PLAIN-1383,hydrogen sulfide,0,bm25,0.7882057328263546,0.7721117008919668,0.7207940937084925,0.777071605481148,0.7711820077100174,0.7587306249563079,6.20158389210701e-05,0.0530297018121928,0.2522531650029123
NFCorpus_train,PLAIN-1384,hydrogenated fats,0,bm25,0.6294847003545354,0.6199185768442038,0.30345966083993836,0.6100458831490401,0.6100458831490401,0.31943122193677725,0.00034124800004065037,0.05577504099346697,0.28974010702222586
NFCorpus_train,PLAIN-1388,hyperpigmentation,0,bm25,0.02401468861038015,0.0,0.007265510012934301,0.0,0.0,0.0,8.13906081020832e-06,1.5660887584090233e-05,1.3385200873017311e-05
NFCorpus_train,PLAIN-1389,hypertension,0,bm25,0.461662781681087,0.27236806107941347,0.2932927970280387,0.43335140918941717,0.2441910256971609,0.3087292600295144,0.00012131384573876858,0.05538478586822748,0.288059942657128
NFCorpus_train,PLAIN-1390,hypospadias,0,bm25,0.35791082439835753,0.3443255379828605,0.3079411845208208,0.32414861528507455,0.32414861528507455,0.32414861528507455,2.3585977032780647e-05,0.010577636072412133,0.03884367900900543
NFCorpus_train,PLAIN-1392,iatrogenic,0,bm25,0.049960178600603616,0.040420231566697586,0.0,0.0,0.0,0.0,1.3730954378843307e-05,0.003303233068436384,0.01724067283794284
NFCorpus_train,PLAIN-1393,Ibuprofen,0,bm25,0.8332237734714436,0.8196709418701564,0.783242498282627,0.8244657876659233,0.8244657876659233,0.8244657876659233,1.3209879398345947e-05,0.009574388852342963,0.03527373191900551
NFCorpus_train,PLAIN-1394,ice cream,0,bm25,0.6295282904863526,0.6169189414188387,0.5795435889915881,0.6100458831490401,0.6100458831490401,0.6100458831490401,2.2724037989974022e-05,0.018752353033050895,0.07426881790161133
NFCorpus_train,PLAIN-1395,ice diet,0,bm25,0.04987472821215874,0.0401922112168537,0.0,0.0,0.0,0.0,0.0007194969803094864,0.05633091484196484,0.2871743880677968
NFCorpus_train,PLAIN-1399,immune function,1,l6,0.6263998358815587,0.8933483235099869,0.8723178413553593,0.6068270051237654,0.8974416663360282,0.9182293066898519,0.0004939590580761433,0.053075955249369144,0.2877912458498031
NFCorpus_train,PLAIN-1400,immunosuppressive drugs,1,l6,0.15266633654899794,0.20362951919535677,0.1637744730755366,0.10811053247825145,0.1723941821847754,0.1723941821847754,0.00022343406453728676,0.05861828289926052,0.2889036440756172
NFCorpus_train,PLAIN-1401,impotence,0,bm25,0.028370696206231366,0.0,0.008184515110773366,0.0,0.0,0.0,6.892019882798195e-06,1.593213528394699e-05,1.3324199244379997e-05
NFCorpus_train,PLAIN-1402,in vitro studies,0,bm25,0.22242150241066364,0.04028823999689914,0.0,0.18177069331014817,0.0,0.0,0.00151139497756958,0.05631288792937994,0.2899211260955781
NFCorpus_train,PLAIN-1403,incontinence,0,bm25,0.04998129714924089,0.03543562010480444,0.0,0.0,0.0,0.0,1.8979189917445183e-05,0.014779572142288089,0.05073876213282347
NFCorpus_train,PLAIN-1404,India,2,bge,0.4989111500675242,0.43292953115661115,0.6878142632885232,0.47255054367875476,0.41618003299203576,0.7240150139879192,2.894410863518715e-05,0.030346803134307265,0.12195797404274344
NFCorpus_train,PLAIN-1405,indigestion,0,bm25,0.0499747908209646,0.032707959977354976,0.0,0.0,0.0,0.0,1.4552846550941467e-05,0.009982411749660969,0.028864181833341718
NFCorpus_train,PLAIN-1407,Indonesia,0,bm25,0.0499715661834291,0.04001365247298501,0.0,0.0,0.0,0.0,9.803101420402527e-06,0.0034429840743541718,0.017238455126062036
NFCorpus_train,PLAIN-1410,industry influence,1,l6,0.4690867005041293,0.791158596853824,0.423774977792441,0.441207357041839,0.7897501766975346,0.4460789239920432,0.00034594908356666565,0.05224106297828257,0.28691045427694917
NFCorpus_train,PLAIN-1411,infant formula,1,l6,0.26058631129788895,0.6199339942065811,0.21060512782912735,0.2216896082411867,0.6100458831490401,0.2216896082411867,0.00010756193660199642,0.0549318369012326,0.28581765480339527
NFCorpus_train,PLAIN-1412,infants,2,bge,0.5412206467942322,0.20749391873952544,0.6827424275963972,0.5170884525808568,0.17595325517383462,0.718676239575155,7.672794163227081e-05,0.055392035050317645,0.28665858996100724
NFCorpus_train,PLAIN-1413,infertility,1,l6,0.9280716258303365,0.9426562578489475,0.7913255637844975,0.9243013294519951,0.9526058178152246,0.8329742776678921,3.315601497888565e-05,0.027905561961233616,0.11325981188565493
NFCorpus_train,PLAIN-1414,inflammation,1,l6,0.9247277286779104,0.9602182268815636,0.8224838580341672,0.9207954237157487,0.9681896059005242,0.8657724821412287,0.00016016815789043903,0.054846004117280245,0.2867945253383368
NFCorpus_train,PLAIN-1415,inflammatory bowel disease,0,bm25,0.929185761957138,0.8206622151498152,0.8645325460446934,0.9256180470797137,0.8210933633344505,0.9100342589944141,0.0008716359734535217,0.05398816103115678,0.28789140982553363
NFCorpus_train,PLAIN-1416,informed consent,0,bm25,0.04995298914825445,0.040715332821654404,0.0,0.0,0.0,0.0,0.0002681729383766651,0.052964292000979185,0.28522450500167906
NFCorpus_train,PLAIN-1417,inner ear cancer,0,bm25,0.04990030304007034,0.04033606837161018,0.0,0.0,0.0,0.0,0.0005802670493721962,0.05624706204980612,0.2910154180135578
NFCorpus_train,PLAIN-1420,insomnia,0,bm25,0.7849919959599277,0.7675357384746404,0.730970703786833,0.7736991811496752,0.7692156576287261,0.7694428460914032,2.233590930700302e-05,0.0132844268810004,0.05024695489555597
NFCorpus_train,PLAIN-1421,Institute of Medicine,0,bm25,0.7404907709920067,0.44142402277794374,0.388927114795245,0.7268712872705927,0.4218483456960727,0.40939696294236316,0.0002113149967044592,0.05336588388308883,0.28593240212649107
NFCorpus_train,PLAIN-1422,insulin,0,bm25,0.8889803329803653,0.8298158858276978,0.2988879149106127,0.8831745958784474,0.8310079275866008,0.3146188578006449,0.00020515895448625088,0.05566836707293987,0.2886870699003339
NFCorpus_train,PLAIN-1423,intelligence,2,bge,0.49117811953606044,0.3136131348785229,0.7175902905935932,0.4644199045168832,0.2908468365446035,0.755358200624835,1.8974998965859413e-05,0.01158351986669004,0.045635455986484885
NFCorpus_train,PLAIN-1424,INTERHEART study,0,bm25,0.38889431383805284,0.3794286725487541,0.3391434757489006,0.35699313236726377,0.35699313236726377,0.35699313236726377,0.0014464999549090862,0.056398918852210045,0.29027308989316225
NFCorpus_train,PLAIN-1426,internal bleeding,0,bm25,0.7807295101641638,0.7381617366404786,0.6827424275963972,0.7692156576287261,0.7345000466603374,0.718676239575155,0.00014601205475628376,0.05533932102844119,0.2878266400657594
NFCorpus_train,PLAIN-1427,intestinal health,2,bge,0.049880926654699696,0.04035988845434227,0.13292488024884094,0.0,0.0,0.1399209265777273,0.0006855400279164314,0.055500937858596444,0.28786460403352976
NFCorpus_train,PLAIN-1430,ipecac,0,bm25,0.027084156459897275,0.0,0.008427992888186487,0.0,0.0,0.0,6.4820051193237305e-06,1.4143064618110657e-05,1.1759111657738686e-05
NFCorpus_train,PLAIN-1431,IQ4 5b,0,bm25,0.019503891050583658,0.0,0.010537103946637023,0.0,0.0,0.0,2.0437873899936676e-06,3.3508986234664917e-06,2.644723281264305e-06
NFCorpus_train,PLAIN-1432,Ireland,1,l6,0.13423780887329628,0.2894458629434497,0.0,0.08868266728275007,0.2642611670619972,0.0,3.9392849430441856e-05,0.04261478688567877,0.18364887172356248
NFCorpus_train,PLAIN-1434,iron,1,l6,0.9549635531991847,0.9589790091712526,0.8115094513085627,0.9526058178152246,0.9668728882728055,0.854220475061645,6.889901123940945e-05,0.05495380191132426,0.28770917002111673
NFCorpus_train,PLAIN-1435,irritable bowel syndrome,1,l6,0.21435462477486833,0.42316764987291994,0.23713274520544472,0.17304803830492183,0.40350736517123265,0.2496134160057313,0.00023565301671624184,0.05840440699830651,0.2873003389686346
NFCorpus_train,PLAIN-1436,isoflavones,1,l6,0.3475407114692705,0.7375695002391387,0.46062502277630635,0.31321278355046345,0.7347272351230145,0.48486844502769094,5.016312934458256e-05,0.04572492721490562,0.2193805300630629
NFCorpus_train,PLAIN-1437,Israel,0,bm25,0.04997508257251343,0.036479527437126125,0.0,0.0,0.0,0.0,1.712702214717865e-05,0.009293312206864357,0.0343675569165498
NFCorpus_train,PLAIN-1438,Jack Norris,0,bm25,0.019176517333863122,0.0,0.006319327174596868,0.0,0.0,0.0,4.334840923547745e-06,7.031718268990517e-06,6.143003702163696e-06
NFCorpus_train,PLAIN-1442,jasmine tea,2,bge,0.04998045076230536,0.040849831484846916,0.39583333333333326,0.0,0.0,0.41666666666666663,0.00011288607493042946,0.05283718090504408,0.2887224471196532
NFCorpus_train,PLAIN-1443,jaundice,0,bm25,0.04996335463476424,0.036868843242886695,0.0,0.0,0.0,0.0,1.4777062460780144e-05,0.005295074079185724,0.020162252942100167
NFCorpus_train,PLAIN-1445,jelly beans,0,bm25,0.6295314962436014,0.6202281687490636,0.5795435889915881,0.6100458831490401,0.6100458831490401,0.6100458831490401,6.951694376766682e-05,0.053551065968349576,0.28743236791342497
NFCorpus_train,PLAIN-1446,Jerusalem artichokes,0,bm25,0.04992462202914753,0.03813407160395718,0.0,0.0,0.0,0.0,2.573290839791298e-05,0.004050849936902523,0.017069249879568815
NFCorpus_train,PLAIN-1447,Johns Hopkins University,0,bm25,0.04997860541759651,0.040826448558760546,0.0,0.0,0.0,0.0,0.00012165098451077938,0.0521614090539515,0.28430324606597424
NFCorpus_train,PLAIN-1448,joint disease,1,l6,0.7749182168496247,0.9183896064728335,0.3142478135233686,0.7632141484772569,0.9243013294519951,0.3307871721298617,0.0007771279197186232,0.05572628485970199,0.28734793700277805
NFCorpus_train,PLAIN-1449,joint health,0,bm25,0.8121202353560405,0.5275531968455145,0.6896357994588228,0.8023427693559206,0.5126049290599076,0.7259324204829714,0.0006180221680551767,0.05524605209939182,0.2931918250396848
NFCorpus_train,PLAIN-1450,Judaism,0,bm25,0.02549992878507335,0.0,0.006257655604614726,0.0,0.0,0.0,8.010072633624077e-06,1.6347039490938187e-05,1.4301156625151634e-05
NFCorpus_train,PLAIN-1454,Kaiser Permanente,0,bm25,0.011254696572924966,0.0,0.005630194694295799,0.0,0.0,0.0,4.75393608212471e-06,6.134854629635811e-06,5.44404610991478e-06
NFCorpus_train,PLAIN-1455,kale,1,l6,0.7989086757137883,0.8085001999008427,0.7776473804000531,0.7883441024473532,0.813753566530828,0.8185761898947927,1.623597927391529e-05,0.012978446902707219,0.044551437022164464
NFCorpus_train,PLAIN-1456,kangaroo meat,0,bm25,0.7478598568632417,0.7386539795166538,0.6979073948608093,0.7346393630113782,0.7346393630113782,0.7346393630113782,0.00027407403104007244,0.053349341033026576,0.2882683800999075
NFCorpus_train,PLAIN-1457,Kaposi’s sarcoma,0,bm25,0.6954712634744494,0.6821512515351709,0.6455032498315265,0.6794771050858174,0.6794771050858174,0.6794771050858174,2.492498606443405e-05,0.01040438492782414,0.03896190179511905
NFCorpus_train,PLAIN-1458,kelp,0,bm25,0.6295067101821935,0.6197882397223053,0.5795435889915881,0.6100458831490401,0.6100458831490401,0.6100458831490401,1.2540025636553764e-05,0.0033171442337334156,0.0170016682241112
NFCorpus_train,PLAIN-1459,keriorrhea,0,bm25,0.9999744892186632,0.9910760064176874,0.95,1.0,1.0,1.0,8.551869541406631e-06,0.002991551999002695,0.016761285020038486
NFCorpus_train,PLAIN-1460,ketogenic agent AC-1202,1,l6,0.363267973493152,0.635975805886478,0.5951477838146372,0.32979453856244817,0.6264713513838286,0.6264713513838286,0.00021264213137328625,0.05294373910874128,0.2886168039403856
NFCorpus_train,PLAIN-1461,KFC,0,bm25,0.6555128395271057,0.6429664818968359,0.6055662581342881,0.6374381664571455,0.6374381664571455,0.6374381664571455,1.9366154447197914e-05,0.0045678692404180765,0.018126787152141333
NFCorpus_train,PLAIN-1464,kidney cancer,0,bm25,0.40562601011651755,0.20415241733681566,0.24784430559399814,0.3744541635112973,0.1723941821847754,0.26088874273052437,0.0006115308497101068,0.055803230963647366,0.28997561684809625
NFCorpus_train,PLAIN-1465,kidney disease,0,bm25,0.905192644190768,0.869200333733547,0.6079564110084119,0.900346883204941,0.8726508122089478,0.6399541168509599,0.0007944609969854355,0.0569778080098331,0.29017197294160724
NFCorpus_train,PLAIN-1466,kidney failure,1,l6,0.25419631495880846,0.6921134520683636,0.4607983265177684,0.21496574100558588,0.6859269786880577,0.4850508700187036,0.00012140301987528801,0.05465794517658651,0.2871541699860245
NFCorpus_train,PLAIN-1467,kidney function,0,bm25,0.7074764353296934,0.6508352649096142,0.26590808449064346,0.6921556763022041,0.6431729948762346,0.27990324683225626,0.0004220020491629839,0.06011424004100263,0.29528326098807156
NFCorpus_train,PLAIN-1468,kidney health,1,l6,0.9005912106163588,0.9555153107078028,0.8677363491595925,0.8954753162547369,0.96331803895032,0.9134066833258869,0.0006388090550899506,0.05579211190342903,0.2894734749570489
NFCorpus_train,PLAIN-1469,kidney stones,0,bm25,0.9280714724710469,0.8871707518369516,0.850701550442,0.9243013294519951,0.8909917927337878,0.8954753162547369,8.494989015161991e-05,0.053250959841534495,0.2871770467609167
NFCorpus_train,PLAIN-1470,kimchi,0,bm25,0.0251024274536381,0.0,0.007333959706734028,0.0,0.0,0.0,7.527181878685951e-06,1.5116296708583832e-05,1.2899050489068031e-05
NFCorpus_train,PLAIN-1471,kingdom,0,bm25,0.04998819255438658,0.03754070849314037,0.0,0.0,0.0,0.0,2.7749920263886452e-05,0.029281891882419586,0.11751026078127325
NFCorpus_train,PLAIN-1474,kombu,0,bm25,0.6860692448630783,0.676976819563022,0.6361010975049676,0.669580102636808,0.669580102636808,0.669580102636808,1.023709774017334e-05,0.0029324451461434364,0.016069464152678847
NFCorpus_train,PLAIN-1475,kombucha tea,0,bm25,0.9999794833894506,0.9907818738795992,0.95,1.0,1.0,1.0,0.0001180209219455719,0.053026875015348196,0.2876228548120707
NFCorpus_train,PLAIN-1476,Korea,0,bm25,0.04998386597137845,0.03674991885762454,0.0,0.0,0.0,0.0,3.0387192964553833e-05,0.024955501314252615,0.0941711263731122
NFCorpus_train,PLAIN-1477,Kraft,0,bm25,0.022199442119944214,0.0,0.005216178521617854,0.0,0.0,0.0,4.641013219952583e-06,8.346978574991226e-06,7.476191967725754e-06
NFCorpus_train,PLAIN-1478,Kuna Indians,0,bm25,0.961856532008624,0.9494501708830451,0.911867374845389,0.9598603945740938,0.9598603945740938,0.9598603945740938,4.046899266541004e-05,0.04634504299610853,0.18661625892855227
NFCorpus_train,PLAIN-1479,lactation,0,bm25,0.049989199526321484,0.0392659203780178,0.0,0.0,0.0,0.0,3.754603676497936e-05,0.03731522895395756,0.17381662083789706
NFCorpus_train,PLAIN-1481,lactic acid,0,bm25,0.6294719035890757,0.1328670600991384,0.11640584443153744,0.6100458831490401,0.09721561096838863,0.12253246782267099,0.0004153309855610132,0.054970256984233856,0.28969007008709013
NFCorpus_train,PLAIN-1482,lactose,1,l6,0.1663840463708998,0.1701970431774808,0.11640584443153744,0.12253246782267099,0.1425715588208105,0.12253246782267099,1.791096292436123e-05,0.012527234852313995,0.041083845077082515
NFCorpus_train,PLAIN-1486,Laron syndrome,0,bm25,0.04997328609441759,0.040750789199564645,0.0,0.0,0.0,0.0,0.00015404191799461842,0.0533342519775033,0.28831785288639367
NFCorpus_train,PLAIN-1487,lasers,1,l6,0.2167174724234608,0.392320671983282,0.14521835193428506,0.17550980911390263,0.373151194370365,0.15286142308872114,2.171914093196392e-05,0.015694088069722056,0.06446289410814643
NFCorpus_train,PLAIN-1489,lauric acid,0,bm25,0.6450767863847778,0.6357597692522254,0.5951477838146372,0.6264713513838286,0.6264713513838286,0.6264713513838286,0.00041214702650904655,0.05449834302999079,0.29025489185005426
NFCorpus_train,PLAIN-1490,lavender,1,l6,0.9382926959839696,0.9555796708790654,0.8360375749688691,0.9350624941733297,0.9668728882728055,0.8800395525988096,2.4213921278715134e-05,0.018805907806381583,0.07261207699775696
NFCorpus_train,PLAIN-1491,laxatives,0,bm25,0.2605903264355834,0.037338974021084124,0.11640584443153744,0.2216896082411867,0.0,0.12253246782267099,2.3138010874390602e-05,0.019792119972407818,0.07816159608773887
NFCorpus_train,PLAIN-1492,LDL cholesterol,2,bge,0.5814161514083239,0.8731403390432178,0.8765771887002608,0.55943282293899,0.8769071472672196,0.9227128302108009,0.0002602559980005026,0.05734166316688061,0.288978214841336
NFCorpus_train,PLAIN-1493,lead,0,bm25,0.8826185998589356,0.5961485215010589,0.8747556525299612,0.8764847032763241,0.5849311752764399,0.9207954237157487,0.0002371401060372591,0.054012059001252055,0.28319799108430743
NFCorpus_train,PLAIN-1494,leaky gut theory,0,bm25,0.04998175812563785,0.040574755500406234,0.0,0.0,0.0,0.0,0.0001036589965224266,0.053558717016130686,0.28412375412881374
NFCorpus_train,PLAIN-1497,legumes,1,l6,0.9128687512901076,0.950057127702291,0.7733783500954515,0.9082950973757999,0.9574284411791896,0.8140824737846859,6.697908975183964e-05,0.054894502041861415,0.2889217340853065
NFCorpus_train,PLAIN-1498,lemon verbena,0,bm25,0.6295218660671759,0.6173744632605884,0.5795435889915881,0.6100458831490401,0.6100458831490401,0.6100458831490401,3.053015097975731e-05,0.01710291113704443,0.07027173321694136
NFCorpus_train,PLAIN-1499,lemonbalm,0,bm25,0.02247312381050358,0.0,0.007925261046242476,0.0,0.0,0.0,4.983972758054733e-06,9.052921086549759e-06,7.61798582971096e-06
NFCorpus_train,PLAIN-1500,lemongrass,0,bm25,0.019495528935380466,0.0,0.008284123502615148,0.0,0.0,0.0,1.6838312149047852e-06,2.7599744498729706e-06,2.3026950657367706e-06
NFCorpus_train,PLAIN-1501,lemons,2,bge,0.3730765330426079,0.46341887421288497,0.6816772004066949,0.3400933190147756,0.4460789239920432,0.717554947796521,1.560105010867119e-05,0.013330511981621385,0.06436065398156643
NFCorpus_train,PLAIN-1502,lentil effect,1,l6,0.4694928806598207,0.7779367777668728,0.7166516462574515,0.4417831836856678,0.7765732350040718,0.7543701539552121,0.0011565529275685549,0.056393645936623216,0.28749399399384856
NFCorpus_train,PLAIN-1503,lentils,1,l6,0.936783802974019,0.9466949379892318,0.8779129592379332,0.9334739949321356,0.9574284411791896,0.9241189044609823,2.3134984076023102e-05,0.01804270106367767,0.07013912010006607
NFCorpus_train,PLAIN-1504,leptin,0,bm25,0.04998514997822523,0.03572817340562624,0.0,0.0,0.0,0.0,2.535805106163025e-05,0.02437071898020804,0.08538051811046898
NFCorpus_train,PLAIN-1507,leukemia,0,bm25,0.9685181438116656,0.8908557716667234,0.8883093694646631,0.9668728882728055,0.895853167094834,0.9350624941733297,3.9004022255539894e-05,0.03585802600719035,0.17569304211065173
NFCorpus_train,PLAIN-1508,lichen planus,0,bm25,0.9999601583148563,0.9811312985521805,0.95,1.0,1.0,1.0,1.6537029296159744e-05,0.007831803988665342,0.020753426011651754
NFCorpus_train,PLAIN-1509,licorice,0,bm25,0.9999735101542975,0.9860250259707843,0.95,1.0,1.0,1.0,1.0616844519972801e-05,0.005601018900051713,0.02003946085460484
NFCorpus_train,PLAIN-1510,lifespan,0,bm25,0.8893228476033841,0.8510228872950921,0.34075508127817733,0.8835136957214632,0.8546876825242049,0.3586895592401867,3.944197669625282e-05,0.028431549202650785,0.13005708996206522
NFCorpus_train,PLAIN-1511,Lifestyle medicine,1,l6,0.7468267026609484,0.7923424404915731,0.690527722907063,0.733561179872716,0.7914696932542472,0.7268712872705927,0.0003245279658585787,0.05495503102429211,0.2876091948710382
NFCorpus_train,PLAIN-1512,lignans,0,bm25,0.9999899143321527,0.9383965935409421,0.9185292438591651,1.0,0.94497705842548,0.9668728882728055,5.9172045439481735e-05,0.05474804202094674,0.2933471850119531
NFCorpus_train,PLAIN-1513,lima beans,0,bm25,0.049988767030209144,0.04028446094153015,0.0,0.0,0.0,0.0,6.498605944216251e-05,0.05620727292262018,0.28926481888629496
NFCorpus_train,PLAIN-1514,limes,0,bm25,0.049965199459638114,0.0337580893531223,0.0,0.0,0.0,0.0,1.5028053894639015e-05,0.007013808004558086,0.02159169618971646
NFCorpus_train,PLAIN-1517,Linguatula serrate,0,bm25,0.019524415460473996,0.0,0.010221091140448547,0.0,0.0,0.0,4.461035132408142e-06,7.319031283259392e-06,5.8228615671396255e-06
NFCorpus_train,PLAIN-1518,Lipitor,0,bm25,0.018646166134185304,0.0,0.004580670926517572,0.0,0.0,0.0,1.8279533833265305e-06,2.9150396585464478e-06,2.6479829102754593e-06
NFCorpus_train,PLAIN-1519,liposuction,0,bm25,0.017169237961664332,0.0,0.006560698145550881,0.0,0.0,0.0,1.9620638340711594e-06,2.988148480653763e-06,2.5960616767406464e-06
NFCorpus_train,PLAIN-1520,lipotoxicity,0,bm25,0.6954825349594673,0.6810710388373541,0.6318153834873821,0.6794771050858174,0.6794771050858174,0.6650688247235601,1.1182157322764397e-05,0.0077906951773911715,0.026990650221705437
NFCorpus_train,PLAIN-1521,lipotoxicty,0,bm25,0.01912078882497946,0.0,0.007390304026294165,0.0,0.0,0.0,4.37488779425621e-06,7.0838723331689835e-06,6.036832928657532e-06
NFCorpus_train,PLAIN-1523,liquid smoke,1,l6,0.7477330334147393,0.7719343354045566,0.7326229073245165,0.7345000466603374,0.7694428460914032,0.7711820077100174,0.00024047098122537136,0.05172428395599127,0.286200616043061
NFCorpus_train,PLAIN-1524,Listeria,2,bge,0.2158873706961566,0.31960919467650245,0.3787040083099771,0.17463653754611594,0.29607156116147304,0.3986357982210285,2.395384944975376e-05,0.016105726826936007,0.06907118577510118
NFCorpus_train,PLAIN-1525,liver,0,bm25,0.049976014548804806,0.04047663060800611,0.0,0.0,0.0,0.0,0.00013797194696962833,0.054781450890004635,0.28761590900830925
NFCorpus_train,PLAIN-1528,liver failure,0,bm25,0.6295094506611806,0.6202153913366962,0.5795435889915881,0.6100458831490401,0.6100458831490401,0.6100458831490401,0.0001963160466402769,0.05364277819171548,0.2875302399042994
NFCorpus_train,PLAIN-1529,liver health,1,l6,0.8256983856718547,0.8776623369047071,0.41780561042627024,0.8166485908105829,0.881208245797156,0.43979537939607394,0.000681139063090086,0.05485807219520211,0.2891681611072272
NFCorpus_train,PLAIN-1530,liver inflammation,1,l6,0.2907808129822579,0.34406572835419524,0.30345966083993836,0.25350000234066256,0.31943122193677725,0.31943122193677725,0.0002533311489969492,0.053854187950491905,0.2866434692405164
NFCorpus_train,PLAIN-1531,Loma Linda University,0,bm25,0.049985402588541644,0.041633349142635646,0.0,0.0,0.0,0.0,8.316501043736935e-05,0.04766684886999428,0.28486218489706516
NFCorpus_train,PLAIN-1532,Long Island,1,l6,0.4151284001600516,0.7096334087937494,0.672258364367152,0.38436872776344766,0.7042679592128978,0.7076403835443706,0.0001260328572243452,0.054239782970398664,0.2878617197275162
NFCorpus_train,PLAIN-1533,longevity,0,bm25,0.8917194918663863,0.47095228384706533,0.5058227995933051,0.8860308691611208,0.45247395061246065,0.532445052203479,4.5481836423277855e-05,0.041153416968882084,0.2312517378013581
NFCorpus_train,PLAIN-1534,Lou Gehrig's disease,0,bm25,0.04987085516975781,0.04041505846618255,0.0,0.0,0.0,0.0,0.0007404978387057781,0.054958672961220145,0.2866927918512374
NFCorpus_train,PLAIN-1535,Louis Pasteur,0,bm25,0.0499776604511272,0.03575011929763649,0.0,0.0,0.0,0.0,1.7363112419843674e-05,0.011075527174398303,0.038861824199557304
NFCorpus_train,PLAIN-1538,low-fat diets,1,l6,0.13412839722819161,0.1760402251777343,0.13544298087976997,0.08868266728275007,0.1425715588208105,0.1425715588208105,0.000695863040164113,0.05446321307681501,0.2896130389999598
NFCorpus_train,PLAIN-1539,lower back pain,0,bm25,0.8679837691962704,0.8607276163688397,0.783242498282627,0.8611477487156033,0.863664922155261,0.8244657876659233,0.0006131529808044434,0.05610858299769461,0.28761656605638564
NFCorpus_train,PLAIN-1540,lox,0,bm25,0.049968129646813075,0.03526742000772839,0.0,0.0,0.0,0.0,1.7405953258275986e-05,0.008046180009841919,0.02730743703432381
NFCorpus_train,PLAIN-1541,lung cancer,1,l6,0.7990464105170249,0.8394251017651685,0.6935060140227189,0.7885746689744924,0.840840418109472,0.7300063305502305,0.000578183913603425,0.05445353593677282,0.29047167184762657
NFCorpus_train,PLAIN-1542,lung disease,1,l6,0.6938592757613021,0.7875698355178071,0.6097634633860901,0.6778886058446232,0.7865189622707383,0.6418562772485159,0.0007829901296645403,0.05585519317537546,0.29021176509559155
NFCorpus_train,PLAIN-1543,lung health,0,bm25,0.7400944682853559,0.5130760189556753,0.3364394912599076,0.7265321874275769,0.4977294412350904,0.3541468329051659,0.0006454989779740572,0.05674169189296663,0.2904780439566821
NFCorpus_train,PLAIN-1544,lutein,2,bge,0.5904850123247117,0.6163546322156774,0.8015486702697654,0.5689445882621464,0.6081437227514841,0.8437354423892268,3.465590998530388e-05,0.03194828308187425,0.14034682582132518
NFCorpus_train,PLAIN-1545,luteolin,2,bge,0.32013342714435455,0.38945474777836825,0.6468926178080712,0.2843705886674589,0.371951655690391,0.6809395976927065,1.7245998606085777e-05,0.012865317054092884,0.0462803659029305
NFCorpus_train,PLAIN-1548,lymphoma,0,bm25,0.9279002258043978,0.9174435830249531,0.9170201695800307,0.9241189044609823,0.9256180470797137,0.9652843890316114,3.463798202574253e-05,0.03235332993790507,0.13601194811053574
NFCorpus_train,PLAIN-1549,Lyon Diet Heart Study,1,l6,0.4230431208051478,0.6955130247455352,0.6468926178080712,0.39303021425436246,0.6897070270757428,0.6809395976927065,0.0019234050996601582,0.05564549891278148,0.28657688410021365
NFCorpus_train,PLAIN-1551,macadamia nuts,0,bm25,0.21840532597323115,0.12459673412253205,0.13544298087976997,0.17728716978919912,0.08868266728275007,0.1425715588208105,0.00010044407099485397,0.05544455023482442,0.2872238929849118
NFCorpus_train,PLAIN-1552,macadamia oil,0,bm25,0.9999758083060657,0.9901393041099456,0.95,1.0,1.0,1.0,0.0001392420381307602,0.05675598396919668,0.2877889380324632
NFCorpus_train,PLAIN-1553,mackerel,1,l6,0.7672598783171802,0.7745868730626828,0.7172828374426886,0.755034565729146,0.777071605481148,0.755034565729146,1.7818063497543335e-05,0.010578832123428583,0.03880388103425503
NFCorpus_train,PLAIN-1554,macular degeneration,0,bm25,0.9685180535532718,0.8954791926821817,0.9197801256054979,0.9668728882728055,0.900346883204941,0.9681896059005242,5.1519833505153656e-05,0.04535069991834462,0.23019850393757224
NFCorpus_train,PLAIN-1555,mad cow disease,2,bge,0.04986566398882753,0.039950565542636186,0.07771987439450205,0.0,0.0,0.08181039409947585,0.0007761609740555286,0.058063201140612364,0.28888790402561426
NFCorpus_train,PLAIN-1558,Maimonides,0,bm25,0.049952034928828104,0.03915543750934647,0.0,0.0,0.0,0.0,1.6359146684408188e-05,0.003698687069118023,0.01705318712629378
NFCorpus_train,PLAIN-1560,malaria,0,bm25,0.04997720750313501,0.035389864456066074,0.0,0.0,0.0,0.0,8.890172466635704e-06,0.005698657128959894,0.01950241019949317
NFCorpus_train,PLAIN-1561,Malaysia,0,bm25,0.04997475457438541,0.031800590628286426,0.0,0.0,0.0,0.0,1.0149087756872177e-05,0.007316470146179199,0.020100845023989677
NFCorpus_train,PLAIN-1562,maltodextrin,0,bm25,0.7070659806781602,0.6692439548853404,0.3560247734216634,0.6916713899923173,0.6681370788133928,0.37476291939122464,1.184898428618908e-05,0.008401928935199976,0.027127025881782174
NFCorpus_train,PLAIN-1563,manganese,0,bm25,0.7927814191845832,0.7684226516928111,0.730970703786833,0.7818942288451127,0.7694428460914032,0.7694428460914032,2.435385249555111e-05,0.016885275952517986,0.06728245876729488
NFCorpus_train,PLAIN-1564,mango,0,bm25,0.049981741856017975,0.03337795671504031,0.0,0.0,0.0,0.0,1.0699965059757233e-05,0.009741147980093956,0.02930189692415297
NFCorpus_train,PLAIN-1565,mangosteen,0,bm25,0.7209217994613473,0.708633165243447,0.6709525954489629,0.7062658899462768,0.7062658899462768,0.7062658899462768,1.1248979717493057e-05,0.004499970003962517,0.018263709964230657
NFCorpus_train,PLAIN-1566,manure,0,bm25,0.049977154124518856,0.03522736462020241,0.0,0.0,0.0,0.0,1.789303496479988e-05,0.011570021975785494,0.03916031797416508
NFCorpus_train,PLAIN-1569,maraschino cherry,0,bm25,0.049986902870762906,0.0385001476742456,0.0,0.0,0.0,0.0,3.5250093787908554e-05,0.030951124150305986,0.13457183307036757
NFCorpus_train,PLAIN-1570,Marek's disease virus,0,bm25,0.20111611614228495,0.04054821116910201,0.0,0.1592132018086354,0.0,0.0,0.0007831088732928038,0.05425507389008999,0.2870095537509769
NFCorpus_train,PLAIN-1571,margarine,0,bm25,0.049960191625200934,0.03334917451590317,0.0,0.0,0.0,0.0,2.28160060942173e-05,0.009543352061882615,0.028657294111326337
NFCorpus_train,PLAIN-1572,Marion Nestle,0,bm25,0.018157987842140812,0.0,0.007085651796339776,0.0,0.0,0.0,4.610046744346619e-06,7.238937541842461e-06,6.213085725903511e-06
NFCorpus_train,PLAIN-1574,marketing,0,bm25,0.04998546210309968,0.041180646432991415,0.0,0.0,0.0,0.0,8.29789787530899e-05,0.0503388459328562,0.2853885239455849
NFCorpus_train,PLAIN-1575,marshmallows,0,bm25,0.025760178264704517,0.0,0.007202543985887377,0.0,0.0,0.0,4.862900823354721e-06,1.0030809789896011e-05,8.585862815380096e-06
NFCorpus_train,PLAIN-1576,massage,0,bm25,0.40570741801242105,0.3920861469763755,0.25562960090466397,0.3744541635112973,0.3744541635112973,0.2690837904259621,1.3133976608514786e-05,0.007455786922946572,0.027319964952766895
NFCorpus_train,PLAIN-1577,mastalgia,0,bm25,0.04997792116243882,0.035195846580993166,0.0,0.0,0.0,0.0,1.7265090718865395e-05,0.01157647231593728,0.039098731242120266
NFCorpus_train,PLAIN-1580,matcha,0,bm25,0.019453521126760565,0.0,0.003669483568075116,0.0,0.0,0.0,3.7872232496738434e-06,6.199115887284279e-06,5.744164809584618e-06
NFCorpus_train,PLAIN-1581,maté,0,bm25,0.017461375578386007,0.0,0.005403497764881188,0.0,0.0,0.0,1.93202868103981e-06,2.9688235372304916e-06,2.6479829102754593e-06
NFCorpus_train,PLAIN-1582,Mayo Clinic,1,l6,0.12764038076043474,0.38360659421885857,0.21060512782912735,0.08181039409947585,0.36200278075758774,0.2216896082411867,0.0004643260035663843,0.06013969099149108,0.292052319040522
NFCorpus_train,PLAIN-1583,McDonald’s,0,bm25,0.7809460618407283,0.76577542815937,0.7427995174028571,0.7694428460914032,0.7694428460914032,0.7818942288451127,1.8897000700235367e-05,0.011652697110548615,0.03834315808489919
NFCorpus_train,PLAIN-1585,meat,0,bm25,0.8665370167841281,0.5616437497271556,0.8534615064674671,0.8595592494744092,0.5482492142267598,0.8983805331236496,0.0002556629478931427,0.05309010506607592,0.2887527639977634
NFCorpus_train,PLAIN-1586,meat analogs,0,bm25,0.04994900779676314,0.04042470956271632,0.0,0.0,0.0,0.0,0.00029289908707141876,0.05500044417567551,0.28719987417571247
NFCorpus_train,PLAIN-1587,meat glue,0,bm25,0.7478612923911009,0.2550998653604723,0.37813890770878594,0.7346393630113782,0.22605367325027378,0.3980409554829326,0.0002640271559357643,0.05527163506485522,0.28634816920384765
NFCorpus_train,PLAIN-1588,Meatless Mondays,0,bm25,0.028037368817319955,0.0,0.009783193251486612,0.0,0.0,0.0,6.655929610133171e-06,1.515285111963749e-05,1.2187985703349113e-05
NFCorpus_train,PLAIN-1591,medical profession,2,bge,0.17378228126165737,0.23767211622787185,0.4522699488682653,0.13034272269558314,0.20776364927331048,0.4760736303876477,0.000248932046815753,0.05577781400643289,0.2874152259901166
NFCorpus_train,PLAIN-1592,Medicare,0,bm25,0.04996232310819774,0.03894377887430933,0.0,0.0,0.0,0.0,1.3143057003617287e-05,0.003856808179989457,0.017441801028326154
NFCorpus_train,PLAIN-1594,medications,2,bge,0.231429757004117,0.4517655971338348,0.4702171625573112,0.19102482297182688,0.43176290994822303,0.49496543427085393,0.00024931319057941437,0.04783856216818094,0.2844429202377796
NFCorpus_train,PLAIN-1595,meditation,0,bm25,0.7477459978683052,0.721920106997358,0.690527722907063,0.7345000466603374,0.7268712872705927,0.7268712872705927,1.681107096374035e-05,0.010769434971734881,0.02893824502825737
NFCorpus_train,PLAIN-1596,Mediterranean diet,1,l6,0.9221955199364725,0.9503030106070858,0.8812900660942944,0.9182293066898519,0.9574284411791896,0.9276737537834678,0.0007127099670469761,0.053918799851089716,0.29132672492414713
NFCorpus_train,PLAIN-1597,medium-chain fatty acids,0,bm25,0.049915486002498836,0.04027784403139882,0.0,0.0,0.0,0.0,0.0004897890612483025,0.056343396194279194,0.28976801224052906
NFCorpus_train,PLAIN-1598,melanoma,0,bm25,0.16638467061039636,0.1297440504364642,0.07771987439450205,0.12253246782267099,0.09721561096838863,0.08181039409947585,3.3709919080138206e-05,0.020077073946595192,0.07960282382555306
NFCorpus_train,PLAIN-1599,melatonin,0,bm25,0.999987875283023,0.9875963914345065,0.95,1.0,1.0,1.0,3.018788993358612e-05,0.030882268911227584,0.12448904989287257
NFCorpus_train,PLAIN-1602,men's health,2,bge,0.28429534961138275,0.30569158407749386,0.6514573260121929,0.24677613510506174,0.27990324683225626,0.6857445536970451,0.0008253681007772684,0.05939180497080088,0.29066609195433557
NFCorpus_train,PLAIN-1603,menarche,1,l6,0.2983504242072361,0.43247283560081495,0.22619047619047616,0.26143692688734443,0.41666666666666663,0.23809523809523808,2.777506597340107e-05,0.025319337146356702,0.09475446818396449
NFCorpus_train,PLAIN-1604,Meningioma,0,bm25,0.6687082290583017,0.6512125515807652,0.6187361464119363,0.6513012067494067,0.6513012067494067,0.6513012067494067,1.1914176866412163e-05,0.007478474173694849,0.021338299149647355
NFCorpus_train,PLAIN-1605,menopause,0,bm25,0.6818045973151012,0.39531433124840226,0.19675430349550582,0.6650688247235601,0.3744541635112973,0.20710979315316402,3.951718099415302e-05,0.03816510317847133,0.18318445119075477
NFCorpus_train,PLAIN-1606,menstruation,1,l6,0.674535374965822,0.6771262736667807,0.6455032498315265,0.6574400653338155,0.6794771050858174,0.6794771050858174,1.937197521328926e-05,0.010891095036640763,0.029632445890456438
NFCorpus_train,PLAIN-1607,mental health,2,bge,0.18533449261525792,0.20781664715162335,0.5075175284290698,0.1425715588208105,0.17595325517383462,0.5342289772937577,0.0006241819355636835,0.05373116582632065,0.28767255996353924
NFCorpus_train,PLAIN-1608,mercury,0,bm25,0.9999891177436603,0.9904677528666698,0.95,1.0,1.0,1.0,6.001489236950874e-05,0.052569684805348516,0.27574654784984887
NFCorpus_train,PLAIN-1609,mesclun mix,0,bm25,0.04998267670901433,0.040599937716666055,0.0,0.0,0.0,0.0,9.937002323567867e-05,0.053920724894851446,0.2868104660883546
NFCorpus_train,PLAIN-1613,metabolic syndrome,1,l6,0.3984182256211951,0.6528960345534642,0.6318153834873821,0.3668254041215527,0.6447614941174287,0.6650688247235601,0.00038041803054511547,0.05556858703494072,0.288596476893872
NFCorpus_train,PLAIN-1614,Metabolife,0,bm25,0.027487276897713426,0.0,0.005948498315532936,0.0,0.0,0.0,5.850102752447128e-06,1.299288123846054e-05,1.14471185952425e-05
NFCorpus_train,PLAIN-1615,metabolism,2,bge,0.04995298407494115,0.1431131137218449,0.1637744730755366,0.0,0.10811053247825145,0.1723941821847754,0.00027136318385601044,0.05536180315539241,0.2885864560957998
NFCorpus_train,PLAIN-1616,Metamucil,0,bm25,0.026037292257803005,0.0,0.005306039724361573,0.0,0.0,0.0,6.8820081651210785e-06,1.435982994735241e-05,1.2835953384637833e-05
NFCorpus_train,PLAIN-1617,metastases,2,bge,0.8622463155982248,0.832939531611827,0.8849322626083019,0.8550113174198941,0.8386366869763455,0.9315076448508441,2.1254178136587143e-05,0.020266804145649076,0.07361544319428504
NFCorpus_train,PLAIN-1618,metastatic calcification,0,bm25,0.27617729297720695,0.03818983271290293,0.0,0.23809523809523808,0.0,0.0,3.324495628476143e-05,0.029782457975670695,0.12608821387402713
NFCorpus_train,PLAIN-1619,methionine,0,bm25,0.9349187504705317,0.6442495235578155,0.8026686117678945,0.9315076448508441,0.6399541168509599,0.8449143281767311,2.3477943614125252e-05,0.023816329892724752,0.08687723590992391
NFCorpus_train,PLAIN-1623,Mexico,1,l6,0.2541994905685368,0.6627773906616458,0.6125234194115572,0.21496574100558588,0.6574400653338155,0.6447614941174287,1.7955899238586426e-05,0.011785756796598434,0.049979158909991384
NFCorpus_train,PLAIN-1624,MGUS,0,bm25,0.8332237403645713,0.820636072511915,0.783242498282627,0.8244657876659233,0.8244657876659233,0.8244657876659233,1.3112090528011322e-05,0.008812097134068608,0.03495081514120102
NFCorpus_train,PLAIN-1628,microbiome,0,bm25,0.04998026986424965,0.036919991986919885,0.0,0.0,0.0,0.0,1.694401726126671e-05,0.01123296283185482,0.0429394340608269
NFCorpus_train,PLAIN-1630,microcystins,0,bm25,0.99997273983819,0.98487343232293,0.95,1.0,1.0,1.0,1.078401692211628e-05,0.005984012968838215,0.01977981091476977
NFCorpus_train,PLAIN-1631,Micronase,0,bm25,0.011968414754028295,0.0,0.005020942855921701,0.0,0.0,0.0,8.287141099572182e-06,1.0895077139139175e-05,9.801005944609642e-06
NFCorpus_train,PLAIN-1632,microwaving,0,bm25,0.7594831697883331,0.2713812856277489,0.26733226997843823,0.7468395180337083,0.2441910256971609,0.2814023894509876,1.8595019355416298e-05,0.013714584056288004,0.06469028210267425
NFCorpus_train,PLAIN-1633,migraine headaches,0,bm25,0.8978520142131865,0.8846321889621072,0.8405249403636593,0.8924909353525192,0.890902436111325,0.8847630951196415,3.586895763874054e-05,0.029258184833452106,0.12476704502478242
NFCorpus_train,PLAIN-1636,milk chocolate,0,bm25,0.43592160043594386,0.31193115308535097,0.24784430559399814,0.4062645576107732,0.2859752695943994,0.26088874273052437,0.00017229490913450718,0.05647879489697516,0.2897729550022632
NFCorpus_train,PLAIN-1637,millet,0,bm25,0.04995170266652535,0.03513869800639698,0.0,0.0,0.0,0.0,1.88509002327919e-05,0.005800504935905337,0.01951546687632799
NFCorpus_train,PLAIN-1638,mineral clay,0,bm25,0.7209388997719293,0.7120114816279925,0.6379452879245118,0.7062658899462768,0.7062658899462768,0.6715213557100124,7.822900079190731e-05,0.05107118096202612,0.285597420996055
NFCorpus_train,PLAIN-1639,mint,0,bm25,0.6295101356579499,0.612225988247163,0.5795435889915881,0.6100458831490401,0.6100458831490401,0.6100458831490401,1.49609986692667e-05,0.007744776783511043,0.022360998205840588
NFCorpus_train,PLAIN-1640,Mioscene,0,bm25,0.01900750062208951,0.0,0.008014290284739257,0.0,0.0,0.0,4.059867933392525e-06,6.5497588366270065e-06,5.499925464391708e-06
NFCorpus_train,PLAIN-1641,miscarriage,0,bm25,0.04997907282241236,0.03384128385570221,0.0,0.0,0.0,0.0,1.1228956282138824e-05,0.008670329116284847,0.026828644797205925
NFCorpus_train,PLAIN-1642,miso,0,bm25,0.02035431327949685,0.012627658112873436,0.0,0.0,0.0,0.0,9.043142199516296e-06,1.1400086805224419e-05,1.5252036973834038e-05
NFCorpus_train,PLAIN-1643,MIT,0,bm25,0.0499743338646615,0.03900623023523345,0.0,0.0,0.0,0.0,9.292969480156898e-06,0.003980527864769101,0.018103562062606215
NFCorpus_train,PLAIN-1646,mold,0,bm25,0.04997588417011781,0.0333659790184638,0.0,0.0,0.0,0.0,1.0065967217087746e-05,0.006943054031580687,0.020870041102170944
NFCorpus_train,PLAIN-1647,monkfish,0,bm25,0.7104049506333014,0.7010212601974177,0.6604305237462483,0.6951900249960509,0.6951900249960509,0.6951900249960509,8.72090458869934e-06,0.00320873293094337,0.017050924943760037
NFCorpus_train,PLAIN-1648,monounsaturated fats,0,bm25,0.6294890240313719,0.25113453693955456,0.13544298087976997,0.6100458831490401,0.2216896082411867,0.1425715588208105,0.00031299004331231117,0.05432425206527114,0.28680497710593045
NFCorpus_train,PLAIN-1649,Monsanto,0,bm25,0.028670817075969704,0.0,0.012710867569428509,0.0,0.0,0.0,6.923917680978775e-06,1.623108983039856e-05,1.2104865163564682e-05
NFCorpus_train,PLAIN-1650,mood,1,l6,0.8647023363024526,0.8712118028137896,0.83933801093539,0.8575928993931178,0.8764847032763241,0.8835136957214632,4.082405939698219e-05,0.04280782304704189,0.18695551808923483
NFCorpus_train,PLAIN-1651,moose meat,0,bm25,0.04995395988153183,0.040461391024605026,0.0,0.0,0.0,0.0,0.0002658120356500149,0.0550710370298475,0.2886743610724807
NFCorpus_train,PLAIN-1652,morbidity,0,bm25,0.04998505707454814,0.040738099072501005,0.0,0.0,0.0,0.0,8.57438426464796e-05,0.053145615849643946,0.2869044716935605
NFCorpus_train,PLAIN-1654,morphine,0,bm25,0.8312615563633767,0.817847590125003,0.7812916310528986,0.8224122432135774,0.8224122432135774,0.8224122432135774,1.5155179426074028e-05,0.006774695124477148,0.025195903377607465
NFCorpus_train,PLAIN-1657,mouthwash,0,bm25,0.8332225033567981,0.8208112312680202,0.783242498282627,0.8244657876659233,0.8244657876659233,0.8244657876659233,1.3601034879684448e-05,0.008456050185486674,0.03401121613569558
NFCorpus_train,PLAIN-1659,MPTP,0,bm25,0.7477360454755627,0.734203129218166,0.6977750443273205,0.7345000466603374,0.7345000466603374,0.7345000466603374,1.575401984155178e-05,0.005482526030391455,0.020198056008666754
NFCorpus_train,PLAIN-1660,MRSA,0,bm25,0.9999840232443867,0.9884272546093477,0.95,1.0,1.0,1.0,2.6789028197526932e-05,0.01940460316836834,0.08383751008659601
NFCorpus_train,PLAIN-1661,MSG,0,bm25,0.8162159046671078,0.8063632224781384,0.7662449165635927,0.8065735963827292,0.8065735963827292,0.8065735963827292,9.707873687148094e-06,0.0033065828029066324,0.01673084986396134
NFCorpus_train,PLAIN-1662,mucus,0,bm25,0.9999626713356768,0.9829825029857052,0.5371916329464423,1.0,1.0,0.5654648767857288,2.040318213403225e-05,0.009301460348069668,0.027329108212143183
NFCorpus_train,PLAIN-1663,multiple myeloma,0,bm25,0.9999629779028849,0.9132368469652812,0.7969206816670715,1.0,0.9182293066898519,0.8388638754390227,0.0002122179139405489,0.052054038969799876,0.28660979587584734
NFCorpus_train,PLAIN-1664,multiple sclerosis,1,l6,0.8198242450585983,0.8736249319524905,0.8386569077864325,0.8103811421993552,0.8767247222762069,0.88279674503835,0.00021675205789506435,0.053062706254422665,0.28640576312318444
NFCorpus_train,PLAIN-1665,multivitamins,0,bm25,0.9280734752554816,0.9229720517774684,0.8821723065828347,0.9243013294519951,0.9315076448508441,0.9286024279819314,2.961093559861183e-05,0.027694766875356436,0.11577875702641904
NFCorpus_train,PLAIN-1668,muscle inflammation,2,bge,0.5780442565900077,0.8346353606980055,0.8417293257030648,0.5558779736165045,0.8359688511592678,0.8860308691611208,0.00022924295626580715,0.05489536374807358,0.28786097513511777
NFCorpus_train,PLAIN-1669,muscle soreness,0,bm25,0.8634438743445527,0.8550371522509855,0.8519524321883327,0.8562761817653991,0.8577753243841305,0.8967920338824555,0.00010653003118932247,0.05672173504717648,0.2879449559841305
NFCorpus_train,PLAIN-1670,muscle strength,0,bm25,0.8950848661007915,0.8938449714724307,0.8825409478406272,0.8895857184836063,0.8983805331236496,0.9289904714111865,0.00012424099259078503,0.055399352917447686,0.2880421739537269
NFCorpus_train,PLAIN-1671,mushrooms,0,bm25,0.9697651531199385,0.9554469019898941,0.9170201695800307,0.9681896059005242,0.9668728882728055,0.9652843890316114,2.7924077585339546e-05,0.02439891011454165,0.09325130912475288
NFCorpus_train,PLAIN-1673,mustard greens,1,l6,0.6817959087363396,0.7071589529496086,0.6245680620671247,0.6650688247235601,0.7017507857732401,0.6574400653338155,0.00011214404366910458,0.05472983489744365,0.2879216361325234
NFCorpus_train,PLAIN-1675,mustard powder,0,bm25,0.629531180579643,0.6202329271882121,0.5795435889915881,0.6100458831490401,0.6100458831490401,0.6100458831490401,7.410603575408459e-05,0.055605523055419326,0.298612087033689
NFCorpus_train,PLAIN-1676,mustard seeds,0,bm25,0.6295296604455954,0.6200263961032506,0.5795435889915881,0.6100458831490401,0.6100458831490401,0.6100458831490401,7.976382039487362e-05,0.05450157285667956,0.2863321858458221
NFCorpus_train,PLAIN-1677,mutation,0,bm25,0.23064109976428204,0.2190125442663979,0.0,0.19016188295518532,0.19016188295518532,0.0,4.6771951019763947e-05,0.04290975397452712,0.18430054374039173
NFCorpus_train,PLAIN-1681,myristic acid,0,bm25,0.6450789001319315,0.6356203108637136,0.5951477838146372,0.6264713513838286,0.6264713513838286,0.6264713513838286,0.0004000188782811165,0.055327602894976735,0.2903582260478288
NFCorpus_train,PLAIN-1682,Nagasaki,0,bm25,0.6295054579377101,0.6187174152202713,0.5795435889915881,0.6100458831490401,0.6100458831490401,0.6100458831490401,1.3260869309306145e-05,0.0037650277372449636,0.01738854288123548
NFCorpus_train,PLAIN-1683,nail health,0,bm25,0.04989256045764491,0.04012685074548906,0.0,0.0,0.0,0.0,0.0006243609823286533,0.05737560894340277,0.2905638690572232
NFCorpus_train,PLAIN-1684,nanoparticles,1,l6,0.6699644300365383,0.6803854035243884,0.6455032498315265,0.6526174419698506,0.6794771050858174,0.6794771050858174,1.7066020518541336e-05,0.011653270106762648,0.03854143596254289
NFCorpus_train,PLAIN-1685,naphthalene,0,bm25,0.6860764133409175,0.6696746081662739,0.23888388208581715,0.669580102636808,0.669580102636808,0.2514567179850707,1.1863885447382927e-05,0.007895020768046379,0.024031369714066386
NFCorpus_train,PLAIN-1686,naproxen,0,bm25,0.049981183988719924,0.02119253962065339,0.0,0.0,0.0,0.0,1.313304528594017e-05,0.020106795011088252,0.03489859006367624
NFCorpus_train,PLAIN-1687,NASA,0,bm25,0.6295178239976383,0.6197631685255555,0.5795435889915881,0.6100458831490401,0.6100458831490401,0.6100458831490401,8.843140676617622e-06,0.0033568660728633404,0.017161154188215733
NFCorpus_train,PLAIN-1688,nasal cavity cancer,1,l6,0.6294433435638596,0.6503321625403443,0.6455032498315265,0.6100458831490401,0.6418562772485159,0.6794771050858174,0.00058124796487391,0.05468503199517727,0.28991245687939227
NFCorpus_train,PLAIN-1691,National Beef Cattleman’s Association,0,bm25,0.04981270533285154,0.04039577122041476,0.0,0.0,0.0,0.0,0.0010872771963477135,0.05575417121872306,0.2902584502007812
NFCorpus_train,PLAIN-1692,National Cancer Institute,0,bm25,0.15257982196329736,0.040286178824821765,0.0,0.10811053247825145,0.0,0.0,0.0007253771182149649,0.05628666398115456,0.28972462518140674
NFCorpus_train,PLAIN-1693,National Cattlemen's Beef Association,0,bm25,0.049818757773481506,0.04017844142784477,0.0,0.0,0.0,0.0,0.0010513109154999256,0.05697078397497535,0.29002924310043454
NFCorpus_train,PLAIN-1694,National Confectioners Association,0,bm25,0.049825486972869634,0.0402122326230282,0.0,0.0,0.0,0.0,0.0010127450805157423,0.05680099315941334,0.2901631749700755
NFCorpus_train,PLAIN-1695,National Dairy Board,0,bm25,0.049950872207224696,0.04050029843888164,0.0,0.0,0.0,0.0,0.0002844128757715225,0.054996108869090676,0.2894622979220003
NFCorpus_train,PLAIN-1696,National Dairy Council,0,bm25,0.04995252915086612,0.04036649869684778,0.0,0.0,0.0,0.0,0.00027587986551225185,0.055985706858336926,0.2905781869776547
NFCorpus_train,PLAIN-1697,National Dairy Promotion Board,0,bm25,0.04992709148492446,0.040239149614370445,0.0,0.0,0.0,0.0,0.00041989097371697426,0.0562141879927367,0.28795743081718683
NFCorpus_train,PLAIN-1698,National Pork Board,0,bm25,0.04995646021001479,0.04042400444891036,0.0,0.0,0.0,0.0,0.0002522619906812906,0.05548165715299547,0.2896913269069046
NFCorpus_train,PLAIN-1701,natural toxins,2,bge,0.04995470744141245,0.04092650180328991,0.07771987439450205,0.0,0.0,0.08181039409947585,0.0002579700667411089,0.05167937092483044,0.2847819540183991
NFCorpus_train,PLAIN-1702,nausea,1,l6,0.9026926311453335,0.9541034292981581,0.845106432559426,0.8975828762407045,0.96331803895032,0.8895857184836063,4.11071814596653e-05,0.04091249802149832,0.18514607823453844
NFCorpus_train,PLAIN-1703,navy beans,0,bm25,0.7877341974772855,0.7780615388763037,0.7377445732538682,0.7765732350040718,0.7765732350040718,0.7765732350040718,5.940115079283714e-05,0.05543521302752197,0.286249180091545
NFCorpus_train,PLAIN-1704,necrotizing fasciitis,0,bm25,0.6555414504783202,0.6409891455968109,0.6055662581342881,0.6374381664571455,0.6374381664571455,0.6374381664571455,2.2725900635123253e-05,0.0133538618683815,0.04580420791171491
NFCorpus_train,PLAIN-1705,Nepal,0,bm25,0.8162174315732291,0.8025082162681657,0.7662449165635927,0.8065735963827292,0.8065735963827292,0.8065735963827292,1.0607996955513954e-05,0.005301761906594038,0.01929780002683401
NFCorpus_train,PLAIN-1706,nerve health,2,bge,0.04989408562964153,0.038673986315343425,0.30345966083993836,0.0,0.0,0.31943122193677725,0.0006279381923377514,0.06714892922900617,0.2964367300737649
NFCorpus_train,PLAIN-1707,Netherlands,0,bm25,0.24575395248861903,0.03732209546630984,0.0,0.20607055338754615,0.0,0.0,3.004702739417553e-05,0.029138426994904876,0.11491815117187798
NFCorpus_train,PLAIN-1708,neti pot,0,bm25,0.021448576508122066,0.0,0.003787048537541704,0.0,0.0,0.0,5.459180101752281e-06,9.56025905907154e-06,8.836155757308006e-06
NFCorpus_train,PLAIN-1711,neuropathy,0,bm25,0.04998775434649755,0.03670414173250284,0.0,0.0,0.0,0.0,1.9391067326068878e-05,0.021054073004052043,0.07917530625127256
NFCorpus_train,PLAIN-1712,neurotoxins,0,bm25,0.9999894537579591,0.9894869182705102,0.9185292438591651,1.0,1.0,0.9668728882728055,3.5853125154972076e-05,0.0357403929810971,0.16998057230375707
NFCorpus_train,PLAIN-1715,New York City,1,l6,0.6699352110126406,0.6725816434997256,0.2010136508404074,0.6526174419698506,0.6650688247235601,0.21159331667411305,0.0002978390548378229,0.05354808224365115,0.28995879413560033
NFCorpus_train,PLAIN-1716,New York Coalition for Healthy School Food,1,l6,0.6364533758893386,0.6610945375587265,0.4219565307313093,0.6175227747072427,0.652900655067783,0.4441647691908519,0.001119258813560009,0.053056092699989676,0.2895732007455081
NFCorpus_train,PLAIN-1717,New Zealand,0,bm25,0.13420260183626542,0.1327604300917809,0.0,0.08868266728275007,0.09721561096838863,0.0,0.00026344996877014637,0.05503004300408065,0.28678208705969155
NFCorpus_train,PLAIN-1718,nicotine,0,bm25,0.35791937785149497,0.17462319128845827,0.16683358890084257,0.32414861528507455,0.14546401530948944,0.1756143041061501,2.0112842321395874e-05,0.01251376187428832,0.04611626383848488
NFCorpus_train,PLAIN-1719,Nigeria,2,bge,0.40598866870815126,0.29679447046886087,0.6347302248727231,0.37476291939122464,0.2760423581264381,0.6681370788133928,1.984788104891777e-05,0.008491018787026405,0.027486551087349653
NFCorpus_train,PLAIN-1722,nitrate,1,l6,0.5780716874458405,0.8210254688465027,0.7592376568127687,0.5558779736165045,0.8235269208783019,0.799197533487125,3.182608634233475e-05,0.02909659710712731,0.1284605951514095
NFCorpus_train,PLAIN-1723,nitric oxide,1,l6,0.1423115382389109,0.40879312060802847,0.17268215864464076,0.09721561096838863,0.38792357708593317,0.18177069331014817,0.0002505278680473566,0.056331368861719966,0.2893453990109265
NFCorpus_train,PLAIN-1724,nitrite,1,l6,0.9278992222370546,0.9506235907540117,0.7824847242438293,0.9241189044609823,0.9608008655106623,0.8236681307829783,3.528106026351452e-05,0.031172335147857666,0.12841616803780198
NFCorpus_train,PLAIN-1725,nitroglycerin,0,bm25,0.0241100047010556,0.0,0.009471558613615967,0.0,0.0,0.0,5.641952157020569e-06,1.0896008461713791e-05,8.831964805722237e-06
NFCorpus_train,PLAIN-1726,nitrosamines,0,bm25,0.9340284136138138,0.9157356199049087,0.850701550442,0.9305687780632227,0.9256180470797137,0.8954753162547369,2.299295738339424e-05,0.026224314933642745,0.09640211402438581
NFCorpus_train,PLAIN-1727,non-Hodgkin lymphoma,1,l6,0.5033653230747968,0.8406168124924057,0.43341361398037315,0.47723968563794633,0.845323941630421,0.4562248568214454,3.3978139981627464e-05,0.034150115214288235,0.13724902225658298
NFCorpus_train,PLAIN-1728,nonalcoholic fatty liver disease,1,l6,0.788057061194082,0.8437808534655533,0.7960384411785312,0.777071605481148,0.8455639606303038,0.8379352012405592,0.000933447852730751,0.05512000387534499,0.2899554488249123
NFCorpus_train,PLAIN-1729,noni fruit,0,bm25,0.7628619385874772,0.7529954433886262,0.7129111384786417,0.7504327773459387,0.7504327773459387,0.7504327773459387,0.0002817828208208084,0.05679021775722504,0.28636528877541423
NFCorpus_train,PLAIN-1732,Norway,0,bm25,0.6954836991324294,0.2921433054745851,0.14938567485150664,0.6794771050858174,0.2690837904259621,0.15724807879105962,1.8889782950282097e-05,0.013030387926846743,0.04830973781645298
NFCorpus_train,PLAIN-1733,Nuremburg Code,0,bm25,0.629528708074855,0.6188048251594273,0.5795435889915881,0.6100458831490401,0.6100458831490401,0.6100458831490401,1.9727973267436028e-05,0.014236625982448459,0.06628614896908402
NFCorpus_train,PLAIN-1734,nutmeg,0,bm25,0.6817921526282548,0.6718765126789711,0.6455032498315265,0.6650688247235601,0.6794771050858174,0.6794771050858174,1.1817086488008499e-05,0.012018461944535375,0.025434028124436736
NFCorpus_train,PLAIN-1735,Nutrasweet,0,bm25,0.01251808382745482,0.0,0.005775617906555003,0.0,0.0,0.0,8.565839380025864e-06,1.142662949860096e-05,1.0106712579727173e-05
NFCorpus_train,PLAIN-1736,nutrient absorption,0,bm25,0.4879578814111512,0.41771701659065263,0.12382558656080397,0.46104748018541036,0.3967183917259764,0.13034272269558314,0.0002123501617461443,0.05228470801375806,0.2852270011790097
NFCorpus_train,PLAIN-1737,nutrient density,0,bm25,0.04996119121620305,0.04027214746498506,0.0,0.0,0.0,0.0,0.00022456818260252476,0.05629050824791193,0.2893264882732183
NFCorpus_train,PLAIN-1738,nutrient synergy,2,bge,0.049970502271955486,0.17578075430629142,0.30345966083993836,0.0,0.1425715588208105,0.31943122193677725,0.00017012283205986023,0.0557251509744674,0.2883659917861223
NFCorpus_train,PLAIN-1739,nutrition myths,0,bm25,0.7189999227149546,0.42977868736679564,0.37128735425710363,0.7042679592128978,0.40916977447968594,0.39082879395484593,0.0003152641002088785,0.051541050197556615,0.2884997620712966
NFCorpus_train,PLAIN-1742,oatmeal,0,bm25,0.8198392408654225,0.8076162078888788,0.46858362182843427,0.8103811421993552,0.8103811421993552,0.49324591771414134,2.2066989913582802e-05,0.011829233029857278,0.04829883901402354
NFCorpus_train,PLAIN-1743,oats,2,bge,0.3688635976842582,0.3611872760814277,0.3857233116803458,0.3356587390800658,0.3401422626010149,0.40602453861089033,2.7688918635249138e-05,0.02710682712495327,0.11343787400983274
NFCorpus_train,PLAIN-1744,Obama,0,bm25,0.049960775951394226,0.04026958296945207,0.0,0.0,0.0,0.0,1.3566110283136368e-05,0.0033653820864856243,0.01729310303926468
NFCorpus_train,PLAIN-1745,obesity,1,l6,0.9340013034640016,0.9909278425916256,0.8604890277393351,0.9305687780632227,1.0,0.9057779239361423,0.00022460194304585457,0.05219899700023234,0.28768789302557707
NFCorpus_train,PLAIN-1746,obesogens,0,bm25,0.8162073454410448,0.8004389661730071,0.7662449165635927,0.8065735963827292,0.8065735963827292,0.8065735963827292,1.529604196548462e-05,0.0064349549356848,0.020356115186586976
NFCorpus_train,PLAIN-1747,occupational health,0,bm25,0.049891696279297355,0.04053763680499771,0.0,0.0,0.0,0.0,0.0006282359827309847,0.054888206999748945,0.29003434907644987
NFCorpus_train,PLAIN-1748,octopus,0,bm25,0.02552195056958231,0.0,0.008425821064552664,0.0,0.0,0.0,8.555129170417786e-06,1.7475103959441185e-05,1.4530261978507042e-05
NFCorpus_train,PLAIN-1749,offal,0,bm25,0.6295214390062844,0.6138340634140332,0.5795435889915881,0.6100458831490401,0.6100458831490401,0.6100458831490401,1.2551899999380112e-05,0.008902235887944698,0.02833387884311378
NFCorpus_train,PLAIN-1753,olive oil,0,bm25,0.7781841507946333,0.46079106931702074,0.3219482200426948,0.7665376292224904,0.44229688620688046,0.3388928632028366,0.00015340116806328297,0.054163550958037376,0.28838094510138035
NFCorpus_train,PLAIN-1754,olives,1,l6,0.6295332194569775,0.6835348796815882,0.13544298087976997,0.6100458831490401,0.6778886058446232,0.1425715588208105,4.762108437716961e-05,0.04803330427967012,0.22962016216479242
NFCorpus_train,PLAIN-1755,omega-3 fatty acids,2,bge,0.4569378567863338,0.5747813453162159,0.7545220152075593,0.4284394292029895,0.5626669470617608,0.7942337002184836,0.00046385987661778927,0.056829461827874184,0.2913657680619508
NFCorpus_train,PLAIN-1756,omnivores,2,bge,0.19661287427441176,0.2390496242882862,0.31882930571913526,0.15434286192214686,0.209097563888675,0.3356097954938266,7.459986954927444e-05,0.05571553995832801,0.29039499280042946
NFCorpus_train,PLAIN-1757,onions,0,bm25,0.7477540340971416,0.7256326901389508,0.6650110429468946,0.7345000466603374,0.7268712872705927,0.7000116241546259,1.8939143046736717e-05,0.013426752295345068,0.04507124121300876
NFCorpus_train,PLAIN-1758,oolong tea,0,bm25,0.6817943608444546,0.6608018722098916,0.3383075238371344,0.6650688247235601,0.6526174419698506,0.3561131829864573,0.00012014596723020077,0.052491229958832264,0.2857537171803415
NFCorpus_train,PLAIN-1759,optimal diet,0,bm25,0.049871866389349095,0.040566745936972716,0.0,0.0,0.0,0.0,0.0007396810688078403,0.05445565306581557,0.2886366290040314
NFCorpus_train,PLAIN-1760,oral cancer,1,l6,0.8831600012802013,0.913993324571509,0.8662574493633711,0.8771343357298969,0.9194787060880301,0.9118499466982855,0.0006773858331143856,0.05477849789895117,0.28796092979609966
NFCorpus_train,PLAIN-1763,orange juice,0,bm25,0.922295271467402,0.5852768588925914,0.833277618943402,0.9182293066898519,0.5734281117830955,0.8771343357298969,0.00013017305172979832,0.05467553297057748,0.28837770922109485
NFCorpus_train,PLAIN-1764,oranges,0,bm25,0.9651422975569828,0.9075819229379067,0.8343126716501914,0.96331803895032,0.9134066833258869,0.8782238648949383,4.70851082354784e-05,0.0485923970118165,0.23926707403734326
NFCorpus_train,PLAIN-1765,oregano,0,bm25,0.6295010645150337,0.618799287276247,0.5795435889915881,0.6100458831490401,0.6100458831490401,0.6100458831490401,1.4437129721045494e-05,0.003647708101198077,0.01697508222423494
NFCorpus_train,PLAIN-1766,Oregon,0,bm25,0.04996396502960746,0.035107819341675374,0.0,0.0,0.0,0.0,1.488393172621727e-05,0.006151085952296853,0.020652065984904766
NFCorpus_train,PLAIN-1767,organ meats,0,bm25,0.0499270629975751,0.04055336648376803,0.0,0.0,0.0,0.0,0.000421163160353899,0.05454808799549937,0.28871707525104284
NFCorpus_train,PLAIN-1768,organic,0,bm25,0.04996323972181774,0.040111785363868585,0.0,0.0,0.0,0.0,0.0002089871559292078,0.056215838296338916,0.2842567660845816
NFCorpus_train,PLAIN-1769,organic foods,0,bm25,0.9998680045356063,0.990238136990475,0.95,1.0,1.0,1.0,0.0007591559551656246,0.056144174886867404,0.28756895498372614
NFCorpus_train,PLAIN-1770,organic milk,0,bm25,0.7673779974786703,0.6345709304445795,0.5951477838146372,0.755191687263857,0.6264713513838286,0.6264713513838286,0.00031165103428065777,0.06092341896146536,0.28800351498648524
NFCorpus_train,PLAIN-1773,orgasm,1,l6,0.2485803335989684,0.2830699961882755,0.25104859520645745,0.20906376813555871,0.26426167916469206,0.26426167916469206,1.718592830002308e-05,0.0102154859341681,0.028410127852112055
NFCorpus_train,PLAIN-1774,Orville Redenbacher,0,bm25,0.01989575557214461,0.0,0.010969659805908073,0.0,0.0,0.0,5.258014425635338e-06,8.733011782169342e-06,6.817048415541649e-06
NFCorpus_train,PLAIN-1776,osteoarthritis,1,l6,0.9321604933818697,0.9586451970850196,0.9185292438591651,0.9286024279819314,0.9681896059005242,0.9668728882728055,2.6946887373924255e-05,0.02539969189092517,0.11405413085594773
NFCorpus_train,PLAIN-1777,osteoporosis,2,bge,0.7275767392409289,0.8539189620161268,0.885549413439196,0.7132538492665845,0.859181398634312,0.9321572773044169,2.7101952582597733e-05,0.023127714172005653,0.09398937202058733
NFCorpus_train,PLAIN-1778,Outback Steakhouse,0,bm25,0.8162107029831064,0.8063979001252383,0.7662449165635927,0.8065735963827292,0.8065735963827292,0.8065735963827292,1.156982034444809e-05,0.003329911967739463,0.016908227931708097
NFCorpus_train,PLAIN-1779,ovarian cancer,0,bm25,0.8487008545337743,0.7985306726237767,0.453377701356049,0.840840418109472,0.7979297594456456,0.47723968563794633,0.0005644268821924925,0.05498642008751631,0.28932306286878884
NFCorpus_train,PLAIN-1780,ovary health,2,bge,0.04989341193513459,0.040438838364486265,0.30345966083993836,0.0,0.0,0.31943122193677725,0.0006218710914254189,0.055783075047656894,0.2917170380242169
NFCorpus_train,PLAIN-1781,overeating,0,bm25,0.04997708131806308,0.036448843083886455,0.0,0.0,0.0,0.0,1.7244135960936546e-05,0.010195961222052574,0.03762026107870042
NFCorpus_train,PLAIN-1785,Oxford,0,bm25,0.04998554087328002,0.038769037996260344,0.0,0.0,0.0,0.0,1.9973143935203552e-05,0.01551391207613051,0.06906760111451149
NFCorpus_train,PLAIN-1786,oxidative stress,1,l6,0.8770069204124014,0.9271748421202988,0.9170201695800307,0.8705951055051937,0.9334739949321356,0.9652843890316114,0.00033806683495640755,0.05569153884425759,0.2892930777743459
NFCorpus_train,PLAIN-1787,oyster mushrooms,0,bm25,0.049986232539310525,0.038783283221855806,0.0,0.0,0.0,0.0,3.7757912650704384e-05,0.030762376729398966,0.13712736684828997
NFCorpus_train,PLAIN-1788,oysters,1,l6,0.5209575721747869,0.787146460074178,0.7639505342068023,0.495763091153799,0.7897501766975346,0.8041584570597919,1.7289072275161743e-05,0.013059292919933796,0.04978303611278534
NFCorpus_train,PLAIN-1789,paclitaxel,0,bm25,0.04997264866764125,0.03978160070495056,0.0,0.0,0.0,0.0,9.34419222176075e-06,0.0034909702371805906,0.01708178617991507
NFCorpus_train,PLAIN-1790,paella,0,bm25,0.018295066818311063,0.0,0.0092976969007677,0.0,0.0,0.0,4.153931513428688e-06,6.550922989845276e-06,5.33275306224823e-06
NFCorpus_train,PLAIN-1791,pain,0,bm25,0.8967844545428911,0.8929196685172089,0.5447567061939407,0.8913696435738852,0.8974416663360282,0.5734281117830955,9.874021634459496e-05,0.05703256535343826,0.2955081381369382
NFCorpus_train,PLAIN-1792,paleolithic diets,0,bm25,0.7267189599089471,0.44090538582748595,0.40075592841126906,0.7124630069083355,0.4218483456960727,0.4218483456960727,0.0006993759889155626,0.05698448000475764,0.2892453868407756
NFCorpus_train,PLAIN-1795,pancakes,0,bm25,0.04996126979733034,0.03946531677738063,0.0,0.0,0.0,0.0,1.3507204130291939e-05,0.00367398327216506,0.017437559319660068
NFCorpus_train,PLAIN-1796,pancreas health,0,bm25,0.4506482377280354,0.2245544934559644,0.20421745395530658,0.4218483456960727,0.19393003984073964,0.21496574100558588,0.00062600988894701,0.05626463983207941,0.2906518327072263
NFCorpus_train,PLAIN-1797,pancreatic cancer,2,bge,0.6578550558602407,0.9377270163775936,0.95,0.6399541168509599,0.94497705842548,1.0,0.0005860240198671818,0.05782574601471424,0.289094353094697
NFCorpus_train,PLAIN-1798,pancreatic enzymes,0,bm25,0.9999714559858693,0.4354033966943454,0.2483650805429772,1.0,0.41666666666666663,0.26143692688734443,0.0001641439739614725,0.059977942844852805,0.287527838954702
NFCorpus_train,PLAIN-1799,pancreatitis,1,l6,0.04999191362473297,0.17121889987654673,0.0,0.0,0.1372279105955888,0.0,4.584318958222866e-05,0.0518595592584461,0.2834594491869211
NFCorpus_train,PLAIN-1801,papaya,0,bm25,0.049971119829917976,0.03125346697489647,0.0,0.0,0.0,0.0,1.2832926586270332e-05,0.008330036886036396,0.0222175398375839
NFCorpus_train,PLAIN-1802,paralysis,0,bm25,0.04997463153781987,0.03203714384833243,0.0,0.0,0.0,0.0,1.4101853594183922e-05,0.009985215729102492,0.027794064721092582
NFCorpus_train,PLAIN-1803,Paramide Plus,0,bm25,0.049984698985845094,0.04057488547118127,0.0,0.0,0.0,0.0,8.962908759713173e-05,0.05520970094949007,0.2928861011750996
NFCorpus_train,PLAIN-1806,parkinsonism-dementia complex,0,bm25,0.04997201937752001,0.04046576207444843,0.0,0.0,0.0,0.0,0.0001595490612089634,0.05436543491668999,0.2851063469424844
NFCorpus_train,PLAIN-1808,pasta,0,bm25,0.353433970180635,0.20164725646502724,0.13544298087976997,0.31943122193677725,0.1723941821847754,0.1425715588208105,1.968606375157833e-05,0.009292761096730828,0.03831366007216275
NFCorpus_train,PLAIN-1809,pasteurization,1,l6,0.5241185635476088,0.5257269282881554,0.4741398972965461,0.4990946287332064,0.5153606369886217,0.4990946287332064,1.544598489999771e-05,0.010038977954536676,0.03620082186535001
NFCorpus_train,PLAIN-1810,patent,0,bm25,0.04997965376071026,0.03735354086213152,0.0,0.0,0.0,0.0,1.744297333061695e-05,0.0108418979216367,0.042865349911153316
NFCorpus_train,PLAIN-1812,PBCs,0,bm25,0.020855213803450862,0.0,0.0062316715542522,0.0,0.0,0.0,3.9800070226192474e-06,6.827991455793381e-06,5.976995453238487e-06
NFCorpus_train,PLAIN-1813,PBDEs,0,bm25,0.4529419592255592,0.3033879254380578,0.2052253322542913,0.4241600541525502,0.27882813967616116,0.21602666553083294,2.278899773955345e-05,0.025965180015191436,0.11290379706770182
NFCorpus_train,PLAIN-1814,PCBs,1,l6,0.4791435637565861,0.7607723506548858,0.7555954602987612,0.45174133330049643,0.7587306249563079,0.7953636424197487,5.1677925512194633e-05,0.048389120027422905,0.24142067786306143
NFCorpus_train,PLAIN-1815,PCOS,2,bge,0.04998850004358231,0.03823446742668903,0.08223049826085722,0.0,0.0,0.08655841922195498,2.693803980946541e-05,0.02756013791076839,0.11712235608138144
NFCorpus_train,PLAIN-1818,peanuts,0,bm25,0.4737611686103684,0.44633131176848795,0.2510481087088973,0.4460789239920432,0.4318118535344623,0.2642611670619972,2.629193477332592e-05,0.026445710798725486,0.0951972920447588
NFCorpus_train,PLAIN-1819,pears,0,bm25,0.6954844671530025,0.6675682035199697,0.6245680620671247,0.6794771050858174,0.6650688247235601,0.6574400653338155,1.9207829609513283e-05,0.014569668797776103,0.0511317637283355
NFCorpus_train,PLAIN-1820,peas,2,bge,0.722244209659241,0.35531822715247885,0.8030577445488999,0.7076403835443706,0.3356587390800658,0.845323941630421,2.4275854229927063e-05,0.02325174887664616,0.08575187274254858
NFCorpus_train,PLAIN-1821,pecans,0,bm25,0.04997234813481971,0.04009017658943573,0.0,0.0,0.0,0.0,9.435927495360374e-06,0.003381629940122366,0.017062009079381824
NFCorpus_train,PLAIN-1822,penicillin,0,bm25,0.04997586514011896,0.04002672993286594,0.0,0.0,0.0,0.0,8.250121027231216e-06,0.0034092050045728683,0.017091711051762104
NFCorpus_train,PLAIN-1823,penile bone,0,bm25,0.049983756222632375,0.04093212009948583,0.0,0.0,0.0,0.0,9.357999078929424e-05,0.05223982688039541,0.28804873605258763
NFCorpus_train,PLAIN-1824,penis cancer,0,bm25,0.3906020966860506,0.34347018128657725,0.0923548304199692,0.35863035642611496,0.31943122193677725,0.09721561096838863,0.000558061059564352,0.05762486020103097,0.2884277398698032
NFCorpus_train,PLAIN-1825,penis health,0,bm25,0.695397694964539,0.6857613078339204,0.6455032498315265,0.6794771050858174,0.6794771050858174,0.6794771050858174,0.0006119681056588888,0.05648017907515168,0.28988151997327805
NFCorpus_train,PLAIN-1828,pepper,1,l6,0.6745537271765834,0.7201473529538325,0.2886094313246331,0.6574400653338155,0.718676239575155,0.3037994013943507,2.7493806555867195e-05,0.024156901985406876,0.09589820890687406
NFCorpus_train,PLAIN-1829,peppermint,0,bm25,0.8544790088954799,0.816420886512062,0.7823505748343867,0.8468317346717831,0.8202957064515055,0.8235269208783019,2.857111394405365e-05,0.03298537619411945,0.12824761820957065
NFCorpus_train,PLAIN-1830,peppermint oil,1,l6,0.6879215789947529,0.7132749774101789,0.2648867326923531,0.6715213557100124,0.7080797749319674,0.27882813967616116,0.00013721594586968422,0.054407384945079684,0.2893760858569294
NFCorpus_train,PLAIN-1831,peppers,0,bm25,0.44616062934588563,0.3336287736833241,0.3336795352344405,0.4170257223321078,0.3116553492467726,0.35124161603625315,2.5976914912462234e-05,0.0234123847912997,0.09407242783345282
NFCorpus_train,PLAIN-1832,Pepsi,0,bm25,0.019322037948668932,0.0,0.004824833914830568,0.0,0.0,0.0,5.977926775813103e-06,9.743031114339828e-06,8.802860975265503e-06
NFCorpus_train,PLAIN-1833,perfluorochemicals,0,bm25,0.8312713857098163,0.81344376389635,0.7812916310528986,0.8224122432135774,0.8224122432135774,0.8224122432135774,1.027015969157219e-05,0.0090539560187608,0.025364252040162683
NFCorpus_train,PLAIN-1834,periodontal disease,0,bm25,0.6248420594863691,0.5856169652820898,0.5416377918703811,0.6052385058825713,0.5734281117830955,0.5701450440740854,0.00076697813346982,0.05211064522154629,0.2850772561505437
NFCorpus_train,PLAIN-1835,persin,0,bm25,0.0269802371541502,0.0,0.010404040404040405,0.0,0.0,0.0,6.102025508880615e-06,1.3253884389996529e-05,1.0496005415916443e-05
NFCorpus_train,PLAIN-1838,petroleum jelly,0,bm25,0.9999827659183267,0.9855016885892658,0.95,1.0,1.0,1.0,1.306505873799324e-05,0.010991086950525641,0.037904714001342654
NFCorpus_train,PLAIN-1839,pets,1,l6,0.5260327277977496,0.8016490468018052,0.5114179174758791,0.5011018655665632,0.8041584570597919,0.5383346499746096,2.6623951271176338e-05,0.023319763829931617,0.09478432592004538
NFCorpus_train,PLAIN-1840,petunidin,0,bm25,0.02713957148045031,0.00851107614090304,0.0,0.0,0.0,0.0,4.397006705403328e-06,7.980037480592728e-06,9.617069736123085e-06
NFCorpus_train,PLAIN-1841,Pew Commission,0,bm25,0.04998196320378611,0.036873532165386656,0.0,0.0,0.0,0.0,1.344294287264347e-05,0.009783242829144001,0.037265328923240304
NFCorpus_train,PLAIN-1842,Pfizer,0,bm25,0.049953216240991444,0.03723916675167872,0.0,0.0,0.0,0.0,1.6862060874700546e-05,0.004599330015480518,0.018021276220679283
NFCorpus_train,PLAIN-1843,pH,1,l6,0.7505117281340377,0.8544809546646668,0.6977750443273205,0.7373950709400923,0.8558089743028391,0.7345000466603374,7.813889533281326e-05,0.049091444816440344,0.28750241291709244
NFCorpus_train,PLAIN-1844,pharmacists,0,bm25,0.026628034925761324,0.0,0.010329108135530247,0.0,0.0,0.0,7.6158903539180756e-06,1.6292789950966835e-05,1.2926990166306496e-05
NFCorpus_train,PLAIN-1845,pheasants,0,bm25,0.747874772687285,0.7350567463778046,0.6979073948608093,0.7346393630113782,0.7346393630113782,0.7346393630113782,1.1760042980313301e-05,0.004632560070604086,0.018024615943431854
NFCorpus_train,PLAIN-1848,Phillip Morris,0,bm25,0.049973642590673634,0.04022899332051499,0.0,0.0,0.0,0.0,8.939066901803017e-06,0.003313818946480751,0.016957408050075173
NFCorpus_train,PLAIN-1849,PhIP,1,l6,0.5916239800915206,0.877538812272428,0.7807899954080646,0.5701450440740854,0.8831745958784474,0.8218842056926996,3.712112084031105e-05,0.030846215086057782,0.1343821140471846
NFCorpus_train,PLAIN-1850,phosgene,0,bm25,0.02655989693240632,0.0,0.01130522668206757,0.0,0.0,0.0,4.9138907343149185e-06,1.0481802746653557e-05,8.111819624900818e-06
NFCorpus_train,PLAIN-1851,phosphate additives,1,l6,0.23057714211811933,0.3653706971981011,0.31717843486004443,0.19016188295518532,0.34196959768062984,0.3338720366947836,0.0004454469308257103,0.05521351587958634,0.2905845867935568
NFCorpus_train,PLAIN-1852,phosphorus,0,bm25,0.860240854511378,0.8065182317067859,0.49661331879484444,0.8529037574339263,0.8106083306620323,0.52275086188931,3.336789086461067e-05,0.025540880858898163,0.09417949500493705
NFCorpus_train,PLAIN-1853,phthalates,1,l6,0.5631446234172413,0.8536485489013083,0.509871322252367,0.5401674966816115,0.8591875136701115,0.5367066550024916,2.5365035980939865e-05,0.022008019033819437,0.08747511100955307
NFCorpus_train,PLAIN-1854,physical attraction,0,bm25,0.7640421419394184,0.14331164925457876,0.5795435889915881,0.7516621413976732,0.10811053247825145,0.6100458831490401,0.0002119690179824829,0.05397049803286791,0.2872801509220153
NFCorpus_train,PLAIN-1855,Physicians Committee for Responsible Medicine,0,bm25,0.21368097358347451,0.040327557073408155,0.0,0.1723941821847754,0.0,0.0,0.0005413149483501911,0.055998570984229445,0.28947480698116124
NFCorpus_train,PLAIN-1858,phytoestrogens,1,l6,0.3762809789293624,0.4745462411179122,0.3811418194845791,0.34346574334624846,0.4585303067457527,0.4012019152469254,3.958307206630707e-05,0.0381356009747833,0.17244145390577614
NFCorpus_train,PLAIN-1859,phytonutrients,0,bm25,0.8496641247078169,0.8440801990195903,0.7774128885517032,0.8417690923079355,0.8484202339129773,0.818329356370214,2.236105501651764e-05,0.016140142921358347,0.06770749017596245
NFCorpus_train,PLAIN-1860,phytosterols,0,bm25,0.7405083839256812,0.7168976801413991,0.6803511128287225,0.7268712872705927,0.7161590661354974,0.7161590661354974,1.751095987856388e-05,0.01218174397945404,0.04527373891323805
NFCorpus_train,PLAIN-1861,pickled vegetables,0,bm25,0.35341164747544335,0.34381568296417836,0.30345966083993836,0.31943122193677725,0.31943122193677725,0.31943122193677725,0.000275973929092288,0.05543220089748502,0.28739282488822937
NFCorpus_train,PLAIN-1862,pie,0,bm25,0.049961570472126404,0.037664155743120736,0.0,0.0,0.0,0.0,1.3869954273104668e-05,0.004452242981642485,0.018045959761366248
NFCorpus_train,PLAIN-1863,pine needles,1,l6,0.40446512998850054,0.697822753608715,0.6604305237462483,0.373151194370365,0.6951900249960509,0.6951900249960509,2.5638844817876816e-05,0.011340202763676643,0.04497307073324919
NFCorpus_train,PLAIN-1864,pine nuts,0,bm25,0.21840451151980456,0.17619381821743985,0.0923548304199692,0.17728716978919912,0.1425715588208105,0.09721561096838863,0.00010574818588793278,0.05344775598496199,0.28893294418230653
NFCorpus_train,PLAIN-1865,pineal gland,1,l6,0.6295211301205869,0.6806638279029096,0.6455032498315265,0.6100458831490401,0.6794771050858174,0.6794771050858174,3.9177946746349335e-05,0.025886344956234097,0.08722154097631574
NFCorpus_train,PLAIN-1868,pinto beans,1,l6,0.7120245020399689,0.7294268890870951,0.6690545612522528,0.6968792188230359,0.7252827880293986,0.7042679592128978,6.137811578810215e-05,0.05473529011942446,0.2853245532605797
NFCorpus_train,PLAIN-1869,piperine,0,bm25,0.7569399358788491,0.7408736464356479,0.722697429442397,0.7441752733846208,0.7441752733846208,0.7607341362551547,1.5303026884794235e-05,0.009267367888242006,0.028793409001082182
NFCorpus_train,PLAIN-1870,pistachio principle,0,bm25,0.04998923678374304,0.04039132321685681,0.0,0.0,0.0,0.0,5.0380127504467964e-05,0.04497599508613348,0.2340384430717677
NFCorpus_train,PLAIN-1871,pistachios,0,bm25,0.7927806677990238,0.7730994047659804,0.7382180252070906,0.7818942288451127,0.777071605481148,0.777071605481148,1.447601243853569e-05,0.011610712856054306,0.03839871799573302
NFCorpus_train,PLAIN-1872,pizza,0,bm25,0.35344520646539623,0.17409420536523093,0.21060512782912735,0.31943122193677725,0.1425715588208105,0.2216896082411867,1.8046004697680473e-05,0.01416872488334775,0.06242402479983866
NFCorpus_train,PLAIN-1873,Pizza Hut,0,bm25,0.8162313377932906,0.8047292516676992,0.7662449165635927,0.8065735963827292,0.8065735963827292,0.8065735963827292,1.7424114048480988e-05,0.01477676210924983,0.0641593961045146
NFCorpus_train,PLAIN-1874,placebo,1,l6,0.12768647129753263,0.24052130101853528,0.13417576199517367,0.08181039409947585,0.21041428151639363,0.14123764420544596,0.00019576912745833397,0.05492905108258128,0.29304038430564106
NFCorpus_train,PLAIN-1875,placebo effect,0,bm25,0.9032647788818536,0.8819316645818307,0.7427995174028571,0.8983805331236496,0.886418912590376,0.7818942288451127,0.0011544569861143827,0.05965893785469234,0.2934151259250939
NFCorpus_train,PLAIN-1878,plant-based diets,1,l6,0.8334809975153711,0.8937732579207534,0.8883093694646631,0.8248436385060205,0.8983805331236496,0.9350624941733297,0.0006969959940761328,0.05605780193582177,0.2893082359805703
NFCorpus_train,PLAIN-1879,plantains,0,bm25,0.6295100108260192,0.6110124043471193,0.5795435889915881,0.6100458831490401,0.6100458831490401,0.6100458831490401,1.382199116051197e-05,0.007628107909113169,0.020581813994795084
NFCorpus_train,PLAIN-1880,plasma membrane,0,bm25,0.04994871599908772,0.04091870732221466,0.0,0.0,0.0,0.0,0.00029452191665768623,0.052153491880744696,0.2871479520108551
NFCorpus_train,PLAIN-1881,plastic,1,l6,0.7120189042251093,0.7298472912252157,0.2339934812603766,0.6968792188230359,0.7268712872705927,0.2463089276425017,2.1999934688210487e-05,0.014367966912686825,0.06726304395124316
NFCorpus_train,PLAIN-1882,platelets,1,l6,0.9174983108187142,0.9253847420980005,0.850701550442,0.9131666643260041,0.9315076448508441,0.8954753162547369,4.9798982217907906e-05,0.04744940088130534,0.2484906988684088
NFCorpus_train,PLAIN-1883,plums,0,bm25,0.7070676799840365,0.6921372392476792,0.6424699539578208,0.6916713899923173,0.6916713899923173,0.6762841620608641,2.076593227684498e-05,0.015414841938763857,0.05155265098437667
NFCorpus_train,PLAIN-1884,plutonium,0,bm25,0.02115131467917778,0.0,0.007800317278158437,0.0,0.0,0.0,3.9800070226192474e-06,6.8980734795331955e-06,5.82193024456501e-06
NFCorpus_train,PLAIN-1885,pneumonia,0,bm25,0.6954874653569193,0.6669146729404241,0.6167827667564588,0.6794771050858174,0.6650688247235601,0.6492450176383777,1.4080898836255074e-05,0.01329251704737544,0.04460363485850394
NFCorpus_train,PLAIN-1888,Poland,0,bm25,0.6860778588725134,0.6692317495184574,0.6361010975049676,0.669580102636808,0.669580102636808,0.669580102636808,1.261802390217781e-05,0.009159654146060348,0.027148809051141143
NFCorpus_train,PLAIN-1889,polonium,0,bm25,0.6366229128716447,0.6270594674886618,0.5866466359718805,0.6175227747072427,0.6175227747072427,0.6175227747072427,8.156057447195053e-06,0.0032960909884423018,0.017190117156133056
NFCorpus_train,PLAIN-1890,polycarbonate plastic,0,bm25,0.7104162388813978,0.6999285294164871,0.6604305237462483,0.6951900249960509,0.6951900249960509,0.6951900249960509,1.8537044525146484e-05,0.013628125889226794,0.06488351384177804
NFCorpus_train,PLAIN-1891,polychlorinated naphthalenes,0,bm25,0.04999002895111901,0.04014095539607111,0.0,0.0,0.0,0.0,5.529704503715038e-05,0.05467589618638158,0.27728800498880446
NFCorpus_train,PLAIN-1892,polycyclic aromatic hydrocarbons,0,bm25,0.700192997984068,0.6533553301198299,0.6143914519887841,0.6844278360693264,0.6447614941174287,0.6467278441987201,7.716496475040913e-05,0.05261345091275871,0.2869379280600697
NFCorpus_train,PLAIN-1893,polycyclic hydrocarbons,1,l6,0.14234233514438854,0.15525100960207822,0.13544298087976997,0.09721561096838863,0.12253246782267099,0.1425715588208105,4.8424117267131805e-05,0.04322938108816743,0.19376970501616597
NFCorpus_train,PLAIN-1894,polyethylene plastic,0,bm25,0.04998211162546605,0.0373315679896413,0.0,0.0,0.0,0.0,2.8776004910469055e-05,0.02037898194976151,0.08043214003555477
NFCorpus_train,PLAIN-1895,polymyositis,0,bm25,0.668702159668555,0.6600717110019463,0.6187361464119363,0.6513012067494067,0.6513012067494067,0.6513012067494067,1.1147931218147278e-05,0.002842006040737033,0.01640041102655232
NFCorpus_train,PLAIN-1898,polyps,0,bm25,0.6954867971134155,0.6581052548522333,0.619986569871358,0.6794771050858174,0.6650688247235601,0.6526174419698506,1.563294790685177e-05,0.02252875198610127,0.04750870889984071
NFCorpus_train,PLAIN-1899,polyradiculoneuropathy,0,bm25,0.7809533173468629,0.7668218398320522,0.730970703786833,0.7694428460914032,0.7694428460914032,0.7694428460914032,1.2655975297093391e-05,0.010299271903932095,0.03639610903337598
NFCorpus_train,PLAIN-1900,Polysorbate 80,0,bm25,0.0499838073933084,0.0411307018789595,0.0,0.0,0.0,0.0,9.345891885459423e-05,0.051190955797210336,0.2885851569008082
NFCorpus_train,PLAIN-1901,pomegranate juice,0,bm25,0.7826021578786682,0.7374179514903416,0.6977750443273205,0.7711820077100174,0.7345000466603374,0.7345000466603374,0.00011813710443675518,0.05896817520260811,0.28467532410286367
NFCorpus_train,PLAIN-1902,pomegranates,0,bm25,0.8276235268173331,0.8083336948851105,0.7754572029719613,0.8185761898947927,0.813753566530828,0.8162707399704856,2.2302847355604172e-05,0.013774444814771414,0.04674947075545788
NFCorpus_train,PLAIN-1904,popcorn,0,bm25,0.7478790634835792,0.7385708648488348,0.6979073948608093,0.7346393630113782,0.7346393630113782,0.7346393630113782,9.484821930527687e-06,0.0031256978400051594,0.016739076701924205
NFCorpus_train,PLAIN-1905,popcorn lung,1,l6,0.7478914190338012,0.8792829637877899,0.8385463025695953,0.7346393630113782,0.8826803184943108,0.8826803184943108,9.18449368327856e-05,0.05325488094240427,0.2874497100710869
NFCorpus_train,PLAIN-1906,poppy seeds,0,bm25,0.9999868086026926,0.9909946776400146,0.95,1.0,1.0,1.0,7.57039524614811e-05,0.051680536940693855,0.28694440284743905
NFCorpus_train,PLAIN-1910,pork brains,0,bm25,0.35342589449881406,0.3438462663758613,0.30345966083993836,0.31943122193677725,0.31943122193677725,0.31943122193677725,0.0001960929948836565,0.0558283559512347,0.29036754998378456
NFCorpus_train,PLAIN-1911,pork rinds,2,bge,0.26059374229437865,0.04047084563782847,0.5795435889915881,0.2216896082411867,0.0,0.6100458831490401,6.587081588804722e-05,0.055130759021267295,0.28927414189092815
NFCorpus_train,PLAIN-1912,portobello mushrooms,0,bm25,0.04998495262748643,0.03669202312437096,0.0,0.0,0.0,0.0,2.8306152671575546e-05,0.02503411308862269,0.09405679511837661
NFCorpus_train,PLAIN-1913,potassium,0,bm25,0.797492524604918,0.770229074142874,0.725375585904259,0.7868449598286218,0.7692156576287261,0.7635532483202727,4.8697227612137794e-05,0.05031565926037729,0.23901107930578291
NFCorpus_train,PLAIN-1914,potassium sorbate,0,bm25,0.9201291116796367,0.9099988959242803,0.8701394202712192,0.9159362318644413,0.9159362318644413,0.9159362318644413,4.9541937187314034e-05,0.04873422486707568,0.24029440293088555
NFCorpus_train,PLAIN-1915,potato chips,0,bm25,0.7777534636181146,0.768091743756588,0.7698620850893874,0.7660704217599303,0.7660704217599303,0.8103811421993552,7.721199654042721e-05,0.05559538514353335,0.2873099921271205
NFCorpus_train,PLAIN-1916,potatoes,1,l6,0.8587388644281956,0.8822594575752707,0.4837708794920131,0.8513152581927322,0.8860308691611208,0.5092325047284348,6.101513281464577e-05,0.05435172119177878,0.28697190107777715
NFCorpus_train,PLAIN-1917,poultry,1,l6,0.9627470867323928,0.9910038199950583,0.95,0.9608008655106623,1.0,1.0,7.888092659413815e-05,0.05166370887309313,0.28714248072355986
NFCorpus_train,PLAIN-1920,prebiotics,0,bm25,0.04998466895037752,0.03789776134941591,0.0,0.0,0.0,0.0,2.0022038370370865e-05,0.015805277042090893,0.06529898103326559
NFCorpus_train,PLAIN-1921,Precose,0,bm25,0.02368820939031198,0.0,0.010102028158531291,0.0,0.0,0.0,3.950903192162514e-06,7.50785693526268e-06,5.990965291857719e-06
NFCorpus_train,PLAIN-1922,prediabetes,0,bm25,0.9999839579889346,0.9868884699747887,0.95,1.0,1.0,1.0,2.730404958128929e-05,0.022316270973533392,0.0851017041131854
NFCorpus_train,PLAIN-1923,PREDIMED,1,l6,0.8530438074713533,0.8585288958248509,0.7791467717194875,0.845323941630421,0.8657235385549895,0.820154496546829,2.3690983653068542e-05,0.02364234789274633,0.08499265206046402
NFCorpus_train,PLAIN-1924,pregnancy,0,bm25,0.9201125628231649,0.8480151935174577,0.7761383061209187,0.9159238567655447,0.849736951540696,0.8169876906535987,8.719600737094879e-05,0.05332373804412782,0.28870739112608135
NFCorpus_train,PLAIN-1925,prehistoric diets,0,bm25,0.049880202374266075,0.040169219808127474,0.0,0.0,0.0,0.0,0.0006944469641894102,0.0569874020293355,0.28984170593321323
NFCorpus_train,PLAIN-1926,Premarin,0,bm25,0.027515830908779737,0.0,0.008566518341034857,0.0,0.0,0.0,7.341150194406509e-06,1.6325153410434723e-05,1.3528158888220787e-05
NFCorpus_train,PLAIN-1927,premature puberty,1,l6,0.8230552667377783,0.854134727554364,0.833277618943402,0.813753566530828,0.8577753243841305,0.8771343357298969,4.9785012379288673e-05,0.05039605591446161,0.23436035099439323
NFCorpus_train,PLAIN-1930,preservatives,1,l6,0.7117949907194168,0.7495781419924774,0.38146396433544427,0.6966391998231531,0.7468395180337083,0.40154101508994133,5.535292439162731e-05,0.044825108954682946,0.22594667179509997
NFCorpus_train,PLAIN-1931,pressure cooking,0,bm25,0.04995439154328326,0.03979582675624599,0.0,0.0,0.0,0.0,0.00026310677640140057,0.05886599374935031,0.28844077978283167
NFCorpus_train,PLAIN-1932,pretzels,0,bm25,0.04996246656844908,0.03890412183108058,0.0,0.0,0.0,0.0,1.3211043551564217e-05,0.003905534977093339,0.017599035054445267
NFCorpus_train,PLAIN-1933,prion disease,0,bm25,0.6953676159258286,0.6863807737371683,0.6318153834873821,0.6794771050858174,0.6794771050858174,0.6650688247235601,0.0007766659837216139,0.0522370629478246,0.2863096729852259
NFCorpus_train,PLAIN-1934,Pritikin,0,bm25,0.0499599719835357,0.039414094621471246,0.0,0.0,0.0,0.0,1.3917917385697365e-05,0.003680765861645341,0.017385219922289252
NFCorpus_train,PLAIN-1935,probiotics,0,bm25,0.99998720916132,0.98903306781569,0.95,1.0,1.0,1.0,4.4871121644973755e-05,0.03847273509018123,0.17540336004458368
NFCorpus_train,PLAIN-1937,processed foods,0,bm25,0.8002484765701569,0.3229294647933816,0.7133309432486916,0.789891386602211,0.2973882787891917,0.750874677103886,0.0008553098887205124,0.05529101984575391,0.28829238284379244
NFCorpus_train,PLAIN-1938,processed meat,1,l6,0.8601771163863584,0.8851872239542758,0.7522648498493273,0.8529037574339263,0.8894032934925936,0.7918577366835025,0.00047167902812361717,0.056436583166942,0.289539986057207
NFCorpus_train,PLAIN-1941,propionate,0,bm25,0.6295108007129984,0.61190306572094,0.5795435889915881,0.6100458831490401,0.6100458831490401,0.6100458831490401,1.7618993297219276e-05,0.009479249129071832,0.026867822976782918
NFCorpus_train,PLAIN-1942,Propulcid,0,bm25,0.018319670900519475,0.0,0.00811188181244933,0.0,0.0,0.0,4.912959411740303e-06,7.75395892560482e-06,6.495974957942963e-06
NFCorpus_train,PLAIN-1943,prostate cancer,1,l6,0.5927879957727481,0.9905443729924238,0.8510701916997924,0.5714617617018041,1.0,0.895863359683992,0.0005805660039186478,0.054526550928130746,0.2883285840507597
NFCorpus_train,PLAIN-1944,prostate health,1,l6,0.4612453536012375,0.9227890391777034,0.7685688398497962,0.4330123093464013,0.9289904714111865,0.8090198314208381,0.0006683459505438805,0.05602228897623718,0.28723755991086364
NFCorpus_train,PLAIN-1945,prostatectomy,0,bm25,0.43890535242979,0.4253563077458013,0.39617443621550236,0.40939696294236316,0.40939696294236316,0.4170257223321078,1.6990117728710175e-05,0.010594878112897277,0.039035549154505134
NFCorpus_train,PLAIN-1946,protein,1,l6,0.8950436990616992,0.9188004693607154,0.7294616295076986,0.8895857184836063,0.9243013294519951,0.767854346850209,0.0003595449961721897,0.0532197430729866,0.2865653990302235
NFCorpus_train,PLAIN-1947,protein powder,1,l6,0.12765179584037892,0.34408698428931983,0.30345966083993836,0.08181039409947585,0.31943122193677725,0.31943122193677725,0.00039327284321188927,0.05414361692965031,0.2888375408947468
NFCorpus_train,PLAIN-1948,Proteus mirabilis,0,bm25,0.9053044513312676,0.8903917180967282,0.855329539044694,0.900346883204941,0.900346883204941,0.900346883204941,2.2161053493618965e-05,0.013195218052715063,0.04416714492253959
NFCorpus_train,PLAIN-1951,PSA,2,bge,0.7268202307539366,0.46633677368424364,0.7292458004681553,0.7124630069083355,0.450335259050315,0.7676271583875319,2.6999972760677338e-05,0.015795842744410038,0.06878690398298204
NFCorpus_train,PLAIN-1952,pseudomembranous colitis,0,bm25,0.04998984477296166,0.039030299093909995,0.0,0.0,0.0,0.0,3.499793820083141e-05,0.037804857827723026,0.1723148978780955
NFCorpus_train,PLAIN-1954,psoriasis,1,l6,0.28886319833741747,0.3752721400821564,0.1365520354489264,0.2514567179850707,0.35699313236726377,0.14373898468308044,1.904694363474846e-05,0.012773629976436496,0.04604325885884464
NFCorpus_train,PLAIN-1955,psychosis,0,bm25,0.021333065711462453,0.0,0.006458436264822132,0.0,0.0,0.0,4.322966560721397e-06,7.539987564086914e-06,6.566056981682777e-06
NFCorpus_train,PLAIN-1956,psyllium,0,bm25,0.8162269037110796,0.8035718224577907,0.7662449165635927,0.8065735963827292,0.8065735963827292,0.8065735963827292,1.295609399676323e-05,0.00911536905914545,0.03596347104758024
NFCorpus_train,PLAIN-1957,PTH,0,bm25,0.04997579386220982,0.03502993848706661,0.0,0.0,0.0,0.0,1.1719996109604836e-05,0.0072481229435652494,0.024208727991208434
NFCorpus_train,PLAIN-1958,puberty,2,bge,0.884743153026684,0.8786629676414264,0.8868002951855287,0.8786910723574983,0.8851021949626574,0.9334739949321356,2.294708974659443e-05,0.020918453112244606,0.08584311907179654
NFCorpus_train,PLAIN-1960,puffer fish,0,bm25,0.7103960242501103,0.7009430343886265,0.6604305237462483,0.6951900249960509,0.6951900249960509,0.6951900249960509,0.00019867904484272003,0.05463747400790453,0.28794485004618764
NFCorpus_train,PLAIN-1963,pumpkin seeds,1,l6,0.3534466184044728,0.6202884069696074,0.5795435889915881,0.31943122193677725,0.6100458831490401,0.6100458831490401,7.504597306251526e-05,0.05325417499989271,0.28769923094660044
NFCorpus_train,PLAIN-1964,Purevia,0,bm25,0.024288372785469706,0.0,0.008597588209021885,0.0,0.0,0.0,8.042203262448311e-06,1.5639234334230423e-05,1.2950040400028229e-05
NFCorpus_train,PLAIN-1965,purines,0,bm25,0.6745523135408316,0.6549224840084972,0.3557314553357324,0.6574400653338155,0.6526174419698506,0.3744541635112973,1.5908852219581604e-05,0.01521744392812252,0.05050901882350445
NFCorpus_train,PLAIN-1966,purple potatoes,0,bm25,0.35344641203659816,0.20452604100378818,0.30345966083993836,0.31943122193677725,0.1723941821847754,0.31943122193677725,7.60830007493496e-05,0.05311034107580781,0.2871315951924771
NFCorpus_train,PLAIN-1967,purslane,0,bm25,0.9999495858892362,0.9901343248491771,0.95,1.0,1.0,1.0,1.694401726126671e-05,0.0033158210571855307,0.016804835991933942
NFCorpus_train,PLAIN-1968,pus,0,bm25,0.019537789639694287,0.0,0.01061102349468236,0.0,0.0,0.0,3.5078264772892e-06,5.757668986916542e-06,4.535773769021034e-06
NFCorpus_train,PLAIN-1969,putrescine,0,bm25,0.7672653838670989,0.7491459967272212,0.7022502207117653,0.755034565729146,0.7516621413976732,0.7392107586439636,1.3636890798807144e-05,0.01166753494180739,0.039066180819645524
NFCorpus_train,PLAIN-1970,QALY,0,bm25,0.3733009883350729,0.36036834947734814,0.27875508343640726,0.34033827903669656,0.34033827903669656,0.2934264036172708,1.4566117897629738e-05,0.009259334998205304,0.03574200510047376
NFCorpus_train,PLAIN-1973,quinoa,0,bm25,0.01913873873873874,0.0,0.007019819819819823,0.0,0.0,0.0,3.987923264503479e-06,6.461050361394882e-06,5.553942173719406e-06
NFCorpus_train,PLAIN-1974,Quorn,0,bm25,0.021893286110255622,0.0,0.011314290113951343,0.0,0.0,0.0,1.6998965293169022e-06,3.0240043997764587e-06,2.339715138077736e-06
NFCorpus_train,PLAIN-1975,rabbit meat,0,bm25,0.049956179714568394,0.03922732884978732,0.0,0.0,0.0,0.0,0.0002583959139883518,0.0635234157089144,0.2948359549045563
NFCorpus_train,PLAIN-1976,rabies,0,bm25,0.7209172499321995,0.7067910804925361,0.6709525954489629,0.7062658899462768,0.7062658899462768,0.7062658899462768,1.8396880477666855e-05,0.007370883831754327,0.026024347869679332
NFCorpus_train,PLAIN-1977,ractopamine,0,bm25,0.049981713743457196,0.03452451020181836,0.0,0.0,0.0,0.0,1.354212872684002e-05,0.011460578301921487,0.037028160179033875
NFCorpus_train,PLAIN-1978,radiation,0,bm25,0.959547126239399,0.9501666528503361,0.8177217200220308,0.9574284411791896,0.9574284411791896,0.8607597052863483,4.95340209454298e-05,0.04701791191473603,0.2503518529701978
NFCorpus_train,PLAIN-1980,radishes,0,bm25,0.2541987774293706,0.2346687542924903,0.1986223360727326,0.21496574100558588,0.2090761432344554,0.2090761432344554,1.6049016267061234e-05,0.011990520171821117,0.04296574299223721
NFCorpus_train,PLAIN-1981,raisins,0,bm25,0.9697655853791787,0.9576985022853418,0.8883093694646631,0.9681896059005242,0.9681896059005242,0.9350624941733297,1.970399171113968e-05,0.016372248996049166,0.06775682605803013
NFCorpus_train,PLAIN-1984,rash,2,bge,0.18542988517977205,0.20172584980564168,0.5795435889915881,0.1425715588208105,0.1723941821847754,0.6100458831490401,1.6869977116584778e-05,0.015521125169470906,0.0644103679805994
NFCorpus_train,PLAIN-1985,raspberries,0,bm25,0.7072112522022749,0.4385288919099718,0.17029084387696597,0.6918165764591883,0.4218483456960727,0.1792535198704905,2.164999023079872e-05,0.018261972814798355,0.07467865501530468
NFCorpus_train,PLAIN-1986,raw food,0,bm25,0.3009241322456375,0.11810816109013063,0.24207588396996216,0.2642611670619972,0.08181039409947585,0.25481671996838123,0.0007167130243033171,0.05556570924818516,0.28905205288901925
NFCorpus_train,PLAIN-1987,Ray Cronice,0,bm25,0.04996503249282549,0.03954052321949303,0.0,0.0,0.0,0.0,1.2072036042809486e-05,0.003610986052080989,0.017261791042983532
NFCorpus_train,PLAIN-1988,recipes,0,bm25,0.04998076890035133,0.03494854356580838,0.0,0.0,0.0,0.0,1.7277896404266357e-05,0.013522757915779948,0.04492175881750882
NFCorpus_train,PLAIN-1989,rectal cancer,2,bge,0.7074517765917204,0.45121143387135276,0.7489268973249855,0.6921556763022041,0.4334003527756564,0.7883441024473532,0.000567904906347394,0.062151381047442555,0.29542715288698673
NFCorpus_train,PLAIN-1992,red dye #3,0,bm25,0.8933978770134425,0.8760564336739355,0.8909317895451984,0.8878693091218036,0.8799168165515983,0.9378229363633668,0.00045365607365965843,0.05739773716777563,0.29092955798842013
NFCorpus_train,PLAIN-1993,red meat,0,bm25,0.35340306233542423,0.1916604391774869,0.24784430559399814,0.31943122193677725,0.15921442887235102,0.26088874273052437,0.0003268891014158726,0.055406673112884164,0.28877892112359405
NFCorpus_train,PLAIN-1996,red wine,0,bm25,0.7849888663249484,0.7683492782340551,0.7140790343277895,0.7736991811496752,0.7663104407598132,0.7516621413976732,0.00014469982124865055,0.055045561864972115,0.2853390707168728
NFCorpus_train,PLAIN-1997,red yeast rice,0,bm25,0.655535422530444,0.6459384596837487,0.6055662581342881,0.6374381664571455,0.6374381664571455,0.6374381664571455,0.00017799902707338333,0.055576623883098364,0.28862581704743207
NFCorpus_train,PLAIN-2000,reindeer meat,1,l6,0.21372745968103213,0.34397512276986586,0.0923548304199692,0.1723941821847754,0.31943122193677725,0.09721561096838863,0.00027183000929653645,0.05483930907212198,0.28909847093746066
NFCorpus_train,PLAIN-2002,reproductive health,0,bm25,0.7993915111986097,0.7821722654746612,0.7960384411785312,0.7889525198145896,0.7810965719621676,0.8379352012405592,0.0006556990556418896,0.057075829012319446,0.2891532341018319
NFCorpus_train,PLAIN-2003,respiratory infections,1,l6,0.9222791173793731,0.958971956843211,0.95,0.9182293066898519,0.9668728882728055,1.0,0.0002264450304210186,0.05588786001317203,0.2923834971152246
NFCorpus_train,PLAIN-2004,restaurants,2,bge,0.7190389018959189,0.7310993847010423,0.7427995174028571,0.7042679592128978,0.7288376373518841,0.7818942288451127,2.6752008125185966e-05,0.019298405153676867,0.08541860710829496
NFCorpus_train,PLAIN-2005,resveratrol,0,bm25,0.04998473731492642,0.039221158329161426,0.0,0.0,0.0,0.0,2.071610651910305e-05,0.014630167046561837,0.06786520988680422
NFCorpus_train,PLAIN-2006,reticuloendotheliosis virus,2,bge,0.7303410100798897,0.7372442681699167,0.7487535935835234,0.7161590661354974,0.733561179872716,0.7881616774563405,5.043996497988701e-05,0.04812387214042246,0.24963485589250922
NFCorpus_train,PLAIN-2010,rheumatoid arthritis,0,bm25,0.9999865334835449,0.9901847726382584,0.9197801256054979,1.0,1.0,0.9681896059005242,7.744412869215012e-05,0.05644605518318713,0.2875432891305536
NFCorpus_train,PLAIN-2011,rhubarb,0,bm25,0.049965483617969694,0.03778662204771636,0.0,0.0,0.0,0.0,1.2171920388936996e-05,0.004306948045268655,0.017632091883569956
NFCorpus_train,PLAIN-2012,riboflavin,1,l6,0.3197530460285573,0.7306208763279982,0.37813890770878594,0.2839863481723558,0.7346393630113782,0.3980409554829326,1.8910039216279984e-05,0.009618693264201283,0.027821372030302882
NFCorpus_train,PLAIN-2013,rice,0,bm25,0.9670093357292586,0.9233591326878585,0.885549413439196,0.9652843890316114,0.9305687780632227,0.9321572773044169,4.201708361506462e-05,0.041425080969929695,0.1939157391898334
NFCorpus_train,PLAIN-2014,rice bran,0,bm25,0.7484117747363558,0.43714768868945947,0.3857121365187952,0.735182641392979,0.4173987837170109,0.40601277528294233,6.761704571545124e-05,0.05405610310845077,0.28811003686860204
NFCorpus_train,PLAIN-2015,rice bran oil,0,bm25,0.9999695062076505,0.9901895786024489,0.95,1.0,1.0,1.0,0.00017565395683050156,0.05651115207001567,0.2880159260239452
NFCorpus_train,PLAIN-2016,Rice Diet,0,bm25,0.04987666542201119,0.04031220460969333,0.0,0.0,0.0,0.0,0.0007120049558579922,0.055927205830812454,0.28864774480462074
NFCorpus_train,PLAIN-2017,rice milk,1,l6,0.04996972309997029,0.6198631256675075,0.6097634633860901,0.0,0.6100458831490401,0.6418562772485159,0.00017591612413525581,0.056245837127789855,0.2905121131334454
NFCorpus_train,PLAIN-2020,Ritalin,0,bm25,0.025992803545570233,0.0,0.011335878420875568,0.0,0.0,0.0,7.642898708581924e-06,1.5917932614684105e-05,1.2309057638049126e-05
NFCorpus_train,PLAIN-2021,roasting,1,l6,0.7268263575436906,0.7359061550761455,0.39057931833292847,0.7124630069083355,0.7345000466603374,0.41113612456097737,1.7579877749085426e-05,0.015456946799531579,0.06511538894847035
NFCorpus_train,PLAIN-2022,rooibos,0,bm25,0.0499688542682771,0.03810402142880537,0.0,0.0,0.0,0.0,1.113303005695343e-05,0.004252213053405285,0.017872481141239405
NFCorpus_train,PLAIN-2023,rooibos tea,0,bm25,0.6295217048679069,0.6202544630880585,0.5795435889915881,0.6100458831490401,0.6100458831490401,0.6100458831490401,0.0001253469381481409,0.05320585402660072,0.28638783982023597
NFCorpus_train,PLAIN-2024,rose hips,1,l6,0.8593500113526849,0.9907112319768027,0.95,0.8519590445170673,1.0,1.0,6.464216858148575e-05,0.05418729712255299,0.2916818300727755
NFCorpus_train,PLAIN-2025,rosemary,0,bm25,0.6954689115049943,0.6777816374742027,0.6455032498315265,0.6794771050858174,0.6794771050858174,0.6794771050858174,1.4739809557795525e-05,0.007607044884935021,0.021462620701640844
NFCorpus_train,PLAIN-2026,rosmarinic acid,0,bm25,0.04993089018317484,0.04048923435921178,0.0,0.0,0.0,0.0,0.00039543304592370987,0.05441876710392535,0.2860903588589281
NFCorpus_train,PLAIN-2027,Roundup,0,bm25,0.9053096244266212,0.8914551576247515,0.855329539044694,0.900346883204941,0.900346883204941,0.900346883204941,1.7958926036953926e-05,0.012511863838881254,0.04508980782702565
NFCorpus_train,PLAIN-2031,rye,0,bm25,0.04998644770308013,0.03753617112547378,0.0,0.0,0.0,0.0,2.1248823031783104e-05,0.019542199792340398,0.07839565188623965
NFCorpus_train,PLAIN-2032,saccharin,0,bm25,0.04997363750902162,0.0334722308017639,0.0,0.0,0.0,0.0,1.0465038940310478e-05,0.0065609789453446865,0.01984834996983409
NFCorpus_train,PLAIN-2033,safety limits,1,l6,0.04993583652754698,0.17656723208304115,0.13292488024884094,0.0,0.14282614344664007,0.1399209265777273,0.0003685050178319216,0.05236441805027425,0.2871610620059073
NFCorpus_train,PLAIN-2034,safflower oil,2,bge,0.049974275812175645,0.2549854247862399,0.269787030763738,0.0,0.22605367325027378,0.2839863481723558,0.0001484339591115713,0.05634935712441802,0.2885104869492352
NFCorpus_train,PLAIN-2035,saffron,0,bm25,0.8560190037089739,0.5832173673169444,0.8483102356743253,0.8484589849100587,0.5750166110242896,0.8929581428150792,2.5453045964241028e-05,0.019499925198033452,0.07472144300118089
NFCorpus_train,PLAIN-2036,salads,1,l6,0.16639082007675193,0.17389316413460165,0.10270500585433887,0.12253246782267099,0.1425715588208105,0.10811053247825145,1.9385945051908493e-05,0.014902743976563215,0.06451506679877639
NFCorpus_train,PLAIN-2037,salami,0,bm25,0.6295164895504316,0.6158290156347093,0.5795435889915881,0.6100458831490401,0.6100458831490401,0.6100458831490401,1.3174954801797867e-05,0.006667623994871974,0.024308535968884826
NFCorpus_train,PLAIN-2038,salami brusher's disease,0,bm25,0.629407414634604,0.6202616704298954,0.5795435889915881,0.6100458831490401,0.6100458831490401,0.6100458831490401,0.0007795009296387434,0.053132354049012065,0.2862142869271338
NFCorpus_train,PLAIN-2041,Salmonella,0,bm25,0.8587854568558454,0.6164439155061444,0.38295774742907407,0.8513642017789715,0.6068270051237654,0.4031134183463938,4.8405956476926804e-05,0.04614026099443436,0.22974237496964633
NFCorpus_train,PLAIN-2042,salsa,0,bm25,0.7103802121394853,0.6992237749969549,0.6604305237462483,0.6951900249960509,0.6951900249960509,0.6951900249960509,1.8025049939751625e-05,0.004015021957457066,0.01791341113857925
NFCorpus_train,PLAIN-2043,salt,2,bge,0.33708760492470813,0.24488410364208962,0.6859462307112965,0.3022109021531566,0.21489780503734268,0.7220486639066279,7.321708835661411e-05,0.053217451088130474,0.28707808512263
NFCorpus_train,PLAIN-2044,Salt Institute,2,bge,0.44580685168965356,0.36354737462719033,0.95,0.41666666666666663,0.34033827903669656,1.0,0.0001512579619884491,0.05582711915485561,0.28559020697139204
NFCorpus_train,PLAIN-2045,sandwiches,0,bm25,0.049977893804153455,0.03560852482121684,0.0,0.0,0.0,0.0,1.681107096374035e-05,0.010944267036393285,0.038023437140509486
NFCorpus_train,PLAIN-2046,saoot,0,bm25,0.0196969696969697,0.0,0.0075546234880998825,0.0,0.0,0.0,4.33996319770813e-06,7.160939276218414e-06,6.078975275158882e-06
NFCorpus_train,PLAIN-2048,sarcocystis,0,bm25,0.9999778660178055,0.9848777970537144,0.95,1.0,1.0,1.0,8.677132427692413e-06,0.005928321275860071,0.019601381151005626
NFCorpus_train,PLAIN-2049,sardines,0,bm25,0.04997217650295391,0.03510224597193563,0.0,0.0,0.0,0.0,1.0897871106863022e-05,0.005835132906213403,0.019583934918045998
NFCorpus_train,PLAIN-2052,sauerkraut,0,bm25,0.020060391751758118,0.0,0.005802773252811,0.0,0.0,0.0,3.508990630507469e-06,5.860114470124245e-06,5.1800161600112915e-06
NFCorpus_train,PLAIN-2053,sausage,0,bm25,0.669968345377102,0.6524634170390874,0.14938567485150664,0.6526174419698506,0.6467278441987201,0.15724807879105962,1.650792546570301e-05,0.010804530931636691,0.045290489913895726
NFCorpus_train,PLAIN-2054,scallions,0,bm25,0.019201268152996522,0.0,0.007048135269652961,0.0,0.0,0.0,4.20701690018177e-06,6.829854100942612e-06,5.867099389433861e-06
NFCorpus_train,PLAIN-2055,schizophrenia,0,bm25,0.6817954497077562,0.6700197298037428,0.3557314553357324,0.6650688247235601,0.6650688247235601,0.3744541635112973,9.511830285191536e-06,0.00562854902818799,0.023858571890741587
NFCorpus_train,PLAIN-2056,School Lunch Program,1,l6,0.1342219127054572,0.6727902720578893,0.3349304169807732,0.08868266728275007,0.6650688247235601,0.3525583336639718,0.00015255785547196865,0.05172009393572807,0.28653437877073884
NFCorpus_train,PLAIN-2057,sciatica,0,bm25,0.6295061482912726,0.61848056261857,0.5795435889915881,0.6100458831490401,0.6100458831490401,0.6100458831490401,1.3140030205249786e-05,0.0038826330564916134,0.01754778902977705
NFCorpus_train,PLAIN-2058,scombroid poisoning,1,l6,0.4953869219641441,0.7293033784839223,0.40005548464096213,0.46884125300890434,0.7269518101241101,0.4211110364641707,4.402315244078636e-05,0.04055124404840171,0.17941692820750177
NFCorpus_train,PLAIN-2059,scurvy,0,bm25,0.02641571795813441,0.0,0.009991737054719058,0.0,0.0,0.0,5.980953574180603e-06,1.267995685338974e-05,1.0146060958504677e-05
NFCorpus_train,PLAIN-2062,seafood workers,2,bge,0.6817984510777377,0.6199470764098465,0.6932779959728302,0.6650688247235601,0.6100458831490401,0.7297663115503477,9.694695472717285e-05,0.05494508403353393,0.28627630905248225
NFCorpus_train,PLAIN-2063,seal oil,0,bm25,0.710404626926734,0.700848272604576,0.6604305237462483,0.6951900249960509,0.6951900249960509,0.6951900249960509,0.00014920299872756004,0.05520757497288287,0.28807205194607377
NFCorpus_train,PLAIN-2064,second meal effect,1,l6,0.7664381642815261,0.9276837797074554,0.8806175338247144,0.7543701539552121,0.934397461243829,0.9269658250786468,0.0012328510638326406,0.05771389999426901,0.28874827921390533
NFCorpus_train,PLAIN-2065,seeds,1,l6,0.5511823724530496,0.7707118061684405,0.33092044478162996,0.5275734852532747,0.7682767908411046,0.3483373102964526,7.14471098035574e-05,0.05256428802385926,0.28720060316845775
NFCorpus_train,PLAIN-2066,seitan,0,bm25,0.028651512201453788,0.0,0.011375584112149534,0.0,0.0,0.0,6.126938387751579e-06,1.4349818229675293e-05,1.1085066944360733e-05
NFCorpus_train,PLAIN-2067,seizures,0,bm25,0.3428558543937842,0.31473133977596957,0.27692374696715816,0.30828292491529974,0.2926991368300002,0.29149868101806126,1.751398667693138e-05,0.01806764188222587,0.067756162956357
NFCorpus_train,PLAIN-2068,selenium,0,bm25,0.049985237199974074,0.03716838236081689,0.0,0.0,0.0,0.0,2.556992694735527e-05,0.022225019987672567,0.08660256490111351
NFCorpus_train,PLAIN-2069,semen,1,l6,0.9174981053033706,0.9538145379575955,0.8675083311097039,0.9131666643260041,0.96331803895032,0.9131666643260041,3.6258017644286156e-05,0.0402001419570297,0.17728683911263943
NFCorpus_train,PLAIN-2072,sesame oil,0,bm25,0.9999729048875828,0.9903727026747463,0.95,1.0,1.0,1.0,0.00015613692812621593,0.05547777796164155,0.2881274779792875
NFCorpus_train,PLAIN-2073,sesame seeds,0,bm25,0.7826103676052878,0.7755376827334588,0.43341361398037315,0.7711820077100174,0.7736991811496752,0.4562248568214454,7.168389856815338e-05,0.05417308583855629,0.285827366868034
NFCorpus_train,PLAIN-2074,sexual dysfunction,0,bm25,0.8935695180460231,0.8912494962310604,0.5106601434370812,0.8879972192424122,0.895853167094834,0.5375369930916645,0.0001598659437149763,0.05633741291239858,0.2871131438296288
NFCorpus_train,PLAIN-2075,sexual health,1,l6,0.9311805475882052,0.9496444741173875,0.8677363491595925,0.9276737537834678,0.9574284411791896,0.9134066833258869,0.0006326320581138134,0.05725967208854854,0.28882427304051816
NFCorpus_train,PLAIN-2076,sexual selection,2,bge,0.6294926811766999,0.6199540133172701,0.6977750443273205,0.6100458831490401,0.6100458831490401,0.7345000466603374,0.0002931728959083557,0.05522538488730788,0.2879448828753084
NFCorpus_train,PLAIN-2077,sexual transmission,1,l6,0.18542623788387635,0.7126999947763266,0.7039024242494488,0.1425715588208105,0.7076403835443706,0.7409499202625778,9.50000248849392e-05,0.05423434101976454,0.2837007949128747
NFCorpus_train,PLAIN-2078,shark cartilage,1,l6,0.859344718979044,0.8765044362539594,0.8385463025695953,0.8519590445170673,0.8826803184943108,0.8826803184943108,2.804584801197052e-05,0.020626513985916972,0.08564500487409532
NFCorpus_train,PLAIN-2079,shark oil,0,bm25,0.9999755552777281,0.9907636093779714,0.95,1.0,1.0,1.0,0.00014155777171254158,0.0534873278811574,0.2895466967020184
NFCorpus_train,PLAIN-2082,shiitake mushrooms,0,bm25,0.29782662142761696,0.24102879909186925,0.0,0.26088874273052437,0.21496574100558588,0.0,3.340910188853741e-05,0.024916137102991343,0.09446049411781132
NFCorpus_train,PLAIN-2084,shopping carts,0,bm25,0.9999794906912833,0.98482747919679,0.95,1.0,1.0,1.0,1.860596239566803e-05,0.01376444986090064,0.04535979893989861
NFCorpus_train,PLAIN-2085,shortening,0,bm25,0.049988679243055945,0.03690257236099338,0.0,0.0,0.0,0.0,2.6796944439411163e-05,0.031002435833215714,0.1183531479910016
NFCorpus_train,PLAIN-2086,shrimp,0,bm25,0.04997525612906195,0.033235976482508665,0.0,0.0,0.0,0.0,1.2492993846535683e-05,0.008464029058814049,0.025244622956961393
NFCorpus_train,PLAIN-2087,side effects,2,bge,0.45256125253029444,0.41083894353052036,0.850701550442,0.42395590568204045,0.38924029471365185,0.8954753162547369,0.001130494987592101,0.05133589613251388,0.2871348250191659
NFCorpus_train,PLAIN-2088,SIDS,0,bm25,0.7478706395577288,0.7375361057292128,0.6979073948608093,0.7346393630113782,0.7346393630113782,0.7346393630113782,1.2079952284693718e-05,0.0034086150117218494,0.016432937933132052
NFCorpus_train,PLAIN-2089,Singapore,0,bm25,0.049974641182362584,0.03094389523884813,0.0,0.0,0.0,0.0,1.0114163160324097e-05,0.007600376149639487,0.019942103186622262
NFCorpus_train,PLAIN-2090,sinus health,0,bm25,0.8768250974215586,0.8592490532808453,0.8431954198603246,0.8704548193630413,0.862357258377195,0.8875741261687629,0.0006121669430285692,0.057166774990037084,0.2861101950984448
NFCorpus_train,PLAIN-2093,skim milk,0,bm25,0.8704533983437601,0.8237557695302169,0.8204816760474979,0.863664922155261,0.8244657876659233,0.863664922155261,0.00016324198804795742,0.054765142034739256,0.2886408132035285
NFCorpus_train,PLAIN-2094,skin cancer,1,l6,0.6294383606091573,0.6648409550464613,0.6110143451324228,0.6100458831490401,0.6574400653338155,0.6431729948762346,0.0006191181018948555,0.0572300732601434,0.2941782851703465
NFCorpus_train,PLAIN-2095,skin health,1,l6,0.8408995761575649,0.8915952906151878,0.8326604681125078,0.8326453704140342,0.895863359683992,0.8764847032763241,0.0006574788130819798,0.054873431799933314,0.28957258397713304
NFCorpus_train,PLAIN-2096,sleep,0,bm25,0.954964423808671,0.6471245363491116,0.9197801256054979,0.9526058178152246,0.6399541168509599,0.9681896059005242,4.145200364291668e-05,0.040439361007884145,0.18666833895258605
NFCorpus_train,PLAIN-2097,sleeping pills,0,bm25,0.889932100167597,0.4603548829144144,0.18813246617528556,0.8841486334444637,0.4417831836856678,0.19803417492135322,5.315686576068401e-05,0.05454417271539569,0.29201919795013964
NFCorpus_train,PLAIN-2098,Slovakia,0,bm25,0.018946242495341936,0.0,0.006870931382697305,0.0,0.0,0.0,1.257285475730896e-05,2.024369314312935e-05,1.7461832612752914e-05
NFCorpus_train,PLAIN-2099,Slovenia,0,bm25,0.020580090365835885,0.0,0.008060049555458387,0.0,0.0,0.0,1.8798746168613434e-06,3.194902092218399e-06,2.6798807084560394e-06
NFCorpus_train,PLAIN-2100,Smithfield,0,bm25,0.01888905314509572,0.0,0.005347771453913814,0.0,0.0,0.0,1.9599683582782745e-06,3.149965777993202e-06,2.813059836626053e-06
NFCorpus_train,PLAIN-2103,smoothies,0,bm25,0.02326117197009216,0.0,0.00741175447748218,0.0,0.0,0.0,1.432141289114952e-06,2.6780180633068085e-06,2.2810418158769608e-06
NFCorpus_train,PLAIN-2105,snail meat,0,bm25,0.049956221365023756,0.03915027511763687,0.0,0.0,0.0,0.0,0.0002514151856303215,0.06230860319919884,0.2871437012217939
NFCorpus_train,PLAIN-2106,snake oil,0,bm25,0.0499746251816533,0.040472874940138626,0.0,0.0,0.0,0.0,0.00014681811444461346,0.055123726138845086,0.2892988482490182
NFCorpus_train,PLAIN-2107,snake venom,0,bm25,0.049955784423899995,0.03884206688174694,0.0,0.0,0.0,0.0,1.5116995200514793e-05,0.003814819036051631,0.017094649141654372
NFCorpus_train,PLAIN-2108,social anxiety disorder,0,bm25,0.04995643961281429,0.04029106347712857,0.0,0.0,0.0,0.0,0.0002484200522303581,0.05536898714490235,0.28514444921165705
NFCorpus_train,PLAIN-2109,soda,0,bm25,0.674544635595487,0.20927932642038316,0.348484133915475,0.6574400653338155,0.18177069331014817,0.3668254041215527,2.0798994228243828e-05,0.011899590957909822,0.04439207608811557
NFCorpus_train,PLAIN-2110,sodium,1,l6,0.12770250496731594,0.14367782983608907,0.12382558656080397,0.08181039409947585,0.10811053247825145,0.13034272269558314,9.90559346973896e-05,0.05148099293000996,0.2851445060223341
NFCorpus_train,PLAIN-2111,sodium benzoate,0,bm25,0.049982121806826395,0.040496492455968744,0.0,0.0,0.0,0.0,0.00010298797860741615,0.054745299043133855,0.2880268089938909
NFCorpus_train,PLAIN-2114,sorbitol,0,bm25,0.04996285542509707,0.03812416635864176,0.0,0.0,0.0,0.0,1.3526063412427902e-05,0.004324542125687003,0.01820732024498284
NFCorpus_train,PLAIN-2115,sore throat,2,bge,0.14234060340015564,0.1352713857884243,0.21060512782912735,0.09721561096838863,0.10811053247825145,0.2216896082411867,2.2449064999818802e-05,0.027508815983310342,0.07889588014222682
NFCorpus_train,PLAIN-2116,soup,1,l6,0.13423408834433231,0.34109149542291667,0.07771987439450205,0.08868266728275007,0.31943122193677725,0.08181039409947585,2.4842098355293274e-05,0.021269571967422962,0.085985153215006
NFCorpus_train,PLAIN-2117,South Africa,0,bm25,0.04998868345759203,0.040270137998241584,0.0,0.0,0.0,0.0,5.263392813503742e-05,0.04525418090634048,0.2325530459638685
NFCorpus_train,PLAIN-2119,soy,0,bm25,0.9280707583855798,0.6180226432102217,0.567513430128642,0.9243013294519951,0.6081437227514841,0.5973825580301495,8.895690552890301e-05,0.05573302390985191,0.28687273780815303
NFCorpus_train,PLAIN-2120,soy milk,0,bm25,0.8140589672101038,0.7987094495284379,0.7326229073245165,0.804309119437212,0.7982688592886614,0.7711820077100174,0.00020013796165585518,0.05564070586115122,0.28841435513459146
NFCorpus_train,PLAIN-2121,soy sauce,1,l6,0.04998554909472333,0.15185182487418813,0.0,0.0,0.11724129358095323,0.0,8.339202031493187e-05,0.0549799099098891,0.28853562707081437
NFCorpus_train,PLAIN-2122,soybeans,0,bm25,0.7327285963622425,0.7285290463219962,0.21107630538684352,0.718676239575155,0.7268712872705927,0.22218558461773003,3.401096910238266e-05,0.02950471476651728,0.12294987100176513
NFCorpus_train,PLAIN-2125,speech impairment,0,bm25,0.04997580268777416,0.04030026308244057,0.0,0.0,0.0,0.0,0.00013991305604577065,0.056085561169311404,0.28910867194645107
NFCorpus_train,PLAIN-2126,sperm counts,0,bm25,0.9999831066522479,0.9901956177298806,0.9185292438591651,1.0,1.0,0.9668728882728055,9.801308624446392e-05,0.0568837970495224,0.2900937329977751
NFCorpus_train,PLAIN-2127,spermine,0,bm25,0.8332190092687796,0.8179867818188521,0.783242498282627,0.8244657876659233,0.8244657876659233,0.8244657876659233,1.828116364777088e-05,0.011873306008055806,0.03891428513452411
NFCorpus_train,PLAIN-2128,spices,1,l6,0.8949223372047526,0.9577730762536827,0.8258144684836012,0.8894032934925936,0.9652843890316114,0.869278387877475,5.120295099914074e-05,0.04387466982007027,0.23723492491990328
NFCorpus_train,PLAIN-2129,spicy food,0,bm25,0.049882314579504955,0.0401269505009974,0.0,0.0,0.0,0.0,0.000678997952491045,0.056963559007272124,0.2884800639003515
NFCorpus_train,PLAIN-2130,spillover effect,0,bm25,0.04980956115425945,0.04031680790353393,0.0,0.0,0.0,0.0,0.0011014288756996393,0.05600405391305685,0.28918177681043744
NFCorpus_train,PLAIN-2131,spinach,2,bge,0.33401102828727997,0.2744970563796189,0.38146396433544427,0.2989767780303858,0.2496813519739745,0.40154101508994133,2.4158041924238205e-05,0.0181429551448673,0.07142767496407032
NFCorpus_train,PLAIN-2132,spinal cord health,1,l6,0.3808031357233058,0.6998840818945151,0.42054531991946514,0.34832544730025083,0.6951900249960509,0.4426792841257528,0.0006135790608823299,0.061025311006233096,0.28931706002913415
NFCorpus_train,PLAIN-2135,split peas,1,l6,0.3256565985932705,0.7446811732066028,0.46395563322574035,0.2901819633903426,0.7443223445940507,0.4883743507639372,3.683590330183506e-05,0.028136630775406957,0.11322538484819233
NFCorpus_train,PLAIN-2136,spoilage,0,bm25,0.6366225421878488,0.623163847636,0.5866466359718805,0.6175227747072427,0.6175227747072427,0.6175227747072427,1.298799179494381e-05,0.007268029963597655,0.02695299289189279
NFCorpus_train,PLAIN-2137,sports drinks,0,bm25,0.7166377042312648,0.42980044704576453,0.6977750443273205,0.7017507857732401,0.40939696294236316,0.7345000466603374,0.0001449498813599348,0.05179297970607877,0.2837452897801995
NFCorpus_train,PLAIN-2138,sports medicine,1,l6,0.26057575154143187,0.3437794393354978,0.1637744730755366,0.2216896082411867,0.31943122193677725,0.1723941821847754,0.00016782991588115692,0.055304154753685,0.2856554198078811
NFCorpus_train,PLAIN-2139,sprouting,0,bm25,0.8575323366581422,0.8420900225777926,0.43261020910730474,0.8500474841512529,0.8464926348287674,0.4553791674813734,3.535393625497818e-05,0.03342946898192167,0.1383901429362595
NFCorpus_train,PLAIN-2140,sprouts,0,bm25,0.857534425941284,0.5733112899786688,0.425590905736936,0.8500474841512529,0.5626669470617608,0.4479904270915116,2.962397411465645e-05,0.03111656103283167,0.13863706216216087
NFCorpus_train,PLAIN-2141,squash,0,bm25,0.04996947038361037,0.03916864120703879,0.0,0.0,0.0,0.0,1.0521849617362022e-05,0.0037329629994928837,0.017232200829312205
NFCorpus_train,PLAIN-2142,squash seeds,0,bm25,0.049988090988647704,0.04090063096142255,0.0,0.0,0.0,0.0,6.80179800838232e-05,0.051970787812024355,0.2855735798366368
NFCorpus_train,PLAIN-2146,standard American diet,1,l6,0.26045054049501104,0.6919229325925097,0.14787660057237223,0.2216896082411867,0.6859269786880577,0.1556595795498655,0.0008958280086517334,0.05625575385056436,0.28974819113500416
NFCorpus_train,PLAIN-2147,staph infection,1,l6,0.6954703703654868,0.7831709312214126,0.7427995174028571,0.6794771050858174,0.7818942288451127,0.7818942288451127,0.000189898069947958,0.05561069422401488,0.28877912694588304
NFCorpus_train,PLAIN-2148,STARI,0,bm25,0.04996095847484425,0.037204451259996024,0.0,0.0,0.0,0.0,1.489301212131977e-05,0.004881066037341952,0.01907329703681171
NFCorpus_train,PLAIN-2149,statins,1,l6,0.5556380640870765,0.871001743804725,0.7354580691816233,0.5322626272124664,0.8755458364887027,0.7741663886122351,3.880402073264122e-05,0.03654686501249671,0.16972016799263656
NFCorpus_train,PLAIN-2151,steak,0,bm25,0.6295227401701793,0.6147224651317447,0.1637744730755366,0.6100458831490401,0.6100458831490401,0.1723941821847754,1.756800338625908e-05,0.012488838052377105,0.042131886119022965
NFCorpus_train,PLAIN-2152,steaming,1,l6,0.30560961304333845,0.6555886491119881,0.25562960090466397,0.2690837904259621,0.6526174419698506,0.2690837904259621,1.5393830835819244e-05,0.011088687926530838,0.03850794886238873
NFCorpus_train,PLAIN-2153,stearic acid,2,bge,0.04993138026370177,0.04064766514460966,0.14147950745170118,0.0,0.0,0.1489257973175802,0.0003963580820709467,0.05402051517739892,0.2888076400849968
NFCorpus_train,PLAIN-2154,stem cells,0,bm25,0.9999265380524295,0.9904461821908862,0.95,1.0,1.0,1.0,0.0004244579467922449,0.055201284820213914,0.28889647009782493
NFCorpus_train,PLAIN-2158,stomach cancer,2,bge,0.4056300985435996,0.3362782635800541,0.6143914519887841,0.3744541635112973,0.3116553492467726,0.6467278441987201,0.0005877441726624966,0.056794945150613785,0.2899382272735238
NFCorpus_train,PLAIN-2159,stomach health,1,l6,0.4313561923962248,0.7304420756104812,0.40514942516561314,0.40154101508994133,0.7265321874275769,0.4264730791216981,0.0006258699577301741,0.05670012906193733,0.2903677721042186
NFCorpus_train,PLAIN-2160,stomach inflammation,0,bm25,0.6295138615637081,0.17576792806694214,0.0,0.6100458831490401,0.1425715588208105,0.0,0.00017016008496284485,0.05538009596057236,0.28620048402808607
NFCorpus_train,PLAIN-2161,stomach ulcers,0,bm25,0.42366673845993924,0.2856904362242041,0.11640584443153744,0.39334596739450356,0.2583715692908667,0.12253246782267099,6.836699321866035e-05,0.05594341200776398,0.2865203539840877
NFCorpus_train,PLAIN-2162,stool size,1,l6,0.2226572472683211,0.7188258427447146,0.6977750443273205,0.18177069331014817,0.714192716054206,0.7345000466603374,0.00014339503832161427,0.055589057970792055,0.2878103491384536
NFCorpus_train,PLAIN-2163,strawberries,0,bm25,0.9999845638255553,0.9185023869467949,0.95,1.0,0.9276737537834678,1.0,4.408881068229675e-05,0.03652417683042586,0.1428100299090147
NFCorpus_train,PLAIN-2164,stress,1,l6,0.7672491519523609,0.7724812195420394,0.0,0.755034565729146,0.7707939642807622,0.0,0.00019410601817071438,0.056315260007977486,0.2881151740439236
NFCorpus_train,PLAIN-2165,stress test,0,bm25,0.04990166799681245,0.04042295100774624,0.0,0.0,0.0,0.0,0.0005662909243255854,0.055153924971818924,0.2879484328441322
NFCorpus_train,PLAIN-2168,substance P,0,bm25,0.04988098323141756,0.04032721934939252,0.0,0.0,0.0,0.0,0.0006836520042270422,0.05556205194443464,0.2872082700487226
NFCorpus_train,PLAIN-2169,sucralose,0,bm25,0.04996409623036358,0.034066111576643555,0.0,0.0,0.0,0.0,1.5178928151726723e-05,0.0067363218404352665,0.021138348849490285
NFCorpus_train,PLAIN-2170,sudden cardiac death,1,l6,0.716616014862029,0.7521287966559258,0.6666632464845781,0.7017507857732401,0.7491449679580156,0.7017507857732401,0.00027332594618201256,0.05531678791157901,0.2893463440705091
NFCorpus_train,PLAIN-2171,sugar,0,bm25,0.9201083616321328,0.5866907329965945,0.757986775066436,0.9159238567655447,0.5750166110242896,0.7978808158594063,0.00011132797226309776,0.05522507103160024,0.2883801420684904
NFCorpus_train,PLAIN-2172,Sugar Association,0,bm25,0.18527251860817925,0.0405119740524355,0.08424853391861256,0.1425715588208105,0.0,0.08868266728275007,0.0009879129938781261,0.054987793089821935,0.28977467701770365
NFCorpus_train,PLAIN-2173,Sugar Twin,0,bm25,0.049979773841843135,0.040313070754975214,0.0,0.0,0.0,0.0,0.00011534499935805798,0.05524226790294051,0.2851381821092218
NFCorpus_train,PLAIN-2174,suicide,0,bm25,0.709399984418567,0.7012928257825135,0.24145663172017737,0.6941220263834955,0.7017507857732401,0.25416487549492356,2.3354077711701393e-05,0.02251866110600531,0.07325323601253331
NFCorpus_train,PLAIN-2175,sulfites,0,bm25,0.6555435833969842,0.6386269340949019,0.6055662581342881,0.6374381664571455,0.6374381664571455,0.6374381664571455,1.2040138244628906e-05,0.008994671050459146,0.026549675269052386
NFCorpus_train,PLAIN-2178,sulfur dioxide,1,l6,0.36986291496238466,0.643006937708744,0.6055662581342881,0.33671382849411974,0.6374381664571455,0.6374381664571455,2.557598054409027e-05,0.021102002123370767,0.08400933095254004
NFCorpus_train,PLAIN-2179,sunburn,0,bm25,0.6295132268014236,0.6189035000492846,0.5795435889915881,0.6100458831490401,0.6100458831490401,0.6100458831490401,1.0499032214283943e-05,0.0036792680621147156,0.017289648996666074
NFCorpus_train,PLAIN-2180,sunchokes,0,bm25,0.018506454337073232,0.0,0.009904692966582218,0.0,0.0,0.0,3.64682637155056e-06,5.789799615740776e-06,4.642875865101814e-06
NFCorpus_train,PLAIN-2181,sunflower seeds,1,l6,0.3534464669929877,0.6204220263661974,0.5795435889915881,0.31943122193677725,0.6100458831490401,0.6100458831490401,7.600104436278343e-05,0.052543302066624165,0.2880170000717044
NFCorpus_train,PLAIN-2182,sunlight,0,bm25,0.2605817046063296,0.17241801264052994,0.11640584443153744,0.2216896082411867,0.1425715588208105,0.12253246782267099,1.9379891455173492e-05,0.010776590090245008,0.04136896878480911
NFCorpus_train,PLAIN-2183,superbugs,0,bm25,0.019628651704410822,0.0,0.00638434717849768,0.0,0.0,0.0,4.177913069725037e-06,6.878050044178963e-06,5.9998128563165665e-06
NFCorpus_train,PLAIN-2184,supermarkets,1,l6,0.3534491602491847,0.6500220346975228,0.17268215864464076,0.31943122193677725,0.6431729948762346,0.18177069331014817,2.376595512032509e-05,0.024878862779587507,0.11316484794951975
NFCorpus_train,PLAIN-2185,superoxide dismutase,1,l6,0.404478607142124,0.6979982798882765,0.6604305237462483,0.373151194370365,0.6951900249960509,0.6951900249960509,4.2635947465896606e-05,0.03527267696335912,0.14185965689830482
NFCorpus_train,PLAIN-2188,Supreme Court,0,bm25,0.049965055750366624,0.031504309487554984,0.0,0.0,0.0,0.0,1.4488818123936653e-05,0.007668806705623865,0.020731333876028657
NFCorpus_train,PLAIN-2189,Surgeon General,0,bm25,0.049948058240536684,0.04068038857004781,0.0,0.0,0.0,0.0,0.0002997531555593014,0.05378298624418676,0.28854736406356096
NFCorpus_train,PLAIN-2190,surgery,0,bm25,0.8307768284850112,0.49869168346836784,0.32433953481036953,0.8218842056926996,0.4833117084000894,0.34141003664249425,6.257696077227592e-05,0.0496856439858675,0.23762940103188157
NFCorpus_train,PLAIN-2191,sushi,0,bm25,0.6954666828002112,0.6817235729265906,0.6455032498315265,0.6794771050858174,0.6794771050858174,0.6794771050858174,1.4089979231357574e-05,0.005309574073180556,0.019265959970653057
NFCorpus_train,PLAIN-2192,sustainability,2,bge,0.04998951900523657,0.157150854875697,0.16842281129973916,0.0,0.12253246782267099,0.17728716978919912,6.107497029006481e-05,0.05393077898770571,0.2913605610374361
NFCorpus_train,PLAIN-2193,Sweden,0,bm25,0.2605883506758652,0.13031884483542872,0.0,0.2216896082411867,0.09721561096838863,0.0,2.3409025743603706e-05,0.016793712973594666,0.06976459408178926
NFCorpus_train,PLAIN-2194,Sweet and Low,1,l6,0.04992892471419123,0.15666068313733925,0.0,0.0,0.12253246782267099,0.0,0.00041294191032648087,0.056618632981553674,0.2904961307067424
NFCorpus_train,PLAIN-2195,Sweet One,1,l6,0.049917936448600875,0.25507761807475265,0.0,0.0,0.22605367325027378,0.0,0.00047466205433011055,0.05595154385082424,0.2892039439175278
NFCorpus_train,PLAIN-2198,Swiss chard,0,bm25,0.04996459223351924,0.031944545683129225,0.0,0.0,0.0,0.0,1.4944933354854584e-05,0.0076208580285310745,0.021104032872244716
NFCorpus_train,PLAIN-2199,swordfish,0,bm25,0.6295154215314505,0.6180973323332648,0.5795435889915881,0.6100458831490401,0.6100458831490401,0.6100458831490401,9.822193533182144e-06,0.00399139104411006,0.01743535534478724
NFCorpus_train,PLAIN-2202,tahini,0,bm25,0.01741366244451662,0.0,0.009579228465230417,0.0,0.0,0.0,4.2049214243888855e-06,6.451969966292381e-06,5.2158720791339874e-06
NFCorpus_train,PLAIN-2203,Taiwan,0,bm25,0.6927316739664005,0.6631840638173487,0.2886094313246331,0.6765718882169046,0.6574400653338155,0.3037994013943507,1.8502818420529366e-05,0.01812727702781558,0.07961735688149929
NFCorpus_train,PLAIN-2204,tamoxifen,0,bm25,0.8332277359765681,0.7929427950454305,0.7730658882042866,0.8244657876659233,0.7942337002184836,0.813753566530828,2.0212959498167038e-05,0.01585458987392485,0.06846138881519437
NFCorpus_train,PLAIN-2205,tamsulosin,0,bm25,0.018279915779623346,0.0,0.006468592817873437,0.0,0.0,0.0,5.051027983427048e-06,7.961876690387726e-06,6.931833922863007e-06
NFCorpus_train,PLAIN-2206,tangeretin,0,bm25,0.049979545760285404,0.039683088543157184,0.0,0.0,0.0,0.0,7.10715539753437e-06,0.0035847772378474474,0.017373306211084127
NFCorpus_train,PLAIN-2207,tanning beds,0,bm25,0.04998482339593936,0.03792465996136839,0.0,0.0,0.0,0.0,1.9317027181386948e-05,0.015369688160717487,0.06364080891944468
NFCorpus_train,PLAIN-2210,tarragon,0,bm25,0.9999784239372673,0.9845116889567455,0.95,1.0,1.0,1.0,1.1818017810583115e-05,0.008483528159558773,0.02738687302917242
NFCorpus_train,PLAIN-2211,tart cherries,0,bm25,0.9651392619082422,0.9512623924208301,0.897728205504206,0.96331803895032,0.9608008655106623,0.94497705842548,3.492087125778198e-05,0.031186969950795174,0.1356140379793942
NFCorpus_train,PLAIN-2212,taste buds,1,l6,0.3743262593990624,0.4689367333676203,0.32584860908950397,0.34141003664249425,0.4537076833817878,0.3429985358836884,3.9874110370874405e-05,0.036300282925367355,0.1501803200226277
NFCorpus_train,PLAIN-2214,Taxol,0,bm25,0.04997261082646121,0.03472996183140998,0.0,0.0,0.0,0.0,1.1028023436665535e-05,0.006148354150354862,0.020132085075601935
NFCorpus_train,PLAIN-2215,tea,1,l6,0.8578477303375355,0.8959810833361763,0.5242138603717831,0.8503865839942687,0.900346883204941,0.5518040635492454,0.00011238711886107922,0.05381179112009704,0.2878111251629889
NFCorpus_train,PLAIN-2216,teff,0,bm25,0.02850476519678041,0.0,0.014183867463335144,0.0,0.0,0.0,8.108094334602356e-06,1.8860213458538055e-05,1.3509998098015785e-05
NFCorpus_train,PLAIN-2217,television,2,bge,0.17967844081314205,0.41325098722994213,0.6979073948608093,0.1365204777414663,0.3980409554829326,0.7346393630113782,1.6380101442337036e-05,0.015229190001264215,0.051146128913387656
NFCorpus_train,PLAIN-2218,telomerase,0,bm25,0.4281187427929907,0.4136576082487762,0.37813890770878594,0.3980409554829326,0.3980409554829326,0.3980409554829326,2.001202665269375e-05,0.01437150314450264,0.049620903097093105
NFCorpus_train,PLAIN-2221,testicular cancer,1,l6,0.24389435148137542,0.6514385994778992,0.2510481087088973,0.20420457628425126,0.6431729948762346,0.2642611670619972,0.0005692760460078716,0.05451461300253868,0.28464944125153124
NFCorpus_train,PLAIN-2222,testicular health,2,bge,0.12761403728698123,0.14244999327569113,0.1466257188260395,0.08181039409947585,0.10811053247825145,0.15434286192214686,0.0006070849485695362,0.058823071885854006,0.28680155891925097
NFCorpus_train,PLAIN-2223,testosterone,1,l6,0.7537187331970374,0.8613852202756309,0.18272446356956826,0.7407674952715652,0.8657724821412287,0.19234154059954553,5.067186430096626e-05,0.054141891887411475,0.2439123298972845
NFCorpus_train,PLAIN-2224,tetrodotoxin,0,bm25,0.7103942888846976,0.700365270845575,0.6604305237462483,0.6951900249960509,0.6951900249960509,0.6951900249960509,1.2424075976014137e-05,0.0034511368721723557,0.01714381598867476
NFCorpus_train,PLAIN-2225,Texas,0,bm25,0.049980919199773016,0.036089353302171466,0.0,0.0,0.0,0.0,1.6824109479784966e-05,0.012265431229025126,0.044086488196626306
NFCorpus_train,PLAIN-2226,TGI Friday's,0,bm25,0.6295097433519476,0.6199818603022094,0.5795435889915881,0.6100458831490401,0.6100458831490401,0.6100458831490401,1.1533033102750778e-05,0.003258196171373129,0.017037694109603763
NFCorpus_train,PLAIN-2227,thalidomide,0,bm25,0.019562977438266124,0.0,0.006942618582341448,0.0,0.0,0.0,3.989087417721748e-06,6.553018465638161e-06,5.643116310238838e-06
NFCorpus_train,PLAIN-2228,theanine,0,bm25,0.018696903742189148,0.0,0.007705539563294251,0.0,0.0,0.0,2.0761508494615555e-06,3.316206857562065e-06,2.8051435947418213e-06
NFCorpus_train,PLAIN-2231,thimerosal,0,bm25,0.6860812074890905,0.37464078832764575,0.3391434757489006,0.669580102636808,0.35699313236726377,0.35699313236726377,7.939059287309647e-06,0.005788718117401004,0.01995739806443453
NFCorpus_train,PLAIN-2232,throat cancer,2,bge,0.17372560389757102,0.18715281645506748,0.6318153834873821,0.13034272269558314,0.15434286192214686,0.6650688247235601,0.0005747608374804258,0.05445597390644252,0.28743024985305965
NFCorpus_train,PLAIN-2233,throat health,0,bm25,0.6817083855625463,0.39548503417550684,0.6245680620671247,0.6650688247235601,0.3744541635112973,0.6574400653338155,0.0006184510421007872,0.05922460509464145,0.2890014189761132
NFCorpus_train,PLAIN-2234,thyme,0,bm25,0.04996006553778018,0.0404137911597289,0.0,0.0,0.0,0.0,1.3295095413923264e-05,0.003191468073055148,0.016646143049001694
NFCorpus_train,PLAIN-2235,thymus,0,bm25,0.049981498878685776,0.03606311901585765,0.0,0.0,0.0,0.0,1.433584839105606e-05,0.01079918397590518,0.038743187906220555
NFCorpus_train,PLAIN-2236,thyroid cancer,0,bm25,0.04990182071195957,0.04055119235727836,0.0,0.0,0.0,0.0,0.0005647081416100264,0.05434770113788545,0.28759026108309627
NFCorpus_train,PLAIN-2237,thyroid disease,0,bm25,0.8660866260908296,0.8457607022384853,0.8000819594838895,0.859181398634312,0.8480811340699614,0.842191536298831,0.000779066001996398,0.05692971288226545,0.2870490080676973
NFCorpus_train,PLAIN-2238,thyroid health,0,bm25,0.8679832595393386,0.8434493268143702,0.8371478335072982,0.8611477487156033,0.845323941630421,0.881208245797156,0.0006239530630409718,0.05597669701091945,0.29128988017328084
NFCorpus_train,PLAIN-2241,TMAO,1,l6,0.4056996666767734,0.6640096492384604,0.3557314553357324,0.3744541635112973,0.6650688247235601,0.3744541635112973,1.7534010112285614e-05,0.009821298997849226,0.02757903398014605
NFCorpus_train,PLAIN-2242,tobacco,0,bm25,0.9321598750837841,0.8922352875121959,0.7679940525121606,0.9286024279819314,0.8967920338824555,0.8084147921180638,7.07490835338831e-05,0.05530138220638037,0.28455572109669447
NFCorpus_train,PLAIN-2243,tofu,0,bm25,0.8300180117902839,0.8171790651914519,0.780038695167728,0.8210933633344505,0.8210933633344505,0.8210933633344505,1.7451122403144836e-05,0.01085001602768898,0.04218634613789618
NFCorpus_train,PLAIN-2244,Tomato Effect,0,bm25,0.04980583753674271,0.04044807589236504,0.0,0.0,0.0,0.0,0.0011172681115567684,0.054964590119197965,0.2877147551625967
NFCorpus_train,PLAIN-2245,tomato juice,1,l6,0.5826417435522625,0.8255800425844928,0.7537739241284617,0.5607005969804693,0.8264321377472147,0.7934462359246965,0.00013702805154025555,0.05481729796156287,0.2875891369767487
NFCorpus_train,PLAIN-2246,tomato sauce,0,bm25,0.7665147907531173,0.4549398064902154,0.11640584443153744,0.7542369088462009,0.4366344768984272,0.12253246782267099,5.149678327143192e-05,0.049442936666309834,0.2506499267183244
NFCorpus_train,PLAIN-2247,tomatoes,0,bm25,0.9355385749841643,0.9198085281264436,0.30714362136166024,0.9321572773044169,0.9276737537834678,0.3233090751175371,4.2359111830592155e-05,0.044872424099594355,0.19541120808571577
NFCorpus_train,PLAIN-2248,Tonga,0,bm25,0.8162100548600721,0.7957470342331792,0.7662449165635927,0.8065735963827292,0.8065735963827292,0.8065735963827292,1.4541205018758774e-05,0.008549895137548447,0.020855557173490524
NFCorpus_train,PLAIN-2251,tonsil cancer,1,l6,0.28010457796116994,0.6592761179633057,0.6187361464119363,0.24231727004137005,0.6513012067494067,0.6513012067494067,0.000558443134650588,0.05455918121151626,0.28836689819581807
NFCorpus_train,PLAIN-2252,TOR,0,bm25,0.8332189022022748,0.8214969422577197,0.7754572029719613,0.8244657876659233,0.8244657876659233,0.8162707399704856,1.806695945560932e-05,0.008993293857201934,0.03828381490893662
NFCorpus_train,PLAIN-2253,torcetrapib,0,bm25,0.018946222249107737,0.0,0.0068129574738370335,0.0,0.0,0.0,4.780944436788559e-06,7.697846740484238e-06,6.648944690823555e-06
NFCorpus_train,PLAIN-2254,Toxaphene,0,bm25,0.0499789389109867,0.0396390078015684,0.0,0.0,0.0,0.0,7.279915735125542e-06,0.003581350902095437,0.017282856861129403
NFCorpus_train,PLAIN-2255,toxic megacolon,0,bm25,0.04996805801820109,0.04110094963129492,0.0,0.0,0.0,0.0,0.00018248590640723705,0.050840654876083136,0.2856521357316524
NFCorpus_train,PLAIN-2256,toxoplasma,0,bm25,0.8332193890690693,0.8186204342425314,0.783242498282627,0.8244657876659233,0.8244657876659233,0.8244657876659233,1.7551938071846962e-05,0.011105767916887999,0.03797606099396944
NFCorpus_train,PLAIN-2258,traffic,0,bm25,0.04997882743467495,0.025867519318551614,0.0,0.0,0.0,0.0,1.4029908925294876e-05,0.015991284046322107,0.033132283948361874
NFCorpus_train,PLAIN-2259,trail mix,0,bm25,0.049981669035662854,0.04117184384332138,0.0,0.0,0.0,0.0,0.00010466412641108036,0.050406036200001836,0.285484507214278
NFCorpus_train,PLAIN-2262,transglutaminase,0,bm25,0.7478854589938265,0.7346155993957463,0.6979073948608093,0.7346393630113782,0.7346393630113782,0.7346393630113782,1.8578022718429565e-05,0.011257146950811148,0.04234622395597398
NFCorpus_train,PLAIN-2263,treadmill,0,bm25,0.6295246186994451,0.61585453544791,0.5795435889915881,0.6100458831490401,0.6100458831490401,0.6100458831490401,1.8576160073280334e-05,0.013404645957052708,0.04896118608303368
NFCorpus_train,PLAIN-2264,tremors,0,bm25,0.9697649345733684,0.9577442681804804,0.8645325460446934,0.9681896059005242,0.9681896059005242,0.9100342589944141,2.3060012608766556e-05,0.01827045204117894,0.07590008503757417
NFCorpus_train,PLAIN-2265,triglycerides,1,l6,0.04997877444194654,0.23560116901321917,0.0,0.0,0.20552129391196988,0.0,0.00012249103747308254,0.05565511807799339,0.2885460942052305
NFCorpus_train,PLAIN-2266,trigylcerides,0,bm25,0.027551890103278853,0.0,0.010702020455229118,0.0,0.0,0.0,8.33999365568161e-06,1.8576160073280334e-05,1.4600111171603203e-05
NFCorpus_train,PLAIN-2267,trimethylamine,0,bm25,0.7477491378196603,0.731853423715239,0.6977750443273205,0.7345000466603374,0.7345000466603374,0.7345000466603374,1.3934914022684097e-05,0.008564118994399905,0.026894620852544904
NFCorpus_train,PLAIN-2268,triphala,0,bm25,0.7628824650263811,0.7468697081009161,0.7129111384786417,0.7504327773459387,0.7504327773459387,0.7504327773459387,1.3602199032902718e-05,0.00760978227481246,0.023719151271507144
NFCorpus_train,PLAIN-2269,Truvia,0,bm25,0.01743785339087959,0.0,0.006502392184415673,0.0,0.0,0.0,4.532048478722572e-06,6.959075108170509e-06,6.054062396287918e-06
NFCorpus_train,PLAIN-2272,tulsi tea,0,bm25,0.04997890343588099,0.04076574853570139,0.0,0.0,0.0,0.0,0.00012037903070449829,0.0526915299706161,0.2853048250544816
NFCorpus_train,PLAIN-2273,Tumor necrosis factor,2,bge,0.049879810617859496,0.04036586987642855,0.4212550834364073,0.0,0.0,0.4434264036172708,0.0007146380376070738,0.057283894158899784,0.29729666002094746
NFCorpus_train,PLAIN-2274,tumor suppressor genes,0,bm25,0.049954449825965856,0.04041476681782459,0.0,0.0,0.0,0.0,0.0002627139911055565,0.055283539928495884,0.2883786908350885
NFCorpus_train,PLAIN-2275,Tums,0,bm25,0.024830769746322173,0.0,0.008929828088871017,0.0,0.0,0.0,6.994931027293205e-06,1.3895798474550247e-05,1.141405664384365e-05
NFCorpus_train,PLAIN-2276,tuna,0,bm25,0.8196718774546118,0.8087996200501398,0.47284296917333585,0.8101987172083425,0.813753566530828,0.4977294412350904,1.729605719447136e-05,0.014597240136936307,0.0511599809397012
NFCorpus_train,PLAIN-2277,Tuna Council,0,bm25,0.049986250282338635,0.037374749984640465,0.0,0.0,0.0,0.0,3.1705014407634735e-05,0.02911214204505086,0.11529332888312638
NFCorpus_train,PLAIN-2278,turbinado sugar,0,bm25,0.44581533843049026,0.3636513748591247,0.2483650805429772,0.41666666666666663,0.34033827903669656,0.26143692688734443,0.00010373396798968315,0.05574392178095877,0.28823153115808964
NFCorpus_train,PLAIN-2279,turkey,0,bm25,0.7918914101013282,0.740032985004483,0.43723733213734206,0.7809553620574914,0.7394507776438465,0.46024982330246533,3.068707883358002e-05,0.023598118219524622,0.09480770211666822
NFCorpus_train,PLAIN-2282,TVP,0,bm25,0.7104004234697594,0.7011594923719069,0.6604305237462483,0.6951900249960509,0.6951900249960509,0.6951900249960509,9.729992598295212e-06,0.002996884984895587,0.01616262993775308
NFCorpus_train,PLAIN-2283,twin studies,1,l6,0.26449681354707066,0.7380540962610505,0.14215960781074596,0.22605367325027378,0.7346393630113782,0.14964169243236417,0.0014644539915025234,0.056770506082102656,0.2880786850582808
NFCorpus_train,PLAIN-2284,Twinkies,0,bm25,0.02541065455090119,0.0,0.0035198961505816585,0.0,0.0,0.0,6.8801455199718475e-06,1.3990094885230064e-05,1.3005221262574196e-05
NFCorpus_train,PLAIN-2285,twins,0,bm25,0.7826125930542245,0.757949138692608,0.18147358182323553,0.7711820077100174,0.7587306249563079,0.19102482297182688,1.9551021978259087e-05,0.024348014034330845,0.09477656404487789
NFCorpus_train,PLAIN-2286,Tylenol,0,bm25,0.02201838583209409,0.0,0.0059808030282547005,0.0,0.0,0.0,4.819128662347794e-06,8.611241355538368e-06,7.581198588013649e-06
NFCorpus_train,PLAIN-2287,U.S. Department of Defense,0,bm25,0.049983618542512445,0.04129075160635505,0.0,0.0,0.0,0.0,9.350711479783058e-05,0.049713323125615716,0.28540535806678236
NFCorpus_train,PLAIN-2288,U.S. Dry Bean Council,0,bm25,0.04997297302060966,0.04032590961992971,0.0,0.0,0.0,0.0,0.00015644682571291924,0.055998885771259665,0.28942713770084083
NFCorpus_train,PLAIN-2289,Uganda,0,bm25,0.04996517931635793,0.032666022965768836,0.0,0.0,0.0,0.0,1.3721175491809845e-05,0.006830496015027165,0.019702622201293707
NFCorpus_train,PLAIN-2292,underweight,0,bm25,0.04997440117531268,0.02816138695303312,0.0,0.0,0.0,0.0,1.1411961168050766e-05,0.009735658066347241,0.022290010005235672
NFCorpus_train,PLAIN-2293,Union of Concerned Scientists,0,bm25,0.049964041202038664,0.04117272254709847,0.0,0.0,0.0,0.0,0.00020508794113993645,0.05034562502987683,0.28517074091359973
NFCorpus_train,PLAIN-2294,United Kingdom,0,bm25,0.7404854286716182,0.6598274978826982,0.21060512782912735,0.7268712872705927,0.6526174419698506,0.2216896082411867,0.00024404888972640038,0.05862052389420569,0.28851318289525807
NFCorpus_train,PLAIN-2295,uric acid,0,bm25,0.878946696122503,0.8150624990793985,0.7698620850893874,0.8726508122089478,0.81567097302588,0.8103811421993552,0.0004119009245187044,0.05654025706462562,0.2877388650085777
NFCorpus_train,PLAIN-2296,urinary tract infections,0,bm25,0.9650940217572727,0.9445037736435151,0.879337144725728,0.96331803895032,0.9526058178152246,0.9256180470797137,0.00033495412208139896,0.060355194145813584,0.28818094031885266
NFCorpus_train,PLAIN-2297,urticaria,0,bm25,0.828952800349351,0.8234327482796117,0.37058876007946506,0.8199726927113831,0.8274043288765653,0.3900934316625948,2.0238105207681656e-05,0.011996943037956953,0.047601763159036636
NFCorpus_train,PLAIN-2298,Uruguay,0,bm25,0.049971024558563455,0.034004725264859995,0.0,0.0,0.0,0.0,1.1170050129294395e-05,0.006166188046336174,0.019275030121207237
NFCorpus_train,PLAIN-2299,USDA,0,bm25,0.6969873241323932,0.691159686859904,0.2812679831033994,0.6810554117378536,0.6859269786880577,0.29607156116147304,1.9855797290802002e-05,0.013573719887062907,0.06481612985953689
NFCorpus_train,PLAIN-2302,vaccinations,0,bm25,0.2888720671176686,0.038717178931616296,0.0,0.2514567179850707,0.0,0.0,3.019208088517189e-05,0.028832227224484086,0.12777047092095017
NFCorpus_train,PLAIN-2303,vaccines,0,bm25,0.334016146581135,0.311568723331675,0.19675430349550582,0.2989767780303858,0.28821561330905116,0.20710979315316402,2.966192550957203e-05,0.030777620850130916,0.12576555204577744
NFCorpus_train,PLAIN-2304,vaginal cancer,1,l6,0.16630700871460433,0.3960140204291792,0.37367866902477836,0.12253246782267099,0.3744541635112973,0.39334596739450356,0.0005703000351786613,0.056071364087983966,0.2885090799536556
NFCorpus_train,PLAIN-2305,vaginal discharge,1,l6,0.338274833407885,0.4310359598541391,0.37537339786054313,0.30346030155133485,0.413653298000635,0.39512989248478225,4.611792974174023e-05,0.04419814585708082,0.18516697082668543
NFCorpus_train,PLAIN-2306,vaginal health,0,bm25,0.804873550128511,0.7991268340424322,0.4201820418965364,0.7947140099661759,0.7994375524870078,0.44229688620688046,0.0006058958824723959,0.05979668372310698,0.28918466181494296
NFCorpus_train,PLAIN-2307,vaginosis,0,bm25,0.9201104153093601,0.90377971870705,0.8701394202712192,0.9159362318644413,0.9159362318644413,0.9159362318644413,1.4769146218895912e-05,0.00833025830797851,0.02545968908816576
NFCorpus_train,PLAIN-2308,Valium,0,bm25,0.018338442869004278,0.0,0.007688254454876415,0.0,0.0,0.0,4.616798833012581e-06,7.2908587753772736e-06,6.169779226183891e-06
NFCorpus_train,PLAIN-2309,varicose veins,0,bm25,0.04998397042619292,0.03827295982202836,0.0,0.0,0.0,0.0,2.3677945137023926e-05,0.017322495114058256,0.07385706389322877
NFCorpus_train,PLAIN-2312,veal brains,2,bge,0.049973278313052316,0.132725161064832,0.20421745395530658,0.0,0.09721561096838863,0.21496574100558588,0.00015462003648281097,0.055720278061926365,0.28931563487276435
NFCorpus_train,PLAIN-2313,vegans,1,l6,0.8385584513132218,0.9497960049308599,0.792834638063632,0.8300792533881374,0.9574284411791896,0.8345627769090863,9.753485210239887e-05,0.05653638276271522,0.2896030149422586
NFCorpus_train,PLAIN-2314,vegetable oil,1,l6,0.15264291742707517,0.25086969374433116,0.13544298087976997,0.10811053247825145,0.2216896082411867,0.1425715588208105,0.00035800691694021225,0.05613530403934419,0.288304063025862
NFCorpus_train,PLAIN-2315,vegetable protein,0,bm25,0.7117093026682364,0.31260001786273256,0.24145663172017737,0.6966391998231531,0.28662711406785707,0.25416487549492356,0.0005649090744554996,0.0559257750865072,0.2884038360789418
NFCorpus_train,PLAIN-2316,vegetables,0,bm25,0.9321283716825048,0.8910294460797497,0.5777365366139099,0.9286024279819314,0.8954753162547369,0.6081437227514841,0.0002524568699300289,0.05557743785902858,0.2873078896664083
NFCorpus_train,PLAIN-2317,vegetarians,0,bm25,0.9999742072079818,0.8569968341432692,0.8527037324286693,1.0,0.8595592494744092,0.8975828762407045,0.0001493899617344141,0.05551244877278805,0.2895963368937373
NFCorpus_train,PLAIN-2318,VEGF,0,bm25,0.7433532625906695,0.6784025755258927,0.40810920180250154,0.7298653950102867,0.6753971487014088,0.4295886334763174,3.0371127650141716e-05,0.021293356083333492,0.08050591219216585
NFCorpus_train,PLAIN-2319,veggie bacon,0,bm25,0.353443772778377,0.34204170927683675,0.1637744730755366,0.31943122193677725,0.31943122193677725,0.1723941821847754,2.174917608499527e-05,0.015630040084943175,0.06844502710737288
NFCorpus_train,PLAIN-2322,veggie dogs,0,bm25,0.04998693278729831,0.03855170942863307,0.0,0.0,0.0,0.0,3.6976998671889305e-05,0.032395847141742706,0.1414877048227936
NFCorpus_train,PLAIN-2323,Veggiecation,0,bm25,0.024026439844230377,0.0,0.0038173806107808963,0.0,0.0,0.0,4.720874130725861e-06,9.08784568309784e-06,8.394010365009308e-06
NFCorpus_train,PLAIN-2324,venison,0,bm25,0.018631824234354194,0.0,0.009667110519307593,0.0,0.0,0.0,2.1939631551504135e-06,3.497116267681122e-06,2.8209760785102844e-06
NFCorpus_train,PLAIN-2326,Vesanto Melina,0,bm25,0.017610808248400094,0.0,0.0066682468199415375,0.0,0.0,0.0,1.908978447318077e-06,2.946937456727028e-06,2.553919330239296e-06
NFCorpus_train,PLAIN-2327,Viagra,0,bm25,0.049980337478591715,0.032935200006760125,0.0,0.0,0.0,0.0,8.624978363513947e-06,0.007485486101359129,0.02193253394216299
NFCorpus_train,PLAIN-2328,Vietnam,0,bm25,0.6817898103891145,0.6678725568463522,0.6318153834873821,0.6650688247235601,0.6650688247235601,0.6650688247235601,1.1919066309928894e-05,0.006498449016362429,0.02330391528084874
NFCorpus_train,PLAIN-2329,vincristine,0,bm25,0.04997576009577315,0.03929233120026571,0.0,0.0,0.0,0.0,8.390983566641808e-06,0.0037066100630909204,0.017308202804997563
NFCorpus_train,PLAIN-2330,vinegar,0,bm25,0.7268246393624958,0.4406828195809737,0.6977750443273205,0.7124630069083355,0.4218483456960727,0.7345000466603374,1.822086051106453e-05,0.012061398010700941,0.05986929265782237
NFCorpus_train,PLAIN-2333,Virginia Messina,0,bm25,0.049971853802442213,0.03214509336113818,0.0,0.0,0.0,0.0,1.5170080587267876e-05,0.009623338002711535,0.026948721148073673
NFCorpus_train,PLAIN-2334,vision,2,bge,0.4429544970515514,0.44719708152663684,0.6812333533172628,0.413653298000635,0.43176290994822303,0.7170877403339608,2.779788337647915e-05,0.022356905043125153,0.08613596577197313
NFCorpus_train,PLAIN-2335,visual disturbance,0,bm25,0.049983200795219514,0.04041953219754349,0.0,0.0,0.0,0.0,9.636394679546356e-05,0.054955678060650826,0.2868110367562622
NFCorpus_train,PLAIN-2336,vitamin A,1,l6,0.1663716663787413,0.7633662951758968,0.41480275305350583,0.12253246782267099,0.7612477983959656,0.4366344768984272,0.00019681500270962715,0.05654356093145907,0.2879260031040758
NFCorpus_train,PLAIN-2337,vitamin B1,0,bm25,0.04996658009082344,0.04004635011825449,0.0,0.0,0.0,0.0,0.00019277213141322136,0.05741446791216731,0.28840911923907697
NFCorpus_train,PLAIN-2338,vitamin B12,1,l6,0.8904909846937016,0.9587490398338986,0.8510701916997924,0.8847630951196415,0.9668728882728055,0.895863359683992,0.0001964110415428877,0.056571997003629804,0.28921685507521033
NFCorpus_train,PLAIN-2340,vitamin C,1,l6,0.8374501403480512,0.8795070760470286,0.6998589059440906,0.8289493111868723,0.8835136957214632,0.736693585204306,0.0002987661864608526,0.05680562905035913,0.28891265019774437
NFCorpus_train,PLAIN-2341,vitamin D,2,bge,0.884722226667349,0.6150384204004951,0.95,0.8786910723574983,0.6052385058825713,1.0,0.0001976990606635809,0.05729501903988421,0.28825767524540424
NFCorpus_train,PLAIN-2344,vitamins,0,bm25,0.04996651286195802,0.04038225789264079,0.0,0.0,0.0,0.0,0.00019297399558126926,0.055423491867259145,0.2881315138656646
NFCorpus_train,PLAIN-2345,VLDL,0,bm25,0.04996153178904622,0.02570873074352902,0.0,0.0,0.0,0.0,1.9792933017015457e-05,0.012498513795435429,0.025726349791511893
NFCorpus_train,PLAIN-2346,voice box cancer,0,bm25,0.049903923602583125,0.0406827800073904,0.0,0.0,0.0,0.0,0.0005560019053518772,0.05391950788907707,0.2893540558870882
NFCorpus_train,PLAIN-2347,voice box health,0,bm25,0.049892346882943465,0.039862150530401146,0.0,0.0,0.0,0.0,0.0006229518912732601,0.05866427905857563,0.2893329558428377
NFCorpus_train,PLAIN-2349,vomiting,2,bge,0.5279895328771883,0.5251805132107603,0.7654499255262368,0.5031604819662916,0.5133064147956939,0.8057367637118282,3.545009531080723e-05,0.034176332177594304,0.13713779719546437
NFCorpus_train,PLAIN-2350,vulva cancer,0,bm25,0.669889172724488,0.6197052488371607,0.5795435889915881,0.6526174419698506,0.6100458831490401,0.6100458831490401,0.0005610918160527945,0.05667734961025417,0.2880432507954538
NFCorpus_train,PLAIN-2351,waist-to-height ratio,1,l6,0.04993514518460294,0.8060940609357836,0.7662449165635927,0.0,0.8065735963827292,0.8065735963827292,0.0003731029573827982,0.05839680880308151,0.28764476091600955
NFCorpus_train,PLAIN-2352,wakame,0,bm25,0.049961313025198476,0.03966099298188064,0.0,0.0,0.0,0.0,1.32010318338871e-05,0.0035279460716992617,0.017061338992789388
NFCorpus_train,PLAIN-2355,walnuts,0,bm25,0.9999846179455771,0.986800066985864,0.95,1.0,1.0,1.0,2.830405719578266e-05,0.02428880101069808,0.09200350102037191
NFCorpus_train,PLAIN-2356,wart viruses,2,bge,0.3849201793718822,0.4520084321889822,0.7322542660667241,0.3525583336639718,0.4330123093464013,0.7707939642807622,5.581812001764774e-05,0.05099642788991332,0.27261307113803923
NFCorpus_train,PLAIN-2357,warts,2,bge,0.4056984045408832,0.39268144215941503,0.6318153834873821,0.3744541635112973,0.3744541635112973,0.6650688247235601,1.7418991774320602e-05,0.006877839798107743,0.026351850014179945
NFCorpus_train,PLAIN-2358,water,1,l6,0.8704534657998928,0.9190917388749621,0.7148303345681262,0.863664922155261,0.9243013294519951,0.7524529837559223,0.00016158795915544033,0.05152052594348788,0.2863993989303708
NFCorpus_train,PLAIN-2359,watercress,0,bm25,0.6954717620385601,0.6785486982906259,0.6455032498315265,0.6794771050858174,0.6794771050858174,0.6794771050858174,1.7660902813076973e-05,0.009509484749287367,0.028044046834111214
NFCorpus_train,PLAIN-2360,watermelon,0,bm25,0.7927745540528032,0.7766085101329248,0.7427995174028571,0.7818942288451127,0.7818942288451127,0.7818942288451127,1.309998333454132e-05,0.00849653291516006,0.02623843215405941
NFCorpus_train,PLAIN-2361,watermelon seeds,0,bm25,0.04998717549781837,0.040934634328602795,0.0,0.0,0.0,0.0,7.346109487116337e-05,0.0519280731678009,0.2864091480150819
NFCorpus_train,PLAIN-2362,weakness,1,l6,0.04998672562789275,0.6605263486873189,0.34390264171970836,0.0,0.6526174419698506,0.36200278075758774,7.64019787311554e-05,0.05444925092160702,0.28778000990860164
NFCorpus_train,PLAIN-2365,weight loss,1,l6,0.8469990648499375,0.8508032723754815,0.7444330581317341,0.8390247304056007,0.8532816082740236,0.7836137454018254,0.00043168989941477776,0.05692287883721292,0.2900010037701577
NFCorpus_train,PLAIN-2366,whale meat,0,bm25,0.049955057464030186,0.04046417428879331,0.0,0.0,0.0,0.0,0.00025920988991856575,0.05499868397600949,0.2883792428765446
NFCorpus_train,PLAIN-2367,wheat,0,bm25,0.864702114669399,0.8613575219180408,0.2812679831033994,0.8575928993931178,0.8657724821412287,0.29607156116147304,4.1360966861248016e-05,0.04131114715710282,0.18564578099176288
NFCorpus_train,PLAIN-2368,whiff test,0,bm25,0.049925380691772506,0.04044971000364759,0.0,0.0,0.0,0.0,0.0004332188982516527,0.05544632091186941,0.29028605902567506
NFCorpus_train,PLAIN-2369,whipped cream,0,bm25,0.04997605659195564,0.03692172669249366,0.0,0.0,0.0,0.0,3.276299685239792e-05,0.017895674100145698,0.06841757195070386
NFCorpus_train,PLAIN-2370,white meat,0,bm25,0.6294833643447989,0.6198268585358668,0.37128735425710363,0.6100458831490401,0.6100458831490401,0.39082879395484593,0.0003485779743641615,0.056240067817270756,0.28939810604788363
NFCorpus_train,PLAIN-2372,white tea,2,bge,0.6295071081878865,0.6199495516496716,0.6803511128287225,0.6100458831490401,0.6100458831490401,0.7161590661354974,0.00020966306328773499,0.05513900611549616,0.28736080625094473
NFCorpus_train,PLAIN-2373,white wine,0,bm25,0.695478475119855,0.685871437746874,0.6455032498315265,0.6794771050858174,0.6794771050858174,0.6794771050858174,0.00014349399134516716,0.05578701291233301,0.28959770197980106
NFCorpus_train,PLAIN-2377,wild game,0,bm25,0.8149914716628717,0.4161936714152288,0.4741398972965461,0.8052728494412927,0.3980409554829326,0.4990946287332064,4.0043145418167114e-05,0.026970204198732972,0.11289104516617954
NFCorpus_train,PLAIN-2378,wine,0,bm25,0.8843009078218464,0.733060907990215,0.5043986141055103,0.8782238648949383,0.7313548107915417,0.5309459095847477,3.482610918581486e-05,0.03471460100263357,0.14802200510166585
NFCorpus_train,PLAIN-2379,wine supplements,0,bm25,0.04995240851671783,0.04036966959522788,0.0,0.0,0.0,0.0,0.0002720169723033905,0.05504374182783067,0.28578324685804546
NFCorpus_train,PLAIN-2380,women's health,1,l6,0.7385365730691009,0.7533689897197229,0.48502176123834584,0.7249436881863827,0.7508644845147281,0.5105492223561535,0.000926068052649498,0.057627956150099635,0.28952165110968053
NFCorpus_train,PLAIN-2381,Women’s Healthy Eating and Living Study,0,bm25,0.7100908469973961,0.23768391048247556,0.43435421438062755,0.6951900249960509,0.20928399376318874,0.45721496250592375,0.0019822989124804735,0.0649872268550098,0.2917919638566673
NFCorpus_train,PLAIN-2382,woodear mushrooms,0,bm25,0.049984697069524416,0.03714977562779836,0.0,0.0,0.0,0.0,2.85259447991848e-05,0.023953895084559917,0.09320419002324343
NFCorpus_train,PLAIN-2383,Workplace intervention,1,l6,0.6817604425373742,0.7711296533811643,0.7326229073245165,0.6650688247235601,0.7692156576287261,0.7711820077100174,0.00031852000392973423,0.05580219393596053,0.28987486008554697
NFCorpus_train,PLAIN-2384,World Cancer Research Fund,0,bm25,0.049848070531912085,0.039985029976252154,0.0,0.0,0.0,0.0,0.000886967871338129,0.0584676347207278,0.2919011968187988
NFCorpus_train,PLAIN-2387,wound healing,2,bge,0.04998736110766902,0.13204169744145752,0.13417576199517367,0.0,0.09721561096838863,0.14123764420544596,4.639383405447006e-05,0.03785662283189595,0.18353599682450294
NFCorpus_train,PLAIN-2388,wrinkles,0,bm25,0.6295077754720251,0.6188840152463012,0.5795435889915881,0.6100458831490401,0.6100458831490401,0.6100458831490401,1.2208940461277962e-05,0.0036338819190859795,0.017045155866071582
NFCorpus_train,PLAIN-2390,xanthan gum,0,bm25,0.049981383476631516,0.036541422277019724,0.0,0.0,0.0,0.0,1.4969147741794586e-05,0.010821754112839699,0.040203929180279374
NFCorpus_train,PLAIN-2391,xanthones,0,bm25,0.019663142805948754,0.0,0.0073660634294929256,0.0,0.0,0.0,3.942055627703667e-06,6.497139111161232e-06,5.539972335100174e-06
NFCorpus_train,PLAIN-2393,xenoestrogens,0,bm25,0.7927813844454239,0.7768648239310496,0.7427995174028571,0.7818942288451127,0.7818942288451127,0.7818942288451127,9.685056284070015e-06,0.008510933956131339,0.026705672033131123
NFCorpus_train,PLAIN-2394,xenohormesis,0,bm25,0.7810059578750331,0.765730936105689,0.722697429442397,0.769501565638191,0.769501565638191,0.7607341362551547,1.1043157428503036e-05,0.008227737387642264,0.02689585112966597
NFCorpus_train,PLAIN-2397,yams,0,bm25,0.020385248600592695,0.0,0.009494567006914718,0.0,0.0,0.0,4.188157618045807e-06,7.071066647768021e-06,5.7283323258161545e-06
NFCorpus_train,PLAIN-2398,yeast,1,l6,0.764201993343966,0.7816403484887807,0.6859462307112965,0.7518033513023495,0.7818942288451127,0.7220486639066279,2.5213928893208504e-05,0.0251435749232769,0.11265881499275565
NFCorpus_train,PLAIN-2400,yerba mate,2,bge,0.4971872715292256,0.4820169989465409,0.7531457856193724,0.4707462068683904,0.4707462068683904,0.7927850374940763,2.1357089281082153e-05,0.015003689099103212,0.04938056296668947
NFCorpus_train,PLAIN-2401,Yersinia,0,bm25,0.9999880979672833,0.9887221177046638,0.95,1.0,1.0,1.0,2.025510184466839e-05,0.01919291098602116,0.08509093499742448
NFCorpus_train,PLAIN-2402,yogurt,0,bm25,0.6295252422507276,0.34003491124378665,0.5795435889915881,0.6100458831490401,0.31943122193677725,0.6100458831490401,1.71661376953125e-05,0.012560873990878463,0.046782526187598705
NFCorpus_train,PLAIN-2404,zeaxanthin,0,bm25,0.934026157440024,0.6463379310264348,0.90955701912023,0.9305687780632227,0.6399541168509599,0.9574284411791896,1.9622966647148132e-05,0.016076261876150966,0.06918401503935456
NFCorpus_train,PLAIN-2406,zinc,1,l6,0.5947449378093159,0.8591502598233615,0.6618072398319954,0.5734281117830955,0.8656312722365523,0.6966391998231531,3.34479846060276e-05,0.037515340838581324,0.1421094979159534
NFCorpus_train,PLAIN-2409,zoonotic disease,2,bge,0.5527517553939147,0.57779971044504,0.7761383061209187,0.5293574103435535,0.5655721639306736,0.8169876906535987,0.0007856120355427265,0.0541315081063658,0.28508737217634916
NFCorpus_train,PLAIN-2410,zucchini,0,bm25,0.049959867844180696,0.037500463682448575,0.0,0.0,0.0,0.0,1.4337943866848946e-05,0.004465687088668346,0.017863410990685225
NFCorpus_train,PLAIN-2411,GMO,0,bm25,0.6295134525409909,0.6212280639138605,0.5795435889915881,0.6100458831490401,0.6100458831490401,0.6100458831490401,9.638024494051933e-06,0.002659411868080497,0.015990643063560128
NFCorpus_train,PLAIN-2423,McDonalds,0,bm25,0.21375692607355196,0.1710581148849063,0.1637744730755366,0.1723941821847754,0.1425715588208105,0.1723941821847754,1.3187993317842484e-05,0.010811391985043883,0.03757905005477369
NFCorpus_train,PLAIN-2425,preservation,0,bm25,0.04998947971678492,0.040636314566226815,0.0,0.0,0.0,0.0,4.811701364815235e-05,0.042827039025723934,0.22868687403388321
NFCorpus_train,PLAIN-2426,Yanomamo,0,bm25,0.6954767214040709,0.6821293542638516,0.6455032498315265,0.6794771050858174,0.6794771050858174,0.6794771050858174,1.0318821296095848e-05,0.005202073836699128,0.019448610953986645
NFCorpus_train,PLAIN-2427,Heart of Gold: Turmeric vs. Exercise,0,bm25,0.7302961701403816,0.7210582219446099,0.720747597301565,0.7161590661354974,0.7161590661354974,0.7586816813700685,0.00031783501617610455,0.05375794693827629,0.28924232302233577
NFCorpus_train,PLAIN-2428,Does Fiber Really Prevent Diverticulosis?,0,bm25,0.6954080548650107,0.6857644281334166,0.6455032498315265,0.6794771050858174,0.6794771050858174,0.6794771050858174,0.0005456809885799885,0.05582532403059304,0.28661231184378266
NFCorpus_train,PLAIN-2431,Flame Retardant Pollutants and Child Development,1,l6,0.8555789011181034,0.928684275409517,0.855329539044694,0.8480811340699614,0.9350624941733297,0.900346883204941,0.0005601870361715555,0.054920135997235775,0.2852966198697686
NFCorpus_train,PLAIN-2432,Peppermint Oil for Irritable Bowel Syndrome,0,bm25,0.9697202022800574,0.9600721977825406,0.9197801256054979,0.9681896059005242,0.9681896059005242,0.9681896059005242,0.0003466599155217409,0.05616092588752508,0.2892529019154608
NFCorpus_train,PLAIN-2433,Can Diabetic Retinopathy Be Reversed?,0,bm25,0.8230033999457743,0.7787417268295046,0.7521307004398846,0.813753566530828,0.7774494563212452,0.791716526778826,0.0003608597908169031,0.0567970487754792,0.28874207683838904
NFCorpus_train,PLAIN-2434,"Should You Sit, Squat, or Lean During a Bowel Movement?",0,bm25,0.7359181733777217,0.7264297627270341,0.6977750443273205,0.7220486639066279,0.7220486639066279,0.7345000466603374,0.00016150600276887417,0.05477950000204146,0.2878142399713397
NFCorpus_train,PLAIN-2435,How Many Bowel Movements Should You Have Every Day?,2,bge,0.5181092676577124,0.6170404586410919,0.7446675499800839,0.49285787428488625,0.6068270051237654,0.7838605789264042,0.0006233078893274069,0.05569107085466385,0.2948116138577461
NFCorpus_train,PLAIN-2436,The Best Kept Secret in Medicine,0,bm25,0.04995042926963443,0.04015736211924998,0.0,0.0,0.0,0.0,0.00028728297911584377,0.057042176136747,0.28977077500894666
NFCorpus_train,PLAIN-2437,Big Sugar Takes on the World Health Organization,1,l6,0.7705880100080844,0.8135766270595967,0.7207940937084925,0.7586816813700685,0.813753566530828,0.7587306249563079,0.0009272319730371237,0.055134379072114825,0.2905093359295279
NFCorpus_train,PLAIN-2438,What Causes Diabetes?,1,l6,0.4616246548304396,0.7282543969546624,0.7172828374426886,0.4334003527756564,0.7239660704016799,0.755034565729146,0.0006196231115609407,0.05577864102087915,0.2931592140812427
NFCorpus_train,PLAIN-2441,Uprooting the Leading Causes of Death,0,bm25,0.04988635422014001,0.03926674322322954,0.0,0.0,0.0,0.0,0.0006683680694550276,0.06312391115352511,0.2940575841348618
NFCorpus_train,PLAIN-2442,Drugs and the Demise of the Rice Diet,1,l6,0.21362361052852477,0.6198942153561073,0.5795435889915881,0.1723941821847754,0.6100458831490401,0.6100458831490401,0.0008730781264603138,0.055843264097347856,0.2893621192779392
NFCorpus_train,PLAIN-2443,Dietary Pollutants May Affect Testosterone Levels,0,bm25,0.24955808859499953,0.03997864571764841,0.10270500585433887,0.21041428151639363,0.0,0.10811053247825145,0.001956718973815441,0.058450702112168074,0.29163075401447713
NFCorpus_train,PLAIN-2444,"Turmeric Curcumin, MGUS, and Multiple Myeloma",0,bm25,0.8995119422889397,0.8609878849913843,0.8883093694646631,0.8942748604427979,0.863664922155261,0.9350624941733297,0.0002841241657733917,0.05485324328765273,0.28889009123668075
NFCorpus_train,PLAIN-2445,Why Do Plant-Based Diets Help Rheumatoid Arthritis?,2,bge,0.29068753380985923,0.3127544224459764,0.34390264171970836,0.25350000234066256,0.28662711406785707,0.36200278075758774,0.000795555068179965,0.05521747097373009,0.2893592230975628
NFCorpus_train,PLAIN-2446,How to Prevent Kidney Stones With Diet,0,bm25,0.8201274367994839,0.5357507430031462,0.4610141555573118,0.8108483496619152,0.5215014624911317,0.48527805848138084,0.0010277328547090292,0.05571001162752509,0.2878878037445247
NFCorpus_train,PLAIN-2447,Are the Benefits of Organic Food Underrated or Overrated?,1,l6,0.4717402376039059,0.763640306097052,0.7609747491417919,0.44411257391075176,0.7615868982389814,0.801026051728202,0.0009605581872165203,0.05685442336834967,0.28809668007306755
NFCorpus_train,PLAIN-2448,Are Organic Foods Healthier?,0,bm25,0.45261794755111995,0.3393122651119488,0.354928050462664,0.42395590568204045,0.3146188578006449,0.3736084741712253,0.0008074049837887287,0.05516031919978559,0.2880238958168775
NFCorpus_train,PLAIN-2451,Are Organic Foods More Nutritious?,0,bm25,0.7880824363348853,0.7783466307201885,0.7730193917973591,0.777071605481148,0.777071605481148,0.8137046229445886,0.0007732019294053316,0.056292091961950064,0.2851273547858
NFCorpus_train,PLAIN-2452,Bowel Wars: Hydrogen Sulfide vs. Butyrate,0,bm25,0.8152053481069678,0.7834071431101536,0.765818566784029,0.805509575249151,0.7822720796852101,0.8061248071410833,0.00016515003517270088,0.056018215138465166,0.2872336402069777
NFCorpus_train,PLAIN-2453,How to Prevent High Blood Pressure with Diet,2,bge,0.3531881552410365,0.234595889412842,0.6245680620671247,0.31943122193677725,0.20552129391196988,0.6574400653338155,0.001596689922735095,0.0626274140086025,0.2940436457283795
NFCorpus_train,PLAIN-2454,Antioxidants and Depression,0,bm25,0.7924224186692774,0.6024770511457425,0.5114179174758791,0.781555129002097,0.5925599346661845,0.5383346499746096,0.00031662010587751865,0.0602364600636065,0.28807801217772067
NFCorpus_train,PLAIN-2455,Cholesterol Crystals May Tear Through Our Artery Lining,0,bm25,0.7808280098611445,0.7708368716309774,0.7310264873562815,0.769501565638191,0.769501565638191,0.769501565638191,0.0011436839122325182,0.058715470833703876,0.28811425482854247
NFCorpus_train,PLAIN-2456,What Percent of Americans Lead Healthy Lifestyles?,1,l6,0.4556286531719279,0.7986413637622876,0.7664849782330262,0.4271227115752708,0.7982688592886614,0.8068262928768697,0.0007961238734424114,0.05607185885310173,0.2886120828334242
NFCorpus_train,PLAIN-2457,C. difficile Superbugs in Meat,0,bm25,0.9999516932085277,0.9902411038293898,0.95,1.0,1.0,1.0,0.000279122032225132,0.056387991178780794,0.2889055800624192
NFCorpus_train,PLAIN-2458,Formula for Childhood Obesity,0,bm25,0.6294882884984907,0.6203491533517036,0.5795435889915881,0.6100458831490401,0.6100458831490401,0.6100458831490401,0.0003175388555973768,0.05279501876793802,0.28710309602320194
NFCorpus_train,PLAIN-2461,Peppermint Aromatherapy for Nausea,0,bm25,0.9999868027855431,0.8086393000782756,0.814886558164924,1.0,0.8084147921180638,0.8577753243841305,7.621687836945057e-05,0.05402579694055021,0.28876123297959566
NFCorpus_train,PLAIN-2462,Switching from Beef to Chicken & Fish May Not Lower Cholesterol,1,l6,0.35321231735634,0.7713214539561383,0.7231854084761673,0.31943122193677725,0.7694428460914032,0.7612477983959656,0.0014377660118043423,0.056089464109390974,0.29064157884567976
NFCorpus_train,PLAIN-2463,How Much Fruit is Too Much?,0,bm25,0.04993010661653534,0.04022989001788137,0.0,0.0,0.0,0.0,0.00040167104452848434,0.056147951167076826,0.2873455430381
NFCorpus_train,PLAIN-2464,Diet and Amyotrophic Lateral Sclerosis (ALS),0,bm25,0.9998641850977199,0.9904663394955407,0.95,1.0,1.0,1.0,0.0007847461383789778,0.05508602620102465,0.2889028100762516
NFCorpus_train,PLAIN-2465,ALS (Lou Gehrig's Disease): Fishing for Answers,1,l6,0.22944713681172682,0.8286579077573203,0.23719728437527576,0.18905847289053548,0.8297401535451214,0.2496813519739745,0.0009121960029006004,0.05525284609757364,0.2879180561285466
NFCorpus_train,PLAIN-2466,Nutritional Yeast to Prevent the Common Cold,2,bge,0.7805874818866058,0.7754706465307089,0.783242498282627,0.7692054650395681,0.7736991811496752,0.8244657876659233,0.0009030511137098074,0.05464676907286048,0.2863013381138444
NFCorpus_train,PLAIN-2467,Can Oatmeal Help Fatty Liver Disease?,1,l6,0.4733832629903218,0.8345296915294389,0.690527722907063,0.44585173552936597,0.8361195135366879,0.7268712872705927,0.001021713949739933,0.05683400481939316,0.29044816782698035
NFCorpus_train,PLAIN-2468,Oatmeal Lotion for Chemotherapy-Induced Rash,0,bm25,0.7405122216071681,0.7354678527206423,0.6977750443273205,0.7268712872705927,0.7345000466603374,0.7345000466603374,2.9019080102443695e-05,0.02303957613185048,0.09360208595171571
NFCorpus_train,PLAIN-2471,Do Antidepressant Drugs Really Work?,2,bge,0.6230532703347125,0.9147612117232877,0.915152137002804,0.6032721558012799,0.9207464801295095,0.96331803895032,0.0003232159651815891,0.05816696095280349,0.29235668503679335
NFCorpus_train,PLAIN-2472,Exercise vs. Drugs for Depression,1,l6,0.5934394759859503,0.8510077500337182,0.814886558164924,0.5721113941553768,0.8532918008631815,0.8577753243841305,0.00038602715358138084,0.055967734195291996,0.2909088952001184
NFCorpus_train,PLAIN-2473,Improving on the Mediterranean Diet,2,bge,0.18527390420261042,0.13268188194408786,0.21060512782912735,0.1425715588208105,0.09721561096838863,0.2216896082411867,0.0009797299280762672,0.05605076509527862,0.2897294720169157
NFCorpus_train,PLAIN-2474,Do Flexitarians Live Longer?,1,l6,0.21374525362783683,0.6200527166427361,0.5795435889915881,0.1723941821847754,0.6100458831490401,0.6100458831490401,0.00016797194257378578,0.054559561889618635,0.28743175487034023
NFCorpus_train,PLAIN-2475,Which Parts of the Mediterranean Diet Extended Life?,0,bm25,0.04983258820397213,0.04022560562731004,0.0,0.0,0.0,0.0,0.0009695978369563818,0.05661029787734151,0.28958468278869987
NFCorpus_train,PLAIN-2476,PREDIMED: Does Eating Nuts Prevent Strokes?,1,l6,0.8020211623057745,0.8490891816407542,0.4607983265177684,0.791716526778826,0.8517033016219873,0.4850508700187036,0.0006369240581989288,0.05831469292752445,0.29073165403679013
NFCorpus_train,PLAIN-2477,The Mediterranean Diet or a Whole Food Plant-Based Diet?,0,bm25,0.0497603931520012,0.04045464855874359,0.0,0.0,0.0,0.0,0.001394122140482068,0.05553842009976506,0.2909186761826277
NFCorpus_train,PLAIN-2478,Why Was Heart Disease Rare in the Mediterranean?,0,bm25,0.6293873654185351,0.3784918877375943,0.6097634633860901,0.6100458831490401,0.3561131829864573,0.6418562772485159,0.0008996219839900732,0.056523876963183284,0.2879277328029275
NFCorpus_train,PLAIN-2481,Optimal Cholesterol Level,2,bge,0.21362811739013907,0.6601476476224587,0.6632861396282168,0.1723941821847754,0.6526174419698506,0.6981959364507546,0.0008474390488117933,0.05697002401575446,0.289513539057225
NFCorpus_train,PLAIN-2482,Reducing Glycotoxin Intake to Prevent Alzheimer's,2,bge,0.04976602455052313,0.343630559593622,0.40075592841126906,0.0,0.31943122193677725,0.4218483456960727,0.0013414730783551931,0.05635409499518573,0.28666962310671806
NFCorpus_train,PLAIN-2483,The Cilantro Gene,0,bm25,0.6954756907541763,0.6859284310582892,0.6318153834873821,0.6794771050858174,0.6794771050858174,0.6650688247235601,0.0001586258877068758,0.0551112110260874,0.2877924498170614
NFCorpus_train,PLAIN-2484,Plant-Based Workplace Intervention,1,l6,0.681760265500245,0.6979151169157256,0.6650110429468946,0.6650688247235601,0.6921556763022041,0.7000116241546259,0.0003203200176358223,0.055981195997446775,0.29057666496373713
NFCorpus_train,PLAIN-2485,Lipotoxicity: How Saturated Fat Raises Blood Sugar,1,l6,0.39377576405955694,0.7020662798912746,0.6167827667564588,0.36200278075758774,0.6966391998231531,0.6492450176383777,0.0007387148216366768,0.05671440879814327,0.2911130378488451
NFCorpus_train,PLAIN-2486,The Spillover Effect Links Obesity to Diabetes,1,l6,0.04975204949223497,0.20413355632294838,0.07771987439450205,0.0,0.1723941821847754,0.08181039409947585,0.0014320630580186844,0.05568208289332688,0.2887800212483853
NFCorpus_train,PLAIN-2487,What Causes Insulin Resistance?,1,l6,0.22258113165409604,0.2729870652271324,0.20290203303914278,0.18177069331014817,0.2447204284013076,0.213581087409624,0.0005863860715180635,0.055124961072579026,0.29021258000284433
NFCorpus_train,PLAIN-2488,The Problem With the Paleo Diet Argument,0,bm25,0.04986420118706277,0.0404661666943431,0.0,0.0,0.0,0.0,0.0007843631319701672,0.055066662142053246,0.2887960192747414
NFCorpus_train,PLAIN-2491,Flax Seeds for Hypertension,1,l6,0.7284526846073607,0.7352626438408496,0.3154986952697013,0.714192716054206,0.7315948297914245,0.3321038897575804,0.00017690006643533707,0.056758398190140724,0.29099575197324157
NFCorpus_train,PLAIN-2492,Preventing Alzheimer’s Disease With Plants,1,l6,0.18507298631691796,0.682668799240167,0.6097634633860901,0.1425715588208105,0.6765718882169046,0.6418562772485159,0.0021435481030493975,0.05836616503074765,0.2896729193162173
NFCorpus_train,PLAIN-2493,Turmeric Curcumin vs. Exercise for Artery Function,0,bm25,0.800421086891444,0.7753980282660187,0.7219984790478978,0.7900738115932238,0.7736991811496752,0.7599983989977872,0.0008625779300928116,0.05565649294294417,0.2893894088920206
NFCorpus_train,PLAIN-2494,Enhancing Athletic Performance With Peppermint,1,l6,0.8601980854736819,0.8869454962144332,0.855329539044694,0.8529527010201656,0.8909917927337878,0.900346883204941,0.0006187411490827799,0.05492593115195632,0.28918409207835793
NFCorpus_train,PLAIN-2495,Never Too Late to Start Eating Healthier,0,bm25,0.0499380784139682,0.040414957041693414,0.0,0.0,0.0,0.0,0.0003542590420693159,0.05483690509572625,0.28605456091463566
NFCorpus_train,PLAIN-2496,Are Raisins Good Snacks for Kids?,0,bm25,0.8917025036221972,0.8898472411025682,0.8408470852145244,0.8860308691611208,0.8942748604427979,0.8851021949626574,0.00015398883260786533,0.05576854688115418,0.2870560889132321
NFCorpus_train,PLAIN-2497,Plant-Based Diets and Diabetes,0,bm25,0.19919032106994278,0.14280781187528088,0.13544298087976997,0.15724807879105962,0.10811053247825145,0.1425715588208105,0.001127287046983838,0.057111659087240696,0.2885245010256767
NFCorpus_train,PLAIN-2498,How Many Meet the Simple Seven?,0,bm25,0.049908228545856484,0.040191714130958886,0.0,0.0,0.0,0.0,0.0005224789492785931,0.05584114301018417,0.28466310910880566
NFCorpus_train,PLAIN-2501,Which Dietary Factors Affect Breast Cancer Most?,1,l6,0.1838337707638377,0.620110102794914,0.6110143451324228,0.14123764420544596,0.6100458831490401,0.6431729948762346,0.001977770822122693,0.05455483077093959,0.2891551947686821
NFCorpus_train,PLAIN-2502,Ciguatera Poisoning & Chronic Fatigue Syndrome,0,bm25,0.8322686585264042,0.5462800469158984,0.46858362182843427,0.8235269208783019,0.532445052203479,0.49324591771414134,0.0004701961297541857,0.054774995194748044,0.28699787706136703
NFCorpus_train,PLAIN-2503,Preventing Crohn’s Disease With Diet,0,bm25,0.9667685046256957,0.9573069406285049,0.897728205504206,0.9652843890316114,0.9652843890316114,0.94497705842548,0.0014568609185516834,0.056228820933029056,0.28944453597068787
NFCorpus_train,PLAIN-2504,Why Do Vegan Women Have 5x Fewer Twins?,0,bm25,0.7117023070742053,0.6649866526119168,0.5795435889915881,0.6966391998231531,0.6574400653338155,0.6100458831490401,0.0006117110606282949,0.0558553331065923,0.29147764411754906
NFCorpus_train,PLAIN-2505,"Estrogen in Meat, Dairy, and Eggs",1,l6,0.15262887334375722,0.37655271454229167,0.2010136508404074,0.10811053247825145,0.3541468329051659,0.21159331667411305,0.0004445889499038458,0.05773554090410471,0.29198363912291825
NFCorpus_train,PLAIN-2506,Can Diet Protect Against Kidney Cancer?,0,bm25,0.2603846167427391,0.04020266578496487,0.0,0.2216896082411867,0.0,0.0,0.0012730038724839687,0.05655971588566899,0.28864849684759974
NFCorpus_train,PLAIN-2507,Paleo Diets May Negate Benefits of Exercise,1,l6,0.04971503933766853,0.6196197838246464,0.5795435889915881,0.0,0.6100458831490401,0.6100458831490401,0.0016512321308255196,0.05750444927252829,0.2897298380266875
NFCorpus_train,PLAIN-2508,Aspartame and the Brain,1,l6,0.8530303376057125,0.8910769445754217,0.780038695167728,0.845323941630421,0.8954753162547369,0.8210933633344505,0.00015881191939115524,0.055770616978406906,0.2897293549031019
NFCorpus_train,PLAIN-2511,Food Industry Funded Research Bias,0,bm25,0.2906434835637867,0.2826699604115469,0.15125370742873345,0.25350000234066256,0.25481671996838123,0.15921442887235102,0.001050535123795271,0.05443656910210848,0.28937386511825025
NFCorpus_train,PLAIN-2512,Kempner Rice Diet: Whipping Us Into Shape,1,l6,0.04985693302819094,0.6198365868085927,0.11640584443153744,0.0,0.6100458831490401,0.12253246782267099,0.0008214788977056742,0.055736815789714456,0.2870959269348532
NFCorpus_train,PLAIN-2513,Back in Circulation: Sciatica and Cholesterol,0,bm25,0.8198027750117979,0.7681383086297207,0.6455032498315265,0.8103811421993552,0.7663104407598132,0.6794771050858174,0.0003418410196900368,0.056809799978509545,0.2881812278646976
NFCorpus_train,PLAIN-2514,"If Fructose is Bad, What About Fruit?",0,bm25,0.8275948910382303,0.8023580374959459,0.725375585904259,0.8185761898947927,0.8027523828096105,0.7635532483202727,0.00030301790684461594,0.05921145901083946,0.2886469718068838
NFCorpus_train,PLAIN-2515,Eliminating 90% of Heart Disease Risk,1,l6,0.6607528987054218,0.6856822490942036,0.6143914519887841,0.6431729948762346,0.6794771050858174,0.6467278441987201,0.0015126978978514671,0.05682314094156027,0.28929404681548476
NFCorpus_train,PLAIN-2516,Inhibiting Platelet Activation with Tomato Seeds,0,bm25,0.9650183060183586,0.9273145003575448,0.8534615064674671,0.96331803895032,0.9334739949321356,0.8983805331236496,0.0007743730675429106,0.05488672200590372,0.28931008419021964
NFCorpus_train,PLAIN-2517,Preventing Alzheimer’s Disease with Diet,0,bm25,0.4295840974319764,0.20618967627007326,0.3811418194845791,0.3999525158487472,0.17463653754611594,0.4012019152469254,0.0021511910017579794,0.05636275699362159,0.2900800690986216
NFCorpus_train,PLAIN-2518,Preventing Alzheimer’s with Lifestyle Changes,2,bge,0.6623406123527287,0.3557691575959918,0.761333707439884,0.6447614941174287,0.3321038897575804,0.8014039025682991,0.0010587270371615887,0.056348615093156695,0.28957498795352876
NFCorpus_train,PLAIN-2521,GMO Soy and Breast Cancer,0,bm25,0.7942021148063569,0.7772316979396997,0.39837949694100283,0.7835214790833883,0.7756655312309664,0.41934683888526614,0.0008295939769595861,0.055872885044664145,0.28948011295869946
NFCorpus_train,PLAIN-2522,Is Monsanto’s Roundup Pesticide Glyphosate Safe?,0,bm25,0.9669830119197027,0.9454888694690904,0.9049755269244633,0.9652843890316114,0.9526058178152246,0.9526058178152246,0.0002156419213861227,0.055055162869393826,0.29017155477777123
NFCorpus_train,PLAIN-2523,Are GMOs Safe? The Case of Roundup Ready Soy,0,bm25,0.6954050550190284,0.6857801512043576,0.6827424275963972,0.6794771050858174,0.6794771050858174,0.718676239575155,0.000565794063732028,0.05602405406534672,0.28809773619286716
NFCorpus_train,PLAIN-2524,Are GMOs Safe? The Case of Bt Corn,1,l6,0.21369100701134255,0.6196476393872412,0.5795435889915881,0.1723941821847754,0.6100458831490401,0.6100458831490401,0.00048379693180322647,0.057360199047252536,0.2898165478836745
NFCorpus_train,PLAIN-2525,Antibiotics: Agribusinesses’ Pound of Flesh,2,bge,0.3220277035446873,0.313338082984548,0.8014177300215617,0.2863633130236546,0.2872919872221181,0.8435976105490124,0.00010101008228957653,0.055527748074382544,0.28952957899309695
NFCorpus_train,PLAIN-2526,Hospitals Selling Sickness,1,l6,0.04997086893204682,0.17013771274220452,0.0,0.0,0.1365204777414663,0.0,0.00016808300279080868,0.0551413269713521,0.2884944058023393
NFCorpus_train,PLAIN-2527,Dairy Estrogen and Male Fertility,1,l6,0.7719314176618898,0.8009441226457301,0.7382180252070906,0.7599983989977872,0.800786032728319,0.777071605481148,0.00038449885323643684,0.05620360583998263,0.286676786839962
NFCorpus_train,PLAIN-2528,The Role of Diet in Declining Sperm Counts,0,bm25,0.8558062945334548,0.5206693129469276,0.501194810990611,0.8484202339129773,0.5057265989921886,0.5275734852532747,0.001119081163778901,0.056676640175282955,0.29002607124857605
NFCorpus_train,PLAIN-2531,Turmeric Curcumin and Pancreatic Cancer,0,bm25,0.9998892855112872,0.9902394899437775,0.915152137002804,1.0,1.0,0.96331803895032,0.0006343889981508255,0.055927279870957136,0.28649773192591965
NFCorpus_train,PLAIN-2532,Can Flax Seeds Help Prevent Breast Cancer?,1,l6,0.8703042170109874,0.885432560792242,0.8534615064674671,0.863664922155261,0.8895857184836063,0.8983805331236496,0.0010256741661578417,0.05591284926049411,0.2889889932703227
NFCorpus_train,PLAIN-2533,PCBs in Children’s Fish Oil Supplements,0,bm25,0.6294151878593489,0.6200216739547677,0.6125234194115572,0.6100458831490401,0.6100458831490401,0.6447614941174287,0.0007485880050808191,0.05551346205174923,0.2915036620106548
NFCorpus_train,PLAIN-2534,How Much Hibiscus Tea is Too Much?,1,l6,0.4150993737403899,0.4410879303481823,0.39617443621550236,0.38436872776344766,0.4218483456960727,0.4170257223321078,0.0002924920991063118,0.05553700705058873,0.28722082218155265
NFCorpus_train,PLAIN-2535,Is There Too Much Aluminum in Tea?,1,l6,0.5139143364042821,0.7997152499590688,0.3275433379252688,0.4883743507639372,0.7994375524870078,0.34478246097396714,0.00023828912526369095,0.056261478224769235,0.2885078280232847
NFCorpus_train,PLAIN-2536,Protecting Teeth From Hibiscus Tea,0,bm25,0.2451739134004262,0.20599383233312044,0.21060512782912735,0.20552129391196988,0.17438195292028635,0.2216896082411867,0.00041338405571877956,0.05604675295762718,0.2898263521492481
NFCorpus_train,PLAIN-2537,Hibiscus Tea vs. Plant-Based Diets for Hypertension,0,bm25,0.8903802739048055,0.8375898419251826,0.7984297559462059,0.8847630951196415,0.8392519188682779,0.8404523746802168,0.00084292097017169,0.05651549086906016,0.2913325510453433
NFCorpus_train,PLAIN-2538,Lifestyle Medicine Is the Standard of Care for Prediabetes,1,l6,0.4808702751678926,0.6605022115142972,0.4027581103979384,0.45365873979554855,0.6526174419698506,0.42395590568204045,0.0006085189525038004,0.05469099781475961,0.28832207596860826
NFCorpus_train,PLAIN-2541,Telomeres: Cap It All Off with Diet,0,bm25,0.8366205208457012,0.647949728361573,0.5777365366139099,0.8281516543039273,0.6399541168509599,0.6081437227514841,0.0007176569197326899,0.05812482279725373,0.29043002985417843
NFCorpus_train,PLAIN-2542,Does Meditation Affect Cellular Aging?,2,bge,0.8163168218238338,0.8855063928466664,0.885549413439196,0.8068262928768697,0.8894032934925936,0.9321572773044169,0.0009686769917607307,0.05430338508449495,0.2880285670980811
NFCorpus_train,PLAIN-2543,Treating Alzheimer's with Turmeric,0,bm25,0.9999494728190148,0.9904242661564223,0.8883093694646631,1.0,1.0,0.9350624941733297,0.0002945351880043745,0.055819274159148335,0.29146212222985923
NFCorpus_train,PLAIN-2544,Preventing Alzheimer's with Turmeric,0,bm25,0.6817315603584926,0.3964425698929369,0.3557314553357324,0.6650688247235601,0.3744541635112973,0.3744541635112973,0.00048187701031565666,0.05339934700168669,0.2874367830809206
NFCorpus_train,PLAIN-2545,Garlic and Raisins to Prevent Premature Birth,0,bm25,0.6623785140339238,0.656180733628088,0.6514573260121929,0.6447614941174287,0.6492450176383777,0.6857445536970451,0.0008442550897598267,0.06177010526880622,0.2913125460036099
NFCorpus_train,PLAIN-2546,Dioxins in U.S. Farm-Raised Catfish,0,bm25,0.8591017444200051,0.8185466985721932,0.8091181365408878,0.8517033016219873,0.8210933633344505,0.8517033016219873,6.050406955182552e-05,0.04241748619824648,0.18455229187384248
NFCorpus_train,PLAIN-2547,Collaboration with the New Vectors of Disease,0,bm25,0.049763442541608034,0.04014651632141594,0.0,0.0,0.0,0.0,0.001362222945317626,0.05674156988970935,0.28792644175700843
NFCorpus_train,PLAIN-2548,Four Nuts Once a Month,1,l6,0.4734493558632742,0.7751802141108787,0.4057665759965073,0.44585173552936597,0.7736991811496752,0.4271227115752708,0.0006367610767483711,0.05703387106768787,0.28998283902183175
NFCorpus_train,PLAIN-2551,Treating Gout with Cherry Juice,1,l6,0.8044565884843663,0.8855924290647981,0.7412904431237227,0.7942337002184836,0.8895857184836063,0.7803057296039186,0.0003784489817917347,0.055032022995874286,0.2892159069888294
NFCorpus_train,PLAIN-2552,MRSA Superbugs in Meat,0,bm25,0.9697156749548557,0.8956488833161618,0.855329539044694,0.9681896059005242,0.900346883204941,0.900346883204941,0.0003704850096255541,0.05564781418070197,0.28741758689284325
NFCorpus_train,PLAIN-2553,How to Prevent Prediabetes in Children,0,bm25,0.8229608489943998,0.7821285140921503,0.7175902905935932,0.813753566530828,0.7809553620574914,0.755358200624835,0.0006154109723865986,0.0572943480219692,0.2929434508550912
NFCorpus_train,PLAIN-2554,How to Prevent Prediabetes from Turning into Diabetes,1,l6,0.5092505049021134,0.9224781225617421,0.501194810990611,0.4835517273999723,0.9286024279819314,0.5275734852532747,0.0007116829510778189,0.055802342016249895,0.2878135070204735
NFCorpus_train,PLAIN-2555,"Beans, Beans, They're Good For Your Heart",2,bge,0.47588682378333297,0.4549920532864864,0.6427432938060593,0.4483689089690236,0.4366344768984272,0.6765718882169046,0.0003660731017589569,0.05643381713889539,0.28761361818760633
NFCorpus_train,PLAIN-2556,How to Diagnose Gluten Intolerance,2,bge,0.37099952486954163,0.3075002426434824,0.4640924474018292,0.33793406061998066,0.28119847204762116,0.48851836568613605,0.0002187101636081934,0.05571884522214532,0.289048959268257
NFCorpus_train,PLAIN-2557,Gluten-Free Diets: Separating the Wheat from the Chat,0,bm25,0.7357795810476293,0.4803695944010841,0.1637744730755366,0.7220486639066279,0.4631550401713781,0.1723941821847754,0.0009686709381639957,0.055962112033739686,0.2906309310346842
NFCorpus_train,PLAIN-2558,Is Gluten Sensitivity Real?,0,bm25,0.5859970857373692,0.5818681653121032,0.5028895398263759,0.5642554463029549,0.5701450440740854,0.5293574103435535,0.00026339408941566944,0.056445725960657,0.2888837440405041
NFCorpus_train,PLAIN-2561,Second Strategy to Cooking Broccoli,0,bm25,0.8284572855142797,0.7551186447819253,0.24592416838403952,0.8195048640932563,0.7522705587649096,0.25886754566741005,0.0004192169290035963,0.055279355961829424,0.28977311099879444
NFCorpus_train,PLAIN-2562,Inhibiting Platelet Aggregation with Berries,1,l6,0.3404123423097418,0.45327655147268864,0.42764519235633713,0.3057657514756421,0.43432902697411996,0.4501528340593023,0.0003772678319364786,0.05408623279072344,0.2896641648840159
NFCorpus_train,PLAIN-2563,Illegal Drugs in Chicken Feathers,0,bm25,0.7358905966561011,0.7309864319260838,0.7292458004681553,0.7220486639066279,0.7268712872705927,0.7676271583875319,0.0003220699727535248,0.05523529276251793,0.28945397888310254
NFCorpus_train,PLAIN-2564,What’s the Best Mouthwash?,2,bge,0.48797932434520763,0.4821016828591561,0.730970703786833,0.46104748018541036,0.4644199045168832,0.7694428460914032,9.116902947425842e-05,0.052553173853084445,0.2888417378999293
NFCorpus_train,PLAIN-2565,Which Vegetable Binds Bile Best?,0,bm25,0.6294731987548248,0.6200537726883136,0.5795435889915881,0.6100458831490401,0.6100458831490401,0.6100458831490401,0.0004055360332131386,0.05467324214987457,0.28806270007044077
NFCorpus_train,PLAIN-2566,Breast Cancer and Constipation,1,l6,0.7791104270869079,0.783214432053087,0.6572257476362288,0.7676271583875319,0.7818942288451127,0.6918165764591883,0.0007777379360049963,0.05506757996045053,0.2872565968427807
NFCorpus_train,PLAIN-2567,Evidence-Based Medicine or Evidence-Biased?,1,l6,0.13421827027658273,0.6204211702138661,0.5795435889915881,0.08868266728275007,0.6100458831490401,0.6100458831490401,0.0001714180689305067,0.051670826971530914,0.2832079310901463
NFCorpus_train,PLAIN-2568,Saving Lives By Treating Acne With Diet,0,bm25,0.9649912605713225,0.8944876182499382,0.90955701912023,0.96331803895032,0.8987583839637469,0.9574284411791896,0.0009237509220838547,0.05358911491930485,0.2870995190460235
NFCorpus_train,PLAIN-2571,Preventing Prediabetes By Eating More,2,bge,0.04990436217523794,0.12452234079438024,0.21060512782912735,0.0,0.08868266728275007,0.2216896082411867,0.0005497031379491091,0.05590381100773811,0.2873879342805594
NFCorpus_train,PLAIN-2572,Which Nut Fights Cancer Better?,0,bm25,0.4760383642136003,0.2816815850703048,0.34075508127817733,0.4485960974317008,0.25416487549492356,0.3586895592401867,0.0007416149601340294,0.05666704080067575,0.289855602895841
NFCorpus_train,PLAIN-2573,What Diet Should Physicians Recommend?,0,bm25,0.35330494490710407,0.17461268495169907,0.2510481087088973,0.31943122193677725,0.14123764420544596,0.2642611670619972,0.0008989530615508556,0.05556478397920728,0.29051728709600866
NFCorpus_train,PLAIN-2574,Preventing Liver Cancer with Coffee,0,bm25,0.8150709015482128,0.8081336669502809,0.7679940525121606,0.805509575249151,0.8084147921180638,0.8084147921180638,0.0009435690008103848,0.05701129115186632,0.289092605933547
NFCorpus_train,PLAIN-2575,Essential Tremor and Diet,0,bm25,0.9626228867870198,0.9244618783183046,0.8840403391600615,0.9608008655106623,0.9305687780632227,0.9305687780632227,0.0007964868564158678,0.0553093368653208,0.2887172468472272
NFCorpus_train,PLAIN-2576,Cooking to Live Longer,2,bge,0.17253042971085142,0.6201212083504632,0.6690545612522528,0.1290260050678645,0.6100458831490401,0.7042679592128978,0.0002557719126343727,0.05443195207044482,0.28884394583292305
NFCorpus_train,PLAIN-2577,The Best Way to Cook Sweet Potatoes,0,bm25,0.9234507481231417,0.9080688115115508,0.8345285006897347,0.9194787060880301,0.9131666643260041,0.8784510533576155,0.0003126668743789196,0.05463309399783611,0.28938492806628346
NFCorpus_train,PLAIN-2578,Anti-Cancer Potential of Sweet Potato Proteins,0,bm25,0.9696125322151374,0.9137674219952158,0.915152137002804,0.9681896059005242,0.9194787060880301,0.96331803895032,0.0009646129328757524,0.05604500602930784,0.28778370399959385
NFCorpus_train,PLAIN-2581,Dark Chocolate and Artery Function,0,bm25,0.8711411869477113,0.8475000328135852,0.7622256308881246,0.86445576451351,0.849736951540696,0.8023427693559206,0.0005316659808158875,0.05647476203739643,0.28961205086670816
NFCorpus_train,PLAIN-2582,Broccoli: Sprouts vs. Supplements,0,bm25,0.8920418325165098,0.8747951128197438,0.806927959112796,0.886418912590376,0.8784510533576155,0.8493978516976801,0.0003213330637663603,0.0557172941043973,0.2862173728644848
NFCorpus_train,PLAIN-2583,When Low Risk Means High Risk,0,bm25,0.04965005313571525,0.03951256378602751,0.0,0.0,0.0,0.0,0.0020474030170589685,0.06135791097767651,0.2925305562093854
NFCorpus_train,PLAIN-2584,Topical Application of Turmeric Curcumin for Cancer,1,l6,0.9381886218841433,0.95849620971528,0.8812900660942944,0.9350624941733297,0.9668728882728055,0.9276737537834678,0.0006935710553079844,0.057629494927823544,0.2871987381950021
NFCorpus_train,PLAIN-2585,Turmeric Curcumin and Colon Cancer,2,bge,0.7059253724957207,0.7280970383657953,0.736882254669418,0.69056717706101,0.7240150139879192,0.7756655312309664,0.0006541220936924219,0.05602901498787105,0.28829740709625185
NFCorpus_train,PLAIN-2586,Cadmium and Cancer: Plant vs. Animal Foods,1,l6,0.8255412630497105,0.8552906196015579,0.818090361279823,0.8166098398135014,0.8575928993931178,0.8611477487156033,0.001369487028568983,0.05419992213137448,0.28760491707362235
NFCorpus_train,PLAIN-2587,Watermelon for Sore Muscle Relief,1,l6,0.9382849097210328,0.9904872156466064,0.95,0.9350624941733297,1.0,1.0,0.0001414299476891756,0.055004362016916275,0.2891075839288533
NFCorpus_train,PLAIN-2588,Gout Treatment with a Cherry on Top,2,bge,0.8469760680697218,0.8011859416827348,0.8534615064674671,0.8390247304056007,0.800786032728319,0.8983805331236496,0.0005660159513354301,0.05554543505422771,0.29048561095260084
NFCorpus_train,PLAIN-2591,Longer Life Within Walking Distance,2,bge,0.13416815095907358,0.11808132628320782,0.30345966083993836,0.08868266728275007,0.08181039409947585,0.31943122193677725,0.00046903290785849094,0.05624072905629873,0.2917489667888731
NFCorpus_train,PLAIN-2592,Turning the Clock Back 14 Years,0,bm25,0.04987304483990095,0.0403550296345111,0.0,0.0,0.0,0.0,0.0007346339989453554,0.055811226135119796,0.289328136947006
NFCorpus_train,PLAIN-2593,"Fruits, Veggies, and Longevity: How Many Minutes Per Mouthful?",2,bge,0.1341120782267911,0.15683025841472767,0.30345966083993836,0.08868266728275007,0.12253246782267099,0.31943122193677725,0.0007883419748395681,0.055320787942036986,0.28886371990665793
NFCorpus_train,PLAIN-2594,Magic Bullets vs. Promiscuous Plants,0,bm25,0.6295083588492667,0.6201257941917923,0.13544298087976997,0.6100458831490401,0.6100458831490401,0.1425715588208105,0.0002037319354712963,0.05446204403415322,0.28914435487240553
NFCorpus_train,PLAIN-2595,Plants as Intellectual Property – Patently Wrong?,0,bm25,0.049937097720014784,0.04082049867720604,0.0,0.0,0.0,0.0,0.0003630837891250849,0.05298580788075924,0.2886094027198851
NFCorpus_train,PLAIN-2596,Xenohormesis: What Doesn't Kill Plants May Make Us Stronger,0,bm25,0.7475768676846176,0.738192662285726,0.7235075533270323,0.7345000466603374,0.7345000466603374,0.7615868982389814,0.0011413199827075005,0.05518593895249069,0.2879552219528705
NFCorpus_train,PLAIN-2597,Appropriating Plant Defenses,0,bm25,0.7190030461397278,0.2852205835476733,0.08424853391861256,0.7042679592128978,0.2583715692908667,0.08868266728275007,0.0002949091140180826,0.05857757106423378,0.2862355331890285
NFCorpus_train,PLAIN-2598,"Tick Bites, Meat Allergies, and Chronic Urticaria",1,l6,0.5723980416473559,0.8593576680341602,0.8015486702697654,0.549988375845374,0.8620764229140668,0.8437354423892268,0.000524753937497735,0.055496362736448646,0.28859461890533566
NFCorpus_train,PLAIN-2601,Debunking Egg Industry Myths,0,bm25,0.35774340438794083,0.2549971598549664,0.2603129666080695,0.3239739482717981,0.22574043394021553,0.2740136490611258,0.0001869439147412777,0.05550972605124116,0.29350806097500026
NFCorpus_train,PLAIN-2602,Walnuts and Artery Function,1,l6,0.4506755750914356,0.772818299014555,0.42616629256011573,0.4218483456960727,0.7711820077100174,0.4485960974317008,0.00046649505384266376,0.0569211239926517,0.290277399122715
NFCorpus_train,PLAIN-2603,Pollutants in Salmon and Our Own Fat,2,bge,0.30556953753220095,0.3215879367073074,0.6647952139073512,0.2690837904259621,0.29607156116147304,0.6997844356919487,0.00034566991962492466,0.05570950685068965,0.28775433800183237
NFCorpus_train,PLAIN-2604,Diabetes and Dioxins,0,bm25,0.7597670053924859,0.4726136766317083,0.43341361398037315,0.7471786178767241,0.4549754574232672,0.4562248568214454,0.0003039080183953047,0.05545523902401328,0.28843853808939457
NFCorpus_train,PLAIN-2605,Fish and Diabetes,1,l6,0.5259724643867292,0.8888651720641239,0.8103050659691573,0.5011018655665632,0.8929581428150792,0.8529527010201656,0.00043195299804210663,0.054904303047806025,0.29065078496932983
NFCorpus_train,PLAIN-2606,Cancer Risk From French Fries,0,bm25,0.9334719210069378,0.8852979666044616,0.8519524321883327,0.9301909272231255,0.8895857184836063,0.8967920338824555,0.0012072580866515636,0.05653278925456107,0.2881836441811174
NFCorpus_train,PLAIN-2607,Statin Cholesterol Drugs and Invasive Breast Cancer,2,bge,0.6744082099669625,0.664758195256463,0.7105709872232245,0.6574400653338155,0.6574400653338155,0.7479694602349732,0.0009292131289839745,0.057024318259209394,0.29064777004532516
NFCorpus_train,PLAIN-2608,Cholesterol Feeds Breast Cancer Cells,0,bm25,0.7918530841234405,0.757732328819833,0.7382180252070906,0.7810965719621676,0.7551757756338224,0.777071605481148,0.0010781730525195599,0.05534707591868937,0.28574615507386625
NFCorpus_train,PLAIN-2611,Treating Asthma With Fruits and Vegetables,0,bm25,0.666682466844324,0.38091380326258345,0.27692374696715816,0.6492450176383777,0.35863035642611496,0.29149868101806126,0.0005785010289400816,0.056437267921864986,0.28838561102747917
NFCorpus_train,PLAIN-2612,Preventing Asthma With Fruits and Vegetables,2,bge,0.2977152740266781,0.17569571413860013,0.46520651497207305,0.26088874273052437,0.1425715588208105,0.4896910683916559,0.0007371350657194853,0.05568445194512606,0.28564136708155274
NFCorpus_train,PLAIN-2613,Taxpayer Subsidies for Unhealthy Foods,0,bm25,0.6953817657656461,0.6857501720704006,0.6318153834873821,0.6794771050858174,0.6794771050858174,0.6650688247235601,0.000696300994604826,0.05590097513049841,0.2865812028758228
NFCorpus_train,PLAIN-2614,How Many Cancers Have Been Caused by Arsenic-Laced Chicken?,0,bm25,0.6608330271024718,0.6193288778780358,0.6143914519887841,0.6431729948762346,0.6100458831490401,0.6467278441987201,0.0010474319569766521,0.059008002979680896,0.28883833484724164
NFCorpus_train,PLAIN-2615,California Children Are Contaminated,0,bm25,0.6294860463961204,0.6199675581130146,0.5795435889915881,0.6100458831490401,0.6100458831490401,0.6100458831490401,0.0003341659903526306,0.0556106970179826,0.2903640230651945
NFCorpus_train,PLAIN-2616,Caloric Restriction vs. Animal Protein Restriction,1,l6,0.8381307524467263,0.8720518860396309,0.8103050659691573,0.8297401535451214,0.8753186480260255,0.8529527010201656,0.0007139418739825487,0.05541997286491096,0.291658598696813
NFCorpus_train,PLAIN-2617,Why Do We Age?,0,bm25,0.7593881698558927,0.32629421245706003,0.388927114795245,0.7468395180337083,0.3008941845254379,0.40939696294236316,0.0006314751226454973,0.055168558144941926,0.288681531092152
NFCorpus_train,PLAIN-2618,Blood Type Diet Debunked,1,l6,0.6293408091545708,0.6855828879356438,0.6455032498315265,0.6100458831490401,0.6794771050858174,0.6794771050858174,0.0011733579449355602,0.05740282475017011,0.2893181990366429
NFCorpus_train,PLAIN-2621,Phytates for Rehabilitating Cancer Cells,0,bm25,0.4370611677606805,0.18965780617337025,0.37412251611421043,0.40758127523849186,0.15724807879105962,0.39381317485706363,0.0008155039977282286,0.05624579405412078,0.2890961829107255
NFCorpus_train,PLAIN-2622,Phytates for the Prevention of Cancer,0,bm25,0.93665746739853,0.26875823790351844,0.3406988386048092,0.9334739949321356,0.24023690488035854,0.35863035642611496,0.0008270470425486565,0.054817812982946634,0.289525959873572
NFCorpus_train,PLAIN-2623,Low Carb Diets and Coronary Blood Flow,0,bm25,0.6293339839139085,0.6197654163808735,0.30345966083993836,0.6100458831490401,0.6100458831490401,0.31943122193677725,0.001215360127389431,0.056697105057537556,0.2899166711140424
NFCorpus_train,PLAIN-2624,Nuts May Help Prevent Death,2,bge,0.3383894741536817,0.49430958341640036,0.7491459355257677,0.3037994013943507,0.477889318091519,0.7885746689744924,0.0012960110325366259,0.05706663313321769,0.29460531496442854
NFCorpus_train,PLAIN-2625,Turmeric Curcumin Reprogramming Cancer Cell Death,1,l6,0.9025405785904416,0.9381528069612427,0.8464422030970984,0.8975828762407045,0.94497705842548,0.8909917927337878,0.0009419650305062532,0.05528334900736809,0.2886738800443709
NFCorpus_train,PLAIN-2626,Carcinogen Blocking Effects of Turmeric,1,l6,0.43093130036558236,0.6996930301447875,0.3336795352344405,0.4012019152469254,0.6941220263834955,0.35124161603625315,0.0012164940126240253,0.05618417705409229,0.28892720490694046
NFCorpus_train,PLAIN-2627,Back to Our Roots: Curry and Cancer,1,l6,0.7117029385225959,0.8202616652440813,0.7757793478228263,0.6966391998231531,0.8210933633344505,0.8166098398135014,0.0006004420574754477,0.056284432066604495,0.287840133998543
NFCorpus_train,PLAIN-2628,Seeing Red No. 3: Coloring to Dye For,0,bm25,0.7480446926075524,0.6721488468369015,0.6992744356467548,0.7348778975004346,0.6650688247235601,0.7360783533123736,0.00051639205776155,0.05589208099991083,0.2891008590813726
NFCorpus_train,PLAIN-2631,How to Slow Brain Aging by Two Years,0,bm25,0.04976879543218296,0.03987725379195459,0.0,0.0,0.0,0.0,0.0013395680580288172,0.05864982516504824,0.28969325101934373
NFCorpus_train,PLAIN-2632,Is Meat Glue Safe?,1,l6,0.13418681186855627,0.34388082560914773,0.10270500585433887,0.08868266728275007,0.31943122193677725,0.10811053247825145,0.00035662902519106865,0.05534635786898434,0.2888992060907185
NFCorpus_train,PLAIN-2633,Is Liquid Smoke Flavoring Carcinogenic?,0,bm25,0.815760616080025,0.7993093296986494,0.7696887813479253,0.8061248071410833,0.7994375524870078,0.8101987172083425,0.0003358079120516777,0.05885314289480448,0.28973583481274545
NFCorpus_train,PLAIN-2634,"Food Antioxidants, Stroke, and Heart Disease",0,bm25,0.6641390080497537,0.6191444098025918,0.6620352578818841,0.6467278441987201,0.6100458831490401,0.6968792188230359,0.0014646609779447317,0.06033526500687003,0.29009628505446017
NFCorpus_train,PLAIN-2635,Food Antioxidants and Cancer,2,bge,0.7372436622352451,0.7202992677894295,0.7444330581317341,0.7236269705586641,0.7161590661354974,0.7836137454018254,0.001166428904980421,0.058054934022948146,0.288777502020821
NFCorpus_train,PLAIN-2636,Orange Aromatherapy for Anxiety,1,l6,0.9382948283275651,0.9601951124391206,0.95,0.9350624941733297,0.9681896059005242,1.0,8.37638508528471e-05,0.055214224848896265,0.28802372980862856
NFCorpus_train,PLAIN-2637,Who Says Eggs Aren't Healthy or Safe?,0,bm25,0.185352781882478,0.15618008228327512,0.0,0.1425715588208105,0.12253246782267099,0.0,0.0005238468293100595,0.05938794487155974,0.29038395383395255
NFCorpus_train,PLAIN-2638,How Much Exercise to Sustain Weight Loss?,0,bm25,0.7093126811131326,0.685907735885683,0.6245680620671247,0.6941220263834955,0.6794771050858174,0.6574400653338155,0.0005984089802950621,0.055616253055632114,0.28980340901762247
NFCorpus_train,PLAIN-2641,Foster Farms Responds to Chicken Salmonella Outbreaks,2,bge,0.8755995489804169,0.8045730452510187,0.90955701912023,0.8690959628864623,0.8045363078998892,0.9574284411791896,0.00024151685647666454,0.05650542094372213,0.2901747396681458
NFCorpus_train,PLAIN-2642,Norovirus Food Poisoning from Pesticides,0,bm25,0.7302256861954164,0.6859803549531723,0.6455032498315265,0.7161590661354974,0.6794771050858174,0.6794771050858174,0.0007251380011439323,0.05505539593286812,0.28906859015114605
NFCorpus_train,PLAIN-2643,Is Fish Oil Just Snake Oil?,0,bm25,0.7707387977334164,0.399754428999702,0.7455497904686242,0.7587306249563079,0.37818135431463706,0.7847892531248677,0.0003211069852113724,0.05527075985446572,0.290352945914492
NFCorpus_train,PLAIN-2644,Should We Take a Multivitamin?,0,bm25,0.9477047309433234,0.8913161625764904,0.9197801256054979,0.94497705842548,0.895863359683992,0.9681896059005242,0.00013574096374213696,0.05640238896012306,0.28912354190833867
NFCorpus_train,PLAIN-2645,Convincing Doctors to Embrace Lifestyle Medicine,0,bm25,0.04993695987312669,0.04017199866643774,0.0,0.0,0.0,0.0,0.00036144815385341644,0.056350028375163674,0.28668101713992655
NFCorpus_train,PLAIN-2646,Dr. Burkitt’s F-Word Diet,0,bm25,0.04987945673577466,0.040185658063047386,0.0,0.0,0.0,0.0,0.0006987429223954678,0.05688996403478086,0.2898307619616389
NFCorpus_train,PLAIN-2647,Prostate Cancer and Organic Milk vs. Almond Milk,0,bm25,0.8486553828282671,0.7833056780436921,0.7776473804000531,0.840840418109472,0.7818942288451127,0.8185761898947927,0.0008299429900944233,0.05509477900341153,0.2901606869418174
NFCorpus_train,PLAIN-2648,Who Shouldn’t Consume Curcumin or Turmeric?,2,bge,0.2913760686966953,0.2914828494036946,0.41293472047627905,0.25416487549492356,0.2642611670619972,0.43466812681713585,0.0004626908339560032,0.054935348918661475,0.28716079285368323
NFCorpus_train,PLAIN-2651,Turmeric Curcumin and Rheumatoid Arthritis,2,bge,0.526022311200728,0.5776755027650339,0.8527037324286693,0.5011018655665632,0.5655721639306736,0.8975828762407045,0.00013960199430584908,0.05489123798906803,0.2853552489541471
NFCorpus_train,PLAIN-2652,Spicing Up DNA Protection,0,bm25,0.629477231732791,0.6195864226801854,0.5795435889915881,0.6100458831490401,0.6100458831490401,0.6100458831490401,0.000382469967007637,0.05739111499860883,0.2881899990607053
NFCorpus_train,PLAIN-2653,Which Spices Fight Inflammation?,1,l6,0.38364651579052883,0.6607905666940413,0.6125234194115572,0.35124161603625315,0.6526174419698506,0.6447614941174287,0.0001903038937598467,0.053000141866505146,0.2881694408133626
NFCorpus_train,PLAIN-2654,Superbugs in Conventional vs. Organic Chicken,0,bm25,0.6294898039793334,0.619858153983038,0.5795435889915881,0.6100458831490401,0.6100458831490401,0.6100458831490401,0.00031148199923336506,0.056090693920850754,0.289562078891322
NFCorpus_train,PLAIN-2655,"Bacon, Eggs, and Gestational Diabetes During Pregnancy",1,l6,0.9176638083411827,0.9202284931969126,0.7580332714733633,0.9134066833258869,0.9260852545422738,0.7979297594456456,0.00042091915383934975,0.05542851216159761,0.29012572718784213
NFCorpus_train,PLAIN-2656,Dietary Treatments for Computer Eye Strain,2,bge,0.1275292873166124,0.04041216738664762,0.37688247213967757,0.08181039409947585,0.0,0.3967183917259764,0.0011018209625035524,0.055429124971851707,0.2890597239602357
NFCorpus_train,PLAIN-2657,Dietary Treatment of Glaucoma,1,l6,0.24844001780382569,0.25082329282215965,0.24545299082632335,0.2090761432344554,0.2216896082411867,0.2583715692908667,0.0010555319022387266,0.056631949031725526,0.28947507799603045
NFCorpus_train,PLAIN-2658,Dietary Prevention of Age-Related Macular Degeneration,0,bm25,0.9696091412425343,0.9269080812739723,0.8883093694646631,0.9681896059005242,0.9334739949321356,0.9350624941733297,0.0009995619766414165,0.05782915302552283,0.29229631274938583
NFCorpus_train,PLAIN-2661,Boosting Natural Killer Cell Activity,0,bm25,0.7028053346209849,0.2560346866033284,0.23198147441230282,0.6873330529382392,0.22705715156793416,0.2441910256971609,0.0009372930508106947,0.05627056211233139,0.2909661161247641
NFCorpus_train,PLAIN-2662,Vitamin B12 Necessary for Arterial Health,1,l6,0.7405482324450988,0.7454693758047499,0.7129111384786417,0.7270492703528576,0.7422856940984673,0.7504327773459387,0.0008653509430587292,0.056508149951696396,0.2912180700805038
NFCorpus_train,PLAIN-2663,Arteries of Vegans vs. Runners,1,l6,0.6667481701514124,0.6856091558846295,0.6455032498315265,0.6492450176383777,0.6794771050858174,0.6794771050858174,0.0002017489168792963,0.05769706983119249,0.2915732867550105
NFCorpus_train,PLAIN-2664,Antioxidant Rich Foods With Every Meal,1,l6,0.4055567787585108,0.7161710334551347,0.6981340026254129,0.3744541635112973,0.7112874991852932,0.7348778975004346,0.001009383937343955,0.05519759515300393,0.2889293897897005
NFCorpus_train,PLAIN-2665,"How to Reach the Antioxidant ""RDA""",2,bge,0.1276695072007448,0.1913827829112642,0.24358495824909654,0.08181039409947585,0.15921442887235102,0.2564052192095753,0.0002908259630203247,0.05699585215188563,0.28870574408210814
NFCorpus_train,PLAIN-2666,"Minimum ""Recommended Daily Allowance"" of Antioxidants",2,bge,0.049875812430793476,0.04026913529300582,0.1637744730755366,0.0,0.0,0.1723941821847754,0.000722900964319706,0.056643764954060316,0.29105206299573183
NFCorpus_train,PLAIN-2667,Eggs and Diabetes,1,l6,0.7946085635038417,0.8128190818292432,0.8014177300215617,0.7838605789264042,0.8133655231015728,0.8435976105490124,0.0003391769714653492,0.05680024204775691,0.28750401199795306
NFCorpus_train,PLAIN-2668,Phytates for the Prevention of Osteoporosis,0,bm25,0.9052515128753045,0.8237068669740002,0.7994648086529953,0.900346883204941,0.8244657876659233,0.8415419038452583,0.00044724391773343086,0.054657983826473355,0.28659866377711296
NFCorpus_train,PLAIN-2671,One in a Thousand: Ending the Heart Disease Epidemic,1,l6,0.3532442541610724,0.3835110323132452,0.24207588396996216,0.31943122193677725,0.36200278075758774,0.25481671996838123,0.0012326729483902454,0.05946638179011643,0.28612691001035273
NFCorpus_train,PLAIN-2672,Cavities and Coronaries: Our Choice,0,bm25,0.2137376258417621,0.20400784682956052,0.11640584443153744,0.1723941821847754,0.1723941821847754,0.12253246782267099,0.00021263910457491875,0.05636153509840369,0.28854147624224424
NFCorpus_train,PLAIN-2673,Mercury vs. Omega-3s for Brain Development,1,l6,0.440477417548076,0.44645124900794236,0.3514869912882393,0.41113612456097737,0.4271227115752708,0.3699863066191993,0.000593715813010931,0.05427491990849376,0.29132052999921143
NFCorpus_train,PLAIN-2674,Fish Intake Associated With Brain Shrinkage,1,l6,0.6292904693723974,0.6545548270206286,0.3383075238371344,0.6100458831490401,0.6467278441987201,0.3561131829864573,0.0014749520923942327,0.05731894914060831,0.29135475493967533
NFCorpus_train,PLAIN-2675,Are Fatty Foods Addictive?,0,bm25,0.9051943280180744,0.829741658080563,0.8299005120870407,0.900346883204941,0.8310568711728401,0.8735794864074113,0.0007816769648343325,0.05643784813582897,0.28905814280733466
NFCorpus_train,PLAIN-2676,Are Sugary Foods Addictive?,1,l6,0.8859180676121134,0.8930927380023234,0.4071023465341796,0.8800395525988096,0.8975828762407045,0.42852878582545223,0.0006887488998472691,0.05539041291922331,0.28816171595826745
NFCorpus_train,PLAIN-2677,How to Avoid Phosphate Additives,0,bm25,0.8602151017807419,0.850746865023146,0.8386569077864325,0.8529527010201656,0.8529527010201656,0.88279674503835,0.0005224489141255617,0.055507327895611525,0.29036493482999504
NFCorpus_train,PLAIN-2678,Phosphate Additives in Chicken,0,bm25,0.9033781847253051,0.8939144243067754,0.8519524321883327,0.8983805331236496,0.8983805331236496,0.8967920338824555,0.000481931958347559,0.05522020882926881,0.2891994009260088
NFCorpus_train,PLAIN-2681,The Broccoli Receptor: Our First Line of Defense,0,bm25,0.659679366149813,0.2507855706165569,0.30345966083993836,0.6418562772485159,0.2216896082411867,0.31943122193677725,0.0004882479552179575,0.057009943993762136,0.2902877531014383
NFCorpus_train,PLAIN-2682,Lifestyle Medicine: Treating the Causes of Disease,0,bm25,0.6553402010785608,0.6452658285162702,0.6055662581342881,0.6374381664571455,0.6374381664571455,0.6374381664571455,0.0013069899287074804,0.05955380480736494,0.28908408200368285
NFCorpus_train,PLAIN-2683,Canned Beans or Cooked Beans?,0,bm25,0.7047557683685625,0.650214862407865,0.619986569871358,0.6892504594332913,0.6418562772485159,0.6526174419698506,0.0001855958253145218,0.0550912506878376,0.28847812791354954
NFCorpus_train,PLAIN-2684,BRCA Breast Cancer Genes and Soy,1,l6,0.8454601037848759,0.8912646853687567,0.8106272108200223,0.8374679937779992,0.8954753162547369,0.8532918008631815,0.0007717669941484928,0.05415305611677468,0.28692291188053787
NFCorpus_train,PLAIN-2685,Increased Lifespan From Beans,2,bge,0.6816360658182696,0.6859180305152032,0.6932779959728302,0.6650688247235601,0.6794771050858174,0.7297663115503477,0.0010357019491493702,0.05536225391551852,0.28878970886580646
NFCorpus_train,PLAIN-2686,How Many Poppy Seeds Are Too Many?,0,bm25,0.7477042343688342,0.7373753694086511,0.6977750443273205,0.7345000466603374,0.7345000466603374,0.7345000466603374,0.0004078459460288286,0.05989927612245083,0.28798629087395966
NFCorpus_train,PLAIN-2687,Nutrient-Dense Approach to Weight Management,1,l6,0.35336602234557757,0.6859375392826704,0.6318153834873821,0.31943122193677725,0.6794771050858174,0.6650688247235601,0.0005409859586507082,0.05526482593268156,0.2888694240245968
NFCorpus_train,PLAIN-2688,Preserving Immune Function in Athletes With Nutritional Yeast,1,l6,0.7476474118392306,0.7833874017063135,0.690527722907063,0.7345000466603374,0.7818942288451127,0.7268712872705927,0.000738843809813261,0.054485213942825794,0.2894419049844146
NFCorpus_train,PLAIN-2691,"Eggs, Choline, and Cancer",0,bm25,0.9222151349499139,0.809971878704697,0.7442989087222915,0.9182293066898519,0.8101987172083425,0.783472535497149,0.0005943221040070057,0.056227944092825055,0.2893305930774659
NFCorpus_train,PLAIN-2692,Eggs and Choline: Something Fishy,0,bm25,0.8587788554807769,0.8364367642420732,0.6516306297536548,0.8513642017789715,0.8379352012405592,0.6859269786880577,9.963801130652428e-05,0.05582868307828903,0.2907236071769148
NFCorpus_train,PLAIN-2693,BOLD Indeed: Beef Lowers Cholesterol?,0,bm25,0.6294193627862161,0.6195705681820195,0.5795435889915881,0.6100458831490401,0.6100458831490401,0.6100458831490401,0.0007188799791038036,0.0577125009149313,0.28934312891215086
NFCorpus_train,PLAIN-2694,Tell Your Doctor If You Eat Grapefruit,1,l6,0.9025376986720887,0.9575547682995577,0.915152137002804,0.8974416663360282,0.9652843890316114,0.96331803895032,0.00018315017223358154,0.0543711893260479,0.28721016529016197
NFCorpus_train,PLAIN-2695,Testing Your Diet with Pee & Purple Cabbage,0,bm25,0.3532854467437536,0.04028809619747713,0.0,0.31943122193677725,0.0,0.0,0.0010101909283548594,0.05631505907513201,0.28992801113054156
NFCorpus_train,PLAIN-2696,"Alkaline Diets, Animal Protein, & Calcium Loss",0,bm25,0.6816081620078774,0.6569848672356177,0.643994175552392,0.6650688247235601,0.6492450176383777,0.6778886058446232,0.0012045539915561676,0.05695403297431767,0.2906440959777683
NFCorpus_train,PLAIN-2697,Breast Cancer Survival Vegetable,0,bm25,0.8035782304524235,0.7401626228505418,0.7335051478130568,0.7933972923384572,0.736693585204306,0.7721106819084809,0.000865645008161664,0.056257993914186954,0.2901008219923824
NFCorpus_train,PLAIN-2698,Prostate Cancer Survival: The A/V Ratio,2,bge,0.6953490265278971,0.7053072397049053,0.8060457186242557,0.6794771050858174,0.7000116241546259,0.8484691774992166,0.0008945090230554342,0.05628293100744486,0.2900044941343367
NFCorpus_train,PLAIN-2701,Methionine Restriction as a Life Extension Strategy,1,l6,0.8976134555426467,0.9129291468312999,0.8510701916997924,0.8923085103615065,0.9182293066898519,0.895863359683992,0.00045408704318106174,0.05353914317674935,0.28512559994123876
NFCorpus_train,PLAIN-2702,Starving Cancer with Methionine Restriction,1,l6,0.9381988539582938,0.9588816462046327,0.8534615064674671,0.9350624941733297,0.9668728882728055,0.8983805331236496,0.0006345279980450869,0.05539196287281811,0.28707645600661635
NFCorpus_train,PLAIN-2703,Eating Outside Our Kingdom,0,bm25,0.04996538024873168,0.03975022383109614,0.0,0.0,0.0,0.0,0.00019858707673847675,0.05879513896070421,0.28681181906722486
NFCorpus_train,PLAIN-2704,Poultry Exposure Tied to Liver and Pancreatic Cancer,0,bm25,0.7883696541760659,0.7771965711072919,0.7083106127037535,0.7774005127350059,0.7756655312309664,0.74559011863553,0.0009353761561214924,0.056330242194235325,0.29079125821590424
NFCorpus_train,PLAIN-2705,Eating Better to Look Better,2,bge,0.04994385277282683,0.040384318232084604,0.13544298087976997,0.0,0.0,0.1425715588208105,0.00032424600794911385,0.05552983796223998,0.2887462340295315
NFCorpus_train,PLAIN-2706,Changing Our Taste Buds,0,bm25,0.7302659819629119,0.4537028046941731,0.24358495824909654,0.7161590661354974,0.43531775927070854,0.2564052192095753,0.0004967469722032547,0.05747027206234634,0.2917549160774797
NFCorpus_train,PLAIN-2707,Tricks to Get Adults to Eat Healthier,0,bm25,0.14227565016505436,0.04039487487575441,0.0,0.09721561096838863,0.0,0.0,0.0004564609844237566,0.055371946888044477,0.28824167395941913
NFCorpus_train,PLAIN-2708,Tricks to Get Kids to Eat Healthier at Home,0,bm25,0.3010115791913858,0.15709058603541295,0.0,0.2642611670619972,0.12253246782267099,0.0,0.00020977179519832134,0.05349313677288592,0.2871264247223735
NFCorpus_train,PLAIN-2711,Treating ADHD Without Stimulants,0,bm25,0.3533724775338825,0.17602674819848663,0.21060512782912735,0.31943122193677725,0.1425715588208105,0.2216896082411867,0.0005055780056864023,0.054604950826615095,0.28995115496218204
NFCorpus_train,PLAIN-2712,Butter-Flavored Microwave Popcorn or Breathing,0,bm25,0.6295303701612984,0.6189034265007327,0.5795435889915881,0.6100458831490401,0.6100458831490401,0.6100458831490401,5.296710878610611e-05,0.042634532088413835,0.2003471851348877
NFCorpus_train,PLAIN-2713,Pistachio Nuts for Erectile Dysfunction,0,bm25,0.8427970463240746,0.7641370457929124,0.7622256308881246,0.8345627769090863,0.7632141484772569,0.8023427693559206,0.00021658907644450665,0.06289605097845197,0.2880806780885905
NFCorpus_train,PLAIN-2714,50 Shades of Greens,0,bm25,0.049949792116167284,0.0403881832886101,0.0,0.0,0.0,0.0,0.00028765108436346054,0.05506803491152823,0.28646007599309087
NFCorpus_train,PLAIN-2715,Survival of the Firmest: Erectile Dysfunction and Death,0,bm25,0.9999319054679718,0.9904540780204981,0.95,1.0,1.0,1.0,0.0003962181508541107,0.05554436519742012,0.29093242809176445
NFCorpus_train,PLAIN-2716,Which Seaweed is Most Protective Against Breast Cancer?,0,bm25,0.9650100920152636,0.8206106318492882,0.7279949187218225,0.96331803895032,0.8210933633344505,0.7663104407598132,0.000817023916170001,0.05422896891832352,0.28759336401708424
NFCorpus_train,PLAIN-2717,Preventing Exercise-Induced Oxidative Stress With Watercress,2,bge,0.7660488758004894,0.7890946826736517,0.8060457186242557,0.7538590580061038,0.7883441024473532,0.8484691774992166,0.0006778859533369541,0.05685540987178683,0.28912819689139724
NFCorpus_train,PLAIN-2718,Reducing Muscle Soreness With Berries,0,bm25,0.7671629598826442,0.3289041114590828,0.7235443667742596,0.755034565729146,0.3037994013943507,0.7616256492360628,0.0006949810776859522,0.05626585707068443,0.289871214190498
NFCorpus_train,PLAIN-2721,Infant Seizures Linked to Mother's Spirulina Use,1,l6,0.32607925134972465,0.8332632066172039,0.7140790343277895,0.2908468365446035,0.8345627769090863,0.7516621413976732,0.0013017470482736826,0.05531609104946256,0.2889645679388195
NFCorpus_train,PLAIN-2722,Safety of Noni and Mangosteen Juice,0,bm25,0.6817760904405099,0.6722141650180826,0.6318153834873821,0.6650688247235601,0.6650688247235601,0.6650688247235601,0.00022661988623440266,0.05537435272708535,0.2883714858908206
NFCorpus_train,PLAIN-2723,Is Carrageenan Safe?,0,bm25,0.9053071201717215,0.8619357480090588,0.855329539044694,0.900346883204941,0.863664922155261,0.900346883204941,0.0001282098237425089,0.04887274792417884,0.28594172396697104
NFCorpus_train,PLAIN-2724,Dietary Treatment for Painful Menstrual Periods,0,bm25,0.8828440659556,0.8402932637557112,0.8078672547945552,0.8769071472672196,0.842191536298831,0.8503865839942687,0.0012636869214475155,0.056814359966665506,0.2902039329055697
NFCorpus_train,PLAIN-2725,Cayenne Pepper for Irritable Bowel Syndrome and Chronic Indigestion,0,bm25,0.7093387524379533,0.6511824789838451,0.6455032498315265,0.6941220263834955,0.6447614941174287,0.6794771050858174,0.000453852117061615,0.06669605616480112,0.2940499361138791
NFCorpus_train,PLAIN-2726,Hot Sauce in the Nose for Cluster Headaches?,1,l6,0.7327229289773464,0.7941446178828059,0.7174169868521313,0.718676239575155,0.7934462359246965,0.7551757756338224,0.000114095164462924,0.05634538922458887,0.2925724231172353
NFCorpus_train,PLAIN-2727,Tart Cherries for Insomnia,1,l6,0.8359804372015371,0.8497698024489119,0.8408470852145244,0.8273608119456781,0.8532918008631815,0.8851021949626574,4.5618973672389984e-05,0.0401571209076792,0.18492958694696426
NFCorpus_train,PLAIN-2728,Kiwifruit for Insomnia,1,l6,0.7777528216439236,0.7832573134312942,0.7024782387616542,0.7660704217599303,0.7852022446430195,0.7394507776438465,2.450495958328247e-05,0.022078298032283783,0.08702646079473197
NFCorpus_train,PLAIN-2731,Why Might Vegetarians Have Less HPV?,0,bm25,0.7419777039318596,0.039857365464718,0.6757231242260285,0.7284985375088683,0.0,0.7112874991852932,0.0005551688373088837,0.058712003752589226,0.2894317228347063
NFCorpus_train,PLAIN-2732,Past the Age of Miracles: Facing a Post-Antibiotic Age,2,bge,0.049850783371475804,0.11803992413945602,0.21060512782912735,0.0,0.08181039409947585,0.2216896082411867,0.0008601050358265638,0.05579655594192445,0.28820683201774955
NFCorpus_train,PLAIN-2733,Beans and the Second Meal Effect,1,l6,0.4309311209653106,0.7783698849554186,0.44195020953137565,0.4012019152469254,0.777071605481148,0.4652107468751323,0.0012232479639351368,0.05717514082789421,0.2902839488815516
NFCorpus_train,PLAIN-2734,Eggs and Cholesterol: Patently False and Misleading Claims,1,l6,0.04994373635137324,0.651578254645621,0.5795435889915881,0.0,0.6431729948762346,0.6100458831490401,0.00032590795308351517,0.05465868301689625,0.28962568286806345
NFCorpus_train,PLAIN-2735,Male Fertility and Diet,2,bge,0.13410679185049462,0.36787334693073015,0.6966551028291915,0.08868266728275007,0.34478246097396714,0.7333211608728332,0.0008218330331146717,0.05606746207922697,0.2899044172372669
NFCorpus_train,PLAIN-2736,Trans Fat In Meat And Dairy,1,l6,0.44287779770612457,0.6999200239171456,0.23568821009614138,0.413653298000635,0.6941220263834955,0.24809285273278042,0.0005400469526648521,0.055240056943148375,0.29086263687349856
NFCorpus_train,PLAIN-2737,Reducing Radiation Damage With Ginger & Lemon Balm,1,l6,0.8677339413745097,0.8731390493207521,0.7954212903476371,0.8609009151910245,0.8764847032763241,0.8372855687869865,0.0007075380999594927,0.055251979967579246,0.29014572920277715
NFCorpus_train,PLAIN-2738,Mediating Radiation Exposure From Airline Travel,1,l6,0.657877894135261,0.8591896727800851,0.7715103175182247,0.6399541168509599,0.8620764229140668,0.8121161237033945,0.00045605492778122425,0.056822855956852436,0.2904184218496084
NFCorpus_train,PLAIN-2741,Fukushima and Radioactivity in Seafood,0,bm25,0.8704698641728983,0.8540349330040159,0.8026686117678945,0.863664922155261,0.8562761817653991,0.8449143281767311,6.8980036303401e-05,0.055055201053619385,0.2919944489840418
NFCorpus_train,PLAIN-2742,Childhood Tea Drinking May Increase Fluorosis Risk,2,bge,0.049634418054741114,0.040432925587620794,0.6473712824087532,0.0,0.0,0.6814434551671087,0.002133695874363184,0.055837624007835984,0.2918218339327723
NFCorpus_train,PLAIN-2743,Can Cranberry Juice Treat Bladder Infections?,0,bm25,0.9669418244291219,0.9600297235036818,0.9127608222351292,0.9652843890316114,0.9681896059005242,0.9608008655106623,0.00045482185669243336,0.05660460074432194,0.2902680328115821
NFCorpus_train,PLAIN-2744,Avoiding Chicken To Avoid Bladder Infections,0,bm25,0.3533997159067339,0.2062611760087889,0.19524522921637139,0.31943122193677725,0.17438195292028635,0.20552129391196988,0.0003437420818954706,0.053912026109173894,0.28671487607061863
NFCorpus_train,PLAIN-2745,Bacterial Vaginosis and Diet,0,bm25,0.7476479908346606,0.7382171588386365,0.6784830802514956,0.7345000466603374,0.7345000466603374,0.714192716054206,0.0007335669361054897,0.0551842269487679,0.2886842859443277
NFCorpus_train,PLAIN-2746,Lavender for Migraine Headaches,0,bm25,0.962747835626468,0.9229093559511624,0.8825409478406272,0.9608008655106623,0.9305687780632227,0.9289904714111865,4.834495484828949e-05,0.04143705987371504,0.18613387108780444
NFCorpus_train,PLAIN-2747,Lavender for Generalized Anxiety Disorder,1,l6,0.7797867706597986,0.8417073873361348,0.7534052828706693,0.7682767908411046,0.8433575915491296,0.7930581924954414,0.0004392408300191164,0.0546730007044971,0.2882890156470239
NFCorpus_train,PLAIN-2748,Gut Feelings: Probiotics and Mental Health,1,l6,0.8633397672537458,0.9272086449792589,0.850701550442,0.8562761817653991,0.9334739949321356,0.8954753162547369,0.0007127451244741678,0.05575937614776194,0.2906662302557379
NFCorpus_train,PLAIN-2751,Preventing and Treating Diarrhea with Probiotics,0,bm25,0.9052260120285498,0.895541503566097,0.8836813808619691,0.900346883204941,0.900346883204941,0.9301909272231255,0.0006003179587423801,0.056757488986477256,0.28993299580179155
NFCorpus_train,PLAIN-2752,Breast Cancer Risk: Red Wine vs. White Wine,0,bm25,0.7569585645341742,0.6854663982495661,0.6859462307112965,0.7444146109124877,0.6794771050858174,0.7220486639066279,0.0013648068998008966,0.05821267585270107,0.28999470290727913
NFCorpus_train,PLAIN-2753,Boosting Immunity While Reducing Inflammation,2,bge,0.24511431135008382,0.2443897456740478,0.30345966083993836,0.20552129391196988,0.21496574100558588,0.31943122193677725,0.0007544539403170347,0.05663515185005963,0.28814017586410046
NFCorpus_train,PLAIN-2754,Black Raspberries versus Oral Cancer,0,bm25,0.8154619773455561,0.8132746375152731,0.7350142220921914,0.8058976186784061,0.813753566530828,0.7736991811496752,0.0008134690579026937,0.056584661127999425,0.2889552260749042
NFCorpus_train,PLAIN-2755,Strawberries versus Esophageal Cancer,0,bm25,0.8525531524228573,0.8358714578536597,0.7882531458678653,0.8449143281767311,0.8372855687869865,0.8297401535451214,0.0006649929564446211,0.05500266212038696,0.287977104075253
NFCorpus_train,PLAIN-2756,Cranberries versus Cancer,1,l6,0.7569953729414016,0.8293983188334445,0.7941704086013044,0.7443223445940507,0.8310079275866008,0.8359688511592678,0.000640754122287035,0.05814365926198661,0.2890070171561092
NFCorpus_train,PLAIN-2757,Which Fruit Fights Cancer Better?,2,bge,0.049854013741783755,0.14280923037927482,0.5795435889915881,0.0,0.10811053247825145,0.6100458831490401,0.000840487889945507,0.05697302985936403,0.2878654128871858
NFCorpus_train,PLAIN-2758,The Lie That Heals: Should Doctors Give Placebos?,2,bge,0.7269287633179243,0.5714974886294585,0.8223497086247247,0.7126042168130119,0.55943282293899,0.8656312722365523,0.00026229582726955414,0.0577648498583585,0.2898766999132931
NFCorpus_train,PLAIN-2761,Does a Drink Of Water Make Children Smarter?,0,bm25,0.8511087470957157,0.8236983889862395,0.7776473804000531,0.8433575915491296,0.8244657876659233,0.8185761898947927,0.0004676689859479666,0.05512864515185356,0.2888097958639264
NFCorpus_train,PLAIN-2762,Flax Seeds For Breast Pain,0,bm25,0.7317893781979664,0.3840544858952523,0.27380483264359856,0.7177373727875336,0.36200278075758774,0.28821561330905116,0.00035476917400956154,0.057157755363732576,0.2901952222455293
NFCorpus_train,PLAIN-2763,"Carnitine, Choline, Cancer and Cholesterol: The TMAO Connection",0,bm25,0.9161251149758156,0.8184916184904862,0.7443454051292189,0.9118499466982855,0.8195048640932563,0.7835214790833883,0.000763624906539917,0.05792348296381533,0.28852096595801413
NFCorpus_train,PLAIN-2764,Plant-Based Diets For Breast Pain,0,bm25,0.7403738092419992,0.24468353200570483,0.2010136508404074,0.7268712872705927,0.21496574100558588,0.21159331667411305,0.0008946710731834173,0.05541888810694218,0.29064055904746056
NFCorpus_train,PLAIN-2765,The Safety of Tarragon,0,bm25,0.7927731521817466,0.7792411040371606,0.7427995174028571,0.7818942288451127,0.777071605481148,0.7818942288451127,0.00015217997133731842,0.05181476008147001,0.2885998389683664
NFCorpus_train,PLAIN-2766,Don't Eat Too Much Nutmeg,1,l6,0.681767933646253,0.6858680921405454,0.6455032498315265,0.6650688247235601,0.6794771050858174,0.6794771050858174,0.0002731268759816885,0.055461102863773704,0.2878058908972889
NFCorpus_train,PLAIN-2767,Update on Cinnamon for Blood Sugar Control,0,bm25,0.9051626686022347,0.891267567047275,0.8510701916997924,0.900346883204941,0.895863359683992,0.895863359683992,0.0009713789913803339,0.05706261401064694,0.2910578341688961
NFCorpus_train,PLAIN-2768,Can Cellulite Be Treated With Diet?,0,bm25,0.7880760156496993,0.7374948956582325,0.40075592841126906,0.777071605481148,0.7345000466603374,0.4218483456960727,0.0008314349688589573,0.06018802709877491,0.2927390888798982
NFCorpus_train,PLAIN-2771,Flaxseeds & Breast Cancer Survival: Epidemiological Evidence,0,bm25,0.5604509269460606,0.4137793014641549,0.2692851913470047,0.5375369930916645,0.39334596739450356,0.28345809615474177,0.0012135738506913185,0.05742192477919161,0.29002824891358614
NFCorpus_train,PLAIN-2772,Flaxseeds & Breast Cancer Prevention,1,l6,0.46276983101864977,0.7740211733751077,0.42057117467754174,0.43466812681713585,0.772577889371041,0.4427064996605703,0.0009487441275268793,0.05712289013899863,0.2876909601036459
NFCorpus_train,PLAIN-2773,Fiber vs. Breast Cancer,0,bm25,0.7791218922798137,0.7657230347612568,0.43373575883123827,0.7676271583875319,0.7635532483202727,0.45656395666446137,0.0007100161164999008,0.055310847237706184,0.2865089571569115
NFCorpus_train,PLAIN-2774,Flaxseeds For Sensitive Skin,0,bm25,0.8559996386369108,0.7835757167652782,0.7431584757009495,0.8484691774992166,0.7822720796852101,0.7822720796852101,0.0002663771156221628,0.05539558129385114,0.28903774823993444
NFCorpus_train,PLAIN-2775,Flaxseed vs. Diabetes,2,bge,0.4388730823346982,0.45159655453690434,0.6594159250643207,0.40939696294236316,0.43335140918941717,0.6941220263834955,0.00031083403155207634,0.05802939902059734,0.28763638413511217
NFCorpus_train,PLAIN-2776,"Was It the Flaxseed, Fat Restriction, or Both?",1,l6,0.48095417114082123,0.7947167826422197,0.7219984790478978,0.4537076833817878,0.7942337002184836,0.7599983989977872,0.00039411685429513454,0.05672268872149289,0.2892470338847488
NFCorpus_train,PLAIN-2777,Flaxseed vs. Prostate Cancer,0,bm25,0.8647827958193234,0.8584513953183704,0.8162223287025964,0.8577753243841305,0.8611477487156033,0.859181398634312,0.0006029498763382435,0.05601081298664212,0.29054368077777326
NFCorpus_train,PLAIN-2778,Salmonella in Chicken & Turkey: Deadly But Not Illegal,0,bm25,0.5007681221310337,0.34360663754465426,0.4057665759965073,0.47451689376004624,0.31910238132159396,0.4271227115752708,0.00013307505287230015,0.05537673505023122,0.2902154561597854
NFCorpus_train,PLAIN-2781,Prunes vs. Metamucil vs. Vegan Diet,1,l6,0.04987537025864231,0.6195770507605708,0.08424853391861256,0.0,0.6100458831490401,0.08868266728275007,0.0007233181968331337,0.05784316314384341,0.2901868321932852
NFCorpus_train,PLAIN-2782,"Dried Apples, Dates, Figs or Prunes for Cholesterol?",1,l6,0.8020599777230052,0.8552501829342504,0.6977750443273205,0.791716526778826,0.8575928993931178,0.7345000466603374,0.00041476497426629066,0.05549773504026234,0.2932332018390298
NFCorpus_train,PLAIN-2783,Eggs vs. Cigarettes in Atherosclerosis,1,l6,0.36327218460037414,0.635422791895614,0.5951477838146372,0.32979453856244817,0.6264713513838286,0.6264713513838286,0.00018943403847515583,0.05646374402567744,0.29030226706527174
NFCorpus_train,PLAIN-2784,Herbal Tea Update: Rooibos & Nettle,0,bm25,0.7405155320814498,0.6751915016246068,0.3020095743697331,0.7268984661670141,0.6681370788133928,0.31790481512603486,0.00021946197375655174,0.05507351295091212,0.2886838810518384
NFCorpus_train,PLAIN-2785,Herbal Tea Update: Hibiscus,0,bm25,0.35342239675406417,0.040317608800967214,0.0,0.31943122193677725,0.0,0.0,0.00021479814313352108,0.055811369093135,0.28821066999807954
NFCorpus_train,PLAIN-2786,Treating Parkinson's Disease With Diet,1,l6,0.8627799565323466,0.8810458022029513,0.8604890277393351,0.8558089743028391,0.8847630951196415,0.9057779239361423,0.0013817879371345043,0.05490300804376602,0.2895991550758481
NFCorpus_train,PLAIN-2787,Preventing Parkinson's Disease With Diet,0,bm25,0.8857883163796023,0.8660678994689395,0.8133774838857895,0.8800395525988096,0.8690959628864623,0.8561868251429363,0.0014383310917764902,0.05524192820303142,0.28852187120355666
NFCorpus_train,PLAIN-2788,Clinical Studies on Acai Berries,1,l6,0.7924826689754524,0.8953955826596477,0.855329539044694,0.7818942288451127,0.900346883204941,0.900346883204941,0.0018347701989114285,0.05752443615347147,0.2895343704149127
NFCorpus_train,PLAIN-2791,Can Gargling Prevent The Common Cold?,1,l6,0.8275236166785672,0.8375637579143874,0.7656027377444858,0.8185761898947927,0.8390247304056007,0.8058976186784061,0.0007100601214915514,0.05455947993323207,0.28686117101460695
NFCorpus_train,PLAIN-2792,Are Cats or Dogs More Protective For Children's Health?,0,bm25,0.8256235457137963,0.7221746958472242,0.7235075533270323,0.8166098398135014,0.718676239575155,0.7615868982389814,0.0009038669522851706,0.06130740814842284,0.29006890789605677
NFCorpus_train,PLAIN-2793,Foodborne Rabies,0,bm25,0.6954907036255303,0.34280171358539757,0.0923548304199692,0.6794771050858174,0.31943122193677725,0.09721561096838863,4.560011439025402e-05,0.03873709822073579,0.18172870110720396
NFCorpus_train,PLAIN-2794,Is Vitamin D3 Better Than D2?,1,l6,0.7731287360164403,0.8792898422317947,0.5280840749356792,0.7612477983959656,0.8831745958784474,0.5558779736165045,0.0003289200831204653,0.05644866288639605,0.29019393608905375
NFCorpus_train,PLAIN-2795,Does Coconut Oil Clog Arteries?,1,l6,0.8331985792591391,0.8548838138515544,0.4507910490720439,0.8244657876659233,0.8577753243841305,0.47451689376004624,0.0002541719004511833,0.0578887308947742,0.28936424385756254
NFCorpus_train,PLAIN-2796,Does Coconut Oil Cure Alzheimer's?,0,bm25,0.8331996895408579,0.43526005665536865,0.30714362136166024,0.8244657876659233,0.41579198956278063,0.3233090751175371,0.0002446130383759737,0.05566857801750302,0.28570454102009535
NFCorpus_train,PLAIN-2797,Plant-Based Diets: Dental Health,0,bm25,0.815407314916975,0.7641161930854351,0.7955945940890992,0.8058976186784061,0.7615868982389814,0.8374679937779992,0.0011313790455460548,0.05437025101855397,0.28946952102705836
NFCorpus_train,PLAIN-2798,Plant-Based Diets: Oral Health,0,bm25,0.7670779466095413,0.7477653555657239,0.7656027377444858,0.755034565729146,0.7444146109124877,0.8058976186784061,0.0011823729146271944,0.05440961988642812,0.28853728994727135
NFCorpus_train,PLAIN-2801,"Cancer, Interrupted: Garlic & Flavonoids",0,bm25,0.7015213321780781,0.33629434827713633,0.2960725817844339,0.6859269786880577,0.3116553492467726,0.3116553492467726,0.0006342269480228424,0.05674068396911025,0.2901377019006759
NFCorpus_train,PLAIN-2802,"Cancer, Interrupted: Green Tea",1,l6,0.6666698050368817,0.695158196813711,0.619986569871358,0.6492450176383777,0.6892504594332913,0.6526174419698506,0.0006533539853990078,0.05569699895568192,0.28919265209697187
NFCorpus_train,PLAIN-2803,"Heterocyclic Amines in Eggs, Cheese, and Creatine?",0,bm25,0.8545092875731851,0.8534204174089483,0.49880349622293624,0.8468806782580225,0.8558089743028391,0.5250563118136171,0.00016010296531021595,0.05617203610017896,0.2926203531678766
NFCorpus_train,PLAIN-2804,Reducing Cancer Risk In Meateaters,0,bm25,0.04974178417403525,0.04039545563826257,0.0,0.0,0.0,0.0,0.0014961110427975655,0.05564904795028269,0.2897016550414264
NFCorpus_train,PLAIN-2805,PhIP: The Three Strikes Breast Carcinogen,0,bm25,0.809137587312849,0.5110448648004723,0.7279949187218225,0.799197533487125,0.495763091153799,0.7663104407598132,0.000582550885155797,0.05780754494480789,0.2910731469746679
NFCorpus_train,PLAIN-2806,Estrogenic Cooked Meat Carcinogens,0,bm25,0.7586276866780812,0.7380960049845438,0.6977750443273205,0.7460031101536818,0.7345000466603374,0.7345000466603374,0.0004371821414679289,0.05621917615644634,0.29041712800972164
NFCorpus_train,PLAIN-2807,Fibromyalgia vs. Mostly Raw & Mostly Vegetarian Diets,2,bge,0.458383584450368,0.7500473120517636,0.7757793478228263,0.4300279284441836,0.7471786178767241,0.8166098398135014,0.0008265019860118628,0.056502444902434945,0.2890926990658045
NFCorpus_train,PLAIN-2808,Fibromyalgia vs. Vegetarian & Raw Vegan Diets,2,bge,0.6294025287167668,0.6721089998916748,0.7754572029719613,0.6100458831490401,0.6650688247235601,0.8162707399704856,0.0008215680718421936,0.05653225095011294,0.2912117082159966
NFCorpus_train,PLAIN-2811,Flesh and Fructose,0,bm25,0.049988319607509386,0.038331290154047105,0.0,0.0,0.0,0.0,4.347087815403938e-05,0.04342739889398217,0.18608483485877514
NFCorpus_train,PLAIN-2812,Miocene Meteorites and Uric Acid,1,l6,0.3938313151107213,0.6721648366955779,0.24358495824909654,0.36200278075758774,0.6650688247235601,0.2564052192095753,0.00041640899144113064,0.056340466951951385,0.29190297797322273
NFCorpus_train,PLAIN-2813,Tree Nuts or Peanuts for Breast Cancer Prevention?,1,l6,0.2888987457598339,0.3436832488476842,0.3406988386048092,0.2516477020552659,0.31943122193677725,0.35863035642611496,0.0009652539156377316,0.05665277293883264,0.2897421517409384
NFCorpus_train,PLAIN-2814,Preventing Breast Cancer By Any Greens Necessary,0,bm25,0.6743980538391248,0.6650536557598821,0.3557314553357324,0.6574400653338155,0.6574400653338155,0.3744541635112973,0.0009839129634201527,0.05506408610381186,0.2893721600994468
NFCorpus_train,PLAIN-2815,Why Do Asian Women Have Less Breast Cancer?,2,bge,0.21357738793704983,0.23880067635474328,0.2510481087088973,0.1723941821847754,0.2090761432344554,0.2642611670619972,0.0011402659583836794,0.056824701838195324,0.2892825829330832
NFCorpus_train,PLAIN-2816,Breast Cancer vs. Mushrooms,0,bm25,0.6744504213307725,0.656918473487993,0.6245680620671247,0.6574400653338155,0.6492450176383777,0.6574400653338155,0.00067714205943048,0.05677903816103935,0.2878008419647813
NFCorpus_train,PLAIN-2817,Whole Grains May Work As Well As Drugs,0,bm25,0.15447819115317832,0.04017238498324535,0.0,0.11023021654473367,0.0,0.0,0.0013837891165167093,0.05654271598905325,0.28767262399196625
NFCorpus_train,PLAIN-2818,Metabolic Syndrome and Plant-Based Diets,2,bge,0.1863878835642299,0.13428870041718038,0.3391434757489006,0.14373898468308044,0.09901964291567852,0.35699313236726377,0.0009612010326236486,0.057267134077847004,0.2927779459860176
NFCorpus_train,PLAIN-2821,98% of American Diets Potassium Deficient,1,l6,0.666637528231433,0.6857696282918823,0.6318153834873821,0.6492450176383777,0.6794771050858174,0.6650688247235601,0.0008269560057669878,0.05542108602821827,0.28468893002718687
NFCorpus_train,PLAIN-2822,Meat May Exceed Daily Allowance of Irony,0,bm25,0.049782573312258493,0.04076006273141585,0.0,0.0,0.0,0.0,0.0012530959211289883,0.053252559853717685,0.2881651590578258
NFCorpus_train,PLAIN-2823,Nonhuman Molecules Lining Our Arteries,0,bm25,0.04994999641593069,0.040143474915232485,0.0,0.0,0.0,0.0,0.00028879917226731777,0.05692704510875046,0.2887784722261131
NFCorpus_train,PLAIN-2824,How Tumors Use Meat to Grow: Xeno-Autoantibodies,2,bge,0.21354037704002793,0.6567466581187431,0.6572257476362288,0.1723941821847754,0.6492450176383777,0.6918165764591883,0.0013581388629972935,0.058225800981745124,0.2900815599132329
NFCorpus_train,PLAIN-2825,The Inflammatory Meat Molecule Neu5Gc,1,l6,0.049862366479188965,0.2509269219525455,0.21060512782912735,0.0,0.2216896082411867,0.2216896082411867,0.0007985047996044159,0.056149794021621346,0.29008369287475944
NFCorpus_train,PLAIN-2826,Clonal Deletion Theory of Immunity,1,l6,0.6294953966853768,0.6548256805289245,0.5795435889915881,0.6100458831490401,0.6467278441987201,0.6100458831490401,0.00027503399178385735,0.05459195701405406,0.28535051899962127
NFCorpus_train,PLAIN-2827,Clonal Selection Theory of Immunity,1,l6,0.26830986726765815,0.6758965658398921,0.21840722524065187,0.22990234235858092,0.6686284685117714,0.22990234235858092,0.0005625290796160698,0.053737663896754384,0.28889728407375515
NFCorpus_train,PLAIN-2828,Cancer as an Autoimmune Disease,1,l6,0.04968363049009484,0.6198159718312757,0.5795435889915881,0.0,0.6100458831490401,0.6100458831490401,0.0018318039365112782,0.056323655880987644,0.28950386797077954
NFCorpus_train,PLAIN-2831,How Diet Soda Could Make Us Gain Weight,0,bm25,0.04971424697699857,0.04011997490075993,0.0,0.0,0.0,0.0,0.0016630401369184256,0.05750027811154723,0.29099257104098797
NFCorpus_train,PLAIN-2832,Erythritol May Be a Sweet Antioxidant,1,l6,0.6815975648709875,0.6857888400820388,0.6455032498315265,0.6650688247235601,0.6794771050858174,0.6794771050858174,0.001263696001842618,0.05635909806005657,0.29007988912053406
NFCorpus_train,PLAIN-2833,Diet Soda and Preterm Birth,0,bm25,0.04987054491697526,0.04045887573124427,0.0,0.0,0.0,0.0,0.0007469260599464178,0.05505009298212826,0.28848850214853883
NFCorpus_train,PLAIN-2834,Aspartame-Induced Fibromyalgia,1,l6,0.40447248213842824,0.6961057145569526,0.6604305237462483,0.373151194370365,0.6951900249960509,0.6951900249960509,1.92238949239254e-05,0.013018718920648098,0.04544115997850895
NFCorpus_train,PLAIN-2835,Yersinia in Pork,1,l6,0.897678740464185,0.9908930006443626,0.95,0.8923085103615065,1.0,1.0,8.275313302874565e-05,0.05253853905014694,0.2884514261968434
NFCorpus_train,PLAIN-2836,Ractopamine in Pork,2,bge,0.7810153982921152,0.7710824674359954,0.8099920783069133,0.769501565638191,0.769501565638191,0.8526232403230667,6.407382898032665e-05,0.057457637740299106,0.28890548390336335
NFCorpus_train,PLAIN-2837,Meat Mythcrushers,0,bm25,0.049954409210839594,0.04032375007674843,0.0,0.0,0.0,0.0,0.00026364298537373543,0.05595593899488449,0.2891406249254942
NFCorpus_train,PLAIN-2838,Antioxidants Sprouting Up,0,bm25,0.04995740294555198,0.04046261368066939,0.0,0.0,0.0,0.0,0.0002457790542393923,0.05502938688732684,0.28849301603622735
NFCorpus_train,PLAIN-2841,Standing Up for Your Health,1,l6,0.04987131974785407,0.3795382294823941,0.18813246617528556,0.0,0.35699313236726377,0.19803417492135322,0.0007467109244316816,0.05573770799674094,0.2901420039124787
NFCorpus_train,PLAIN-2842,Preventing Wrinkles with Diet,0,bm25,0.629360339515193,0.6197341637953994,0.5795435889915881,0.6100458831490401,0.6100458831490401,0.6100458831490401,0.0010614150669425726,0.0568180161062628,0.289609304163605
NFCorpus_train,PLAIN-2843,Beauty Is More Than Skin Deep,0,bm25,0.4057076907395679,0.34342585191642144,0.16566285527427202,0.3744541635112973,0.31943122193677725,0.17438195292028635,0.000137960072606802,0.0582490439992398,0.2902638691011816
NFCorpus_train,PLAIN-2844,Gerson-style Therapy vs. Chemotherapy,1,l6,0.16636131206182,0.620336395560318,0.5795435889915881,0.12253246782267099,0.6100458831490401,0.6100458831490401,0.00025723292492330074,0.05318363499827683,0.2888156711123884
NFCorpus_train,PLAIN-2845,Gerson Therapy for Cancer,0,bm25,0.8161245919454191,0.8061832810270602,0.7662449165635927,0.8065735963827292,0.8065735963827292,0.8065735963827292,0.0006938211154192686,0.05801784619688988,0.2883122032508254
NFCorpus_train,PLAIN-2846,Plant-Based Bioidentical Hormones,1,l6,0.6817880264624083,0.6904176732083634,0.6632861396282168,0.6650688247235601,0.6844278360693264,0.6981959364507546,0.0001578168012201786,0.05646931775845587,0.28843926079571247
NFCorpus_train,PLAIN-2847,Changing Protein Recommendations?,1,l6,0.23047974862518358,0.7209441879552692,0.7094235578469303,0.19016188295518532,0.716463089704592,0.7467616398388741,0.0010094521567225456,0.05623639817349613,0.2900054871570319
NFCorpus_train,PLAIN-2848,Ergothioneine: A New Vitamin?,0,bm25,0.6294640917113814,0.6199938988583638,0.5795435889915881,0.6100458831490401,0.6100458831490401,0.6100458831490401,0.0004609948955476284,0.05537747195921838,0.28994381590746343
NFCorpus_train,PLAIN-2851,Lowering Dietary Antibiotic Intake,0,bm25,0.695246180528843,0.23540692694507773,0.3557314553357324,0.6794771050858174,0.20552129391196988,0.3744541635112973,0.0014986579772084951,0.05735515686683357,0.29148909682407975
NFCorpus_train,PLAIN-2852,The Wrong Way to Detox,0,bm25,0.04998043134994655,0.040959088231012776,0.0,0.0,0.0,0.0,0.00011136103421449661,0.05144991003908217,0.28453938802704215
NFCorpus_train,PLAIN-2853,The Best Baby Formula,0,bm25,0.04998037688317408,0.039687193218534055,0.0,0.0,0.0,0.0,0.00011253403499722481,0.059141560923308134,0.2867384320124984
NFCorpus_train,PLAIN-2854,Plants vs. Pesticides,0,bm25,0.21561879978422682,0.1566317866114821,0.13544298087976997,0.17438195292028635,0.12253246782267099,0.1425715588208105,0.0002545751631259918,0.0564795071259141,0.2889255832415074
NFCorpus_train,PLAIN-2855,Food Sources of Perfluorochemicals,2,bge,0.735786604639476,0.7381318865383911,0.7609747491417919,0.7220486639066279,0.7345000466603374,0.801026051728202,0.0009203511290252209,0.05559925804845989,0.28828346100635827
NFCorpus_train,PLAIN-2856,How Fast Can Children Detoxify from PCBs?,0,bm25,0.04993317868127472,0.040347621863019316,0.0,0.0,0.0,0.0,0.000389080960303545,0.056202969746664166,0.2911353500094265
NFCorpus_train,PLAIN-2857,DDT in Umbilical Cord Blood,0,bm25,0.9998894506825607,0.990015100317865,0.95,1.0,1.0,1.0,0.0006423851009458303,0.05802071816287935,0.29054231895133853
NFCorpus_train,PLAIN-2858,Food Sources of Flame Retardant Chemicals,0,bm25,0.6684984365847105,0.36867138855583614,0.32818741143499397,0.6513012067494067,0.34546043308946733,0.34546043308946733,0.001380651956424117,0.05527039314620197,0.29040700010955334
NFCorpus_train,PLAIN-2861,Pesticides in Chinese Bamboo Shoots,0,bm25,0.9999746939017128,0.9904713396568663,0.95,1.0,1.0,1.0,0.00014729797840118408,0.05546301091089845,0.2910325739067048
NFCorpus_train,PLAIN-2862,President's Cancer Panel Report on Environmental Risk,0,bm25,0.04964868345586904,0.039798510965254975,0.0,0.0,0.0,0.0,0.0020403750240802765,0.059248173143714666,0.2903898290824145
NFCorpus_train,PLAIN-2863,﻿CDC Report on Environmental Chemical Exposure,0,bm25,0.04983352313803552,0.04047511863712948,0.0,0.0,0.0,0.0,0.0009647409897297621,0.05519712087698281,0.28975227498449385
NFCorpus_train,PLAIN-2864,Saffron vs. Prozac,1,l6,0.6879233068049802,0.707121662642149,0.674113374765269,0.6715213557100124,0.7051868877337264,0.7095930260687042,3.3003976568579674e-05,0.019227636978030205,0.07507346593774855
NFCorpus_train,PLAIN-2865,Wake Up and Smell the Saffron,1,l6,0.6643795775854121,0.696914823916365,0.6620352578818841,0.6467278441987201,0.6921556763022041,0.6968792188230359,4.121684469282627e-05,0.03690808895044029,0.17355332896113396
NFCorpus_train,PLAIN-2866,Saffron for the Treatment of PMS,0,bm25,0.8916302617126228,0.8865040218938832,0.855329539044694,0.8860308691611208,0.8909917927337878,0.900346883204941,0.0005733720026910305,0.05752115207724273,0.2893947639968246
NFCorpus_train,PLAIN-2867,Eating Green to Prevent Cancer,0,bm25,0.04981891198302811,0.040308825506797985,0.0,0.0,0.0,0.0,0.0010465339291840792,0.056006703758612275,0.2889572558924556
NFCorpus_train,PLAIN-2868,Bug Appétit: Barriers to Entomophagy,0,bm25,0.0499874622938048,0.04049860936462887,0.0,0.0,0.0,0.0,6.287498399615288e-05,0.04764825198799372,0.2507435691077262
NFCorpus_train,PLAIN-2871,Modern Meat Not Ahead of the Game,0,bm25,0.6817567309690507,0.6649924367379114,0.5795435889915881,0.6650688247235601,0.6574400653338155,0.6100458831490401,0.0003369420301169157,0.055009243078529835,0.2872357740998268
NFCorpus_train,PLAIN-2872,Paleolithic Lessons,1,l6,0.2801845946509087,0.3648878181089205,0.32818741143499397,0.24231727004137005,0.34546043308946733,0.34546043308946733,2.8684036806225777e-05,0.022691444028168917,0.08530878904275596
NFCorpus_train,PLAIN-2873,Plant-Based Bodybuilding,0,bm25,0.02383458459082633,0.0,0.010745017833537025,0.0,0.0,0.0,4.885019734501839e-06,9.334878996014595e-06,7.328810170292854e-06
NFCorpus_train,PLAIN-2874,How Much Soy Is Too Much?,1,l6,0.04995846924772125,0.20610297728125296,0.13544298087976997,0.0,0.17438195292028635,0.1425715588208105,0.00023813406005501747,0.05481558688916266,0.28669605893082917
NFCorpus_train,PLAIN-2875,Too Much Soy May Neutralize Benefits,1,l6,0.2952416148600186,0.7049664304200884,0.20415291478547554,0.2583715692908667,0.6997844356919487,0.21489780503734268,0.0012266228441148996,0.057036807760596275,0.29015191877260804
NFCorpus_train,PLAIN-2876,Animalistic Plant Proteins,0,bm25,0.049907116200817704,0.04050155924200784,0.0,0.0,0.0,0.0,0.0005330960266292095,0.054515223018825054,0.2869693269021809
NFCorpus_train,PLAIN-2877,Higher Quality May Mean Higher Risk,0,bm25,0.04961452562907942,0.0397105368857987,0.0,0.0,0.0,0.0,0.002239749999716878,0.059785621939226985,0.2905186659190804
NFCorpus_train,PLAIN-2878,Protein Intake & IGF-1 Production,2,bge,0.1687292859728448,0.25450660248846574,0.3079411845208208,0.12519579033293007,0.225428054020288,0.32414861528507455,0.0011965450830757618,0.055858197156339884,0.2894192461390048
NFCorpus_train,PLAIN-2881,Cancer-Proofing Mutation,2,bge,0.04998789164215095,0.26402509171047506,0.3233213650848617,0.0,0.23809523809523808,0.34033827903669656,4.5097898691892624e-05,0.045310295885428786,0.18622632091864944
NFCorpus_train,PLAIN-2882,IGF-1 as One-Stop Cancer Shop,0,bm25,0.049901959416363745,0.04030779626006192,0.0,0.0,0.0,0.0,0.0005693179555237293,0.05628225998952985,0.2903481060639024
NFCorpus_train,PLAIN-2883,Prostate vs. Plants,0,bm25,0.6294959333334903,0.34374025185807083,0.2010136508404074,0.6100458831490401,0.31943122193677725,0.21159331667411305,0.0002722840290516615,0.05553254205733538,0.2856785950716585
NFCorpus_train,PLAIN-2884,Some Prostates Are Larger than Others,1,l6,0.04996001283058203,0.6817024567817873,0.25845648651219755,0.0,0.6753971487014088,0.27205945948652377,0.0002305670641362667,0.057226855074986815,0.28830130700953305
NFCorpus_train,PLAIN-2885,"Is It the Diet, the Exercise, or Both?",0,bm25,0.7305026661456273,0.2696263318606123,0.6666481952159151,0.716463089704592,0.24231727004137005,0.7017349423325423,0.0008004610426723957,0.06166673288680613,0.29156641801819205
NFCorpus_train,PLAIN-2886,Ex Vivo Cancer Proliferation Bioassay,0,bm25,0.04988222790091965,0.0403163034457478,0.0,0.0,0.0,0.0,0.0006797020323574543,0.055887839989736676,0.28856666292995214
NFCorpus_train,PLAIN-2887,Engineering a Cure,0,bm25,0.04998680156000794,0.0396118646857811,0.0,0.0,0.0,0.0,6.228708662092686e-05,0.04902448202483356,0.23596382094547153
NFCorpus_train,PLAIN-2888,Slimming the Gecko,0,bm25,0.016445148572326967,0.0,0.006932165878554064,0.0,0.0,0.0,1.292000524699688e-05,1.9252067431807518e-05,1.6582896932959557e-05
NFCorpus_train,PLAIN-2891,Diet Pills Do Fat a Lot of Good,1,l6,0.04984763862242594,0.6198477946115926,0.11640584443153744,0.0,0.6100458831490401,0.12253246782267099,0.0008748979307711124,0.05567572684958577,0.2871127659454942
NFCorpus_train,PLAIN-2892,Biblical Daniel Fast Put to the Test,0,bm25,0.18534163341978785,0.15658440064986828,0.0,0.1425715588208105,0.12253246782267099,0.0,0.0005871679168194532,0.056901640025898814,0.2896806278731674
NFCorpus_train,PLAIN-2893,Tightening the Bible Belt,0,bm25,0.04995879846870896,0.033416756965555204,0.0,0.0,0.0,0.0,2.20609363168478e-05,0.008879326982423663,0.026771985925734043
NFCorpus_train,PLAIN-2894,Waist Circumference Less Than Half Your Height,0,bm25,0.6554920062265503,0.6461160965149165,0.6055662581342881,0.6374381664571455,0.6374381664571455,0.6374381664571455,0.00043383892625570297,0.055215389002114534,0.29213991900905967
NFCorpus_train,PLAIN-2895,Cattlemen’s Association Has Beef With Study,0,bm25,0.04963486817887011,0.04000700974960946,0.0,0.0,0.0,0.0,0.00212226714938879,0.05808257102034986,0.2906165700405836
NFCorpus_train,PLAIN-2896,Meat and Weight Gain in the PANACEA Study,0,bm25,0.6290847960654571,0.6193708173891329,0.5795435889915881,0.6100458831490401,0.6100458831490401,0.6100458831490401,0.0026963071431964636,0.05978496000170708,0.293847942026332
NFCorpus_train,PLAIN-2897,Diet vs. Exercise for Weight Loss,0,bm25,0.04978967418721142,0.04007454750612273,0.0,0.0,0.0,0.0,0.0012237909249961376,0.057751725893467665,0.29092742083594203
NFCorpus_train,PLAIN-2898,The Ice Diet,0,bm25,0.04987892044814385,0.04020688793919867,0.0,0.0,0.0,0.0,0.0007043331861495972,0.056967619340866804,0.2908555471803993
NFCorpus_train,PLAIN-2901,Fawning Over Flora,1,l6,0.13423477816386967,0.1746326977926572,0.0,0.08868266728275007,0.1425715588208105,0.0,4.754611290991306e-05,0.03736523003317416,0.17282262514345348
NFCorpus_train,PLAIN-2902,Fat Burning Via Flavonoids,2,bge,0.04990652349702916,0.0401428109841108,0.08424853391861256,0.0,0.0,0.08868266728275007,0.000541463028639555,0.05709780799224973,0.28962520603090525
NFCorpus_train,PLAIN-2903,Fat Burning Via Arginine,1,l6,0.04993039830678031,0.1758505357684424,0.0,0.0,0.1425715588208105,0.0,0.00040378887206315994,0.05564983282238245,0.29007115587592125
NFCorpus_train,PLAIN-2904,Testing the Fat Burning Theory,0,bm25,0.049868286664272655,0.040354082187127306,0.0,0.0,0.0,0.0,0.0007561109960079193,0.05537316692061722,0.28702902095392346
NFCorpus_train,PLAIN-2905,Testing the Dietary Compensation Theory,0,bm25,0.049807717848899036,0.04124270463740479,0.0,0.0,0.0,0.0,0.0011021809186786413,0.050197710981592536,0.28660510410554707
NFCorpus_train,PLAIN-2906,Testing the Pistachio Principle,1,l6,0.2683294395956631,0.6357665726664605,0.3133048116343257,0.22990234235858092,0.6264713513838286,0.32979453856244817,0.0004546591080725193,0.05483342194929719,0.2922512940131128
NFCorpus_train,PLAIN-2907,Solving the Mystery of the Missing Calories,0,bm25,0.04997747091839908,0.04062808914706897,0.0,0.0,0.0,0.0,0.00013087503612041473,0.05444292817264795,0.2904579921159893
NFCorpus_train,PLAIN-2908,Nuts and Obesity: The Weight of Evidence,1,l6,0.43853862070799204,0.7610746819308774,0.7099538363923305,0.40916977447968594,0.7587306249563079,0.7473198277814005,0.00099463714286685,0.05598867917433381,0.28802503924816847
NFCorpus_train,PLAIN-2911,How Phytosterols Lower Cholesterol,0,bm25,0.7207260022834687,0.7108600583363941,0.6617980847880855,0.7061572496857181,0.7061572496857181,0.6966295629348269,0.0007178911473602057,0.05812096712179482,0.2909152752254158
NFCorpus_train,PLAIN-2912,How Fiber Lowers Cholesterol,1,l6,0.049875744044378896,0.13240593979750345,0.0,0.0,0.09721561096838863,0.0,0.0007212110795080662,0.0577457242179662,0.2902118759229779
NFCorpus_train,PLAIN-2913,Nuts and Bolts of Cholesterol Lowering,0,bm25,0.3578215246277431,0.2542649496477916,0.3079411845208208,0.32414861528507455,0.225428054020288,0.32414861528507455,0.0006958660669624805,0.05752386501990259,0.290768297156319
NFCorpus_train,PLAIN-2914,Diet Versus Drugs for High Cholesterol,2,bge,0.049743823458714594,0.040203084444955066,0.08524211273056452,0.0,0.0,0.08972853971638371,0.001495779026299715,0.057202820898965,0.29194301296956837
NFCorpus_train,PLAIN-2915,Black Versus English Walnuts,0,bm25,0.6366005197099783,0.6267731456799008,0.5866466359718805,0.6175227747072427,0.6175227747072427,0.6175227747072427,0.0002666290383785963,0.05708526913076639,0.2890835329890251
NFCorpus_train,PLAIN-2916,The True Shelf-Life of Cooking Oils,1,l6,0.1816434707775948,0.8066895391320457,0.7662449165635927,0.13861964339202387,0.8065735963827292,0.8065735963827292,0.0002604199107736349,0.05506497109308839,0.28813603380694985
NFCorpus_train,PLAIN-2917,The Best Way to Boost Serotonin,0,bm25,0.2605704260891725,0.2510878566167144,0.17268215864464076,0.2216896082411867,0.2216896082411867,0.18177069331014817,0.00019979383796453476,0.05479529686272144,0.28787293983623385
NFCorpus_train,PLAIN-2918,A Better Way to Boost Serotonin,2,bge,0.04995232676038419,0.040310190523382736,0.12196417077654131,0.0,0.0,0.12838333765951718,0.0002761729992926121,0.056133456993848085,0.2896520160138607
NFCorpus_train,PLAIN-2921,Mineral of the Year—Magnesium,1,l6,0.04998549546915472,0.19791929591940227,0.12155750869213207,0.0,0.1656025387561709,0.12795527230750744,8.268817327916622e-05,0.05360576533712447,0.2850425641518086
NFCorpus_train,PLAIN-2922,How Do Nuts Prevent Sudden Cardiac Death?,1,l6,0.29532911703936066,0.6199463539170713,0.0,0.2583715692908667,0.6100458831490401,0.0,0.0007262618746608496,0.05626780376769602,0.29314590780995786
NFCorpus_train,PLAIN-2923,Risk Associated With Iron Supplements,2,bge,0.3936124654198779,0.343541922414495,0.6125234194115572,0.36200278075758774,0.31943122193677725,0.6447614941174287,0.0016693510115146637,0.05705561302602291,0.2876442722044885
NFCorpus_train,PLAIN-2924,New Mineral Absorption Enhancers Found,0,bm25,0.21362246026557147,0.040414244388596636,0.08424853391861256,0.1723941821847754,0.0,0.08868266728275007,0.0008767640683799982,0.05528774904087186,0.2883849290665239
NFCorpus_train,PLAIN-2925,The Benefits of Caloric Restriction Without the Actual Restricting,0,bm25,0.04988661791156928,0.04033327269997486,0.0,0.0,0.0,0.0,0.0006580720655620098,0.05610589194111526,0.29020106908865273
NFCorpus_train,PLAIN-2926,Americans Are Living Longer but Sicker Lives,0,bm25,0.04994457788345575,0.04025737182219723,0.0,0.0,0.0,0.0,0.00031908415257930756,0.0560916552785784,0.2878671661019325
NFCorpus_train,PLAIN-2927,What Women Should Eat to Live Longer,0,bm25,0.049887119950522925,0.04029621324469317,0.0,0.0,0.0,0.0,0.0006566809024661779,0.05645188386552036,0.2908755380194634
NFCorpus_train,PLAIN-2928,Plant-Based Diets and Cellular Stress Defenses,0,bm25,0.04984624518511563,0.04032664869196397,0.0,0.0,0.0,0.0,0.0008883199188858271,0.055887880036607385,0.28887547994963825
NFCorpus_train,PLAIN-2931,Treating Kidney Failure Through Diet,1,l6,0.04984059309346352,0.6200040227746311,0.5795435889915881,0.0,0.6100458831490401,0.6100458831490401,0.0009209660347551107,0.055114402901381254,0.28887268900871277
NFCorpus_train,PLAIN-2932,Preventing Kidney Failure Through Diet,0,bm25,0.049819963168046766,0.04050668223629748,0.0,0.0,0.0,0.0,0.0010429159738123417,0.05499281804077327,0.2896396149881184
NFCorpus_train,PLAIN-2933,Treating Genital Warts With Green Tea,1,l6,0.7326791662053099,0.7380474972040105,0.6977750443273205,0.718676239575155,0.7345000466603374,0.7345000466603374,0.0003661219961941242,0.056297670817002654,0.2893723880406469
NFCorpus_train,PLAIN-2934,Treating Gorlin Syndrome With Green Tea,0,bm25,0.04992117051658501,0.04036941776797337,0.0,0.0,0.0,0.0,0.0004571361932903528,0.0558482373598963,0.28995254915207624
NFCorpus_train,PLAIN-2935,Is Caffeinated Tea Dehydrating?,1,l6,0.2306264350845738,0.7210826450018428,0.6743408781524691,0.19016188295518532,0.716463089704592,0.7098325033183885,0.00015905010513961315,0.05557152209803462,0.2907284430693835
NFCorpus_train,PLAIN-2936,Antimutagenic Activity of Green Versus White Tea,1,l6,0.7013111786145925,0.7051660755765223,0.6097634633860901,0.6857445536970451,0.7000116241546259,0.6418562772485159,0.0008378128986805677,0.056437820894643664,0.2866328489035368
NFCorpus_train,PLAIN-2937,Dead Meat Bacteria Endotoxemia,0,bm25,0.049941337426996295,0.04026724606163608,0.0,0.0,0.0,0.0,0.00033629988320171833,0.055795779917389154,0.2866392198484391
NFCorpus_train,PLAIN-2938,The Exogenous Endotoxin Theory,0,bm25,0.04998389786690865,0.04008768655481825,0.0,0.0,0.0,0.0,9.193900041282177e-05,0.05659673688933253,0.28548702178522944
NFCorpus_train,PLAIN-2941,Fighting Inflammation in a Nut Shell,1,l6,0.04996002622794008,0.6199722735597182,0.5795435889915881,0.0,0.6100458831490401,0.6100458831490401,0.0002319540362805128,0.055539048044011,0.2901327849831432
NFCorpus_train,PLAIN-2942,Anti-Inflammatory Effects of Purple Potatoes,0,bm25,0.3862406210563965,0.3439721516665459,0.21060512782912735,0.3541468329051659,0.31943122193677725,0.2216896082411867,0.0011496469378471375,0.05484625487588346,0.2890445420052856
NFCorpus_train,PLAIN-2943,Boosting Immunity Through Diet,1,l6,0.04986534417333918,0.1571985186129378,0.13544298087976997,0.0,0.12253246782267099,0.1425715588208105,0.0007801919709891081,0.05334697989746928,0.2896985560655594
NFCorpus_train,PLAIN-2944,Is Hydroponic Basil as Healthy?,0,bm25,0.04993050121190936,0.04031129298075558,0.0,0.0,0.0,0.0,0.0004020698834210634,0.0560518738348037,0.2892639529891312
NFCorpus_train,PLAIN-2945,Chamomile Tea May Not Be Safe During Pregnancy,0,bm25,0.6953216160350524,0.3436370503522269,0.5795435889915881,0.6794771050858174,0.31943122193677725,0.6100458831490401,0.0010566071141511202,0.05714046792127192,0.2908619251102209
NFCorpus_train,PLAIN-2946,Making Our Arteries Less Sticky,0,bm25,0.04992249449264538,0.040401134109664505,0.0,0.0,0.0,0.0,0.00045034498907625675,0.055774115957319736,0.29052450880408287
NFCorpus_train,PLAIN-2947,Blocking the First Step of Heart Disease,0,bm25,0.04981637121199483,0.04031097651426506,0.0,0.0,0.0,0.0,0.0010591279715299606,0.05588402505964041,0.2883883249014616
NFCorpus_train,PLAIN-2948,Arterial Acne,0,bm25,0.04997450079378781,0.04038258226758881,0.0,0.0,0.0,0.0,0.00014744396321475506,0.05561075801961124,0.2891148100607097
NFCorpus_train,PLAIN-2951,Not So Delusional Parasitosis,0,bm25,0.6295047785736251,0.6151381976990791,0.5795435889915881,0.6100458831490401,0.6100458831490401,0.6100458831490401,1.5608035027980804e-05,0.005793286021798849,0.020108048105612397
NFCorpus_train,PLAIN-2952,Maggot Meat Spray,0,bm25,0.049954589079239255,0.04073702798158615,0.0,0.0,0.0,0.0,0.0002621591556817293,0.053475527092814445,0.2886521031614393
NFCorpus_train,PLAIN-2953,Viral Meat Spray,0,bm25,0.0499511654975531,0.04056933426657483,0.0,0.0,0.0,0.0,0.0002820680383592844,0.05447151605039835,0.2887999510858208
NFCorpus_train,PLAIN-2954,Tongue Worm in Human Eye,0,bm25,0.049885927806801594,0.04077390913169355,0.0,0.0,0.0,0.0,0.0006662569940090179,0.05388646782375872,0.2920330429915339
NFCorpus_train,PLAIN-2955,Don’t Put Your Money Where Your Mouth Is,0,bm25,0.7104181763545698,0.39449965419146593,0.1296673174392256,0.6951900249960509,0.373151194370365,0.1364919130939217,5.69408293813467e-05,0.046087914844974875,0.2305783717893064
NFCorpus_train,PLAIN-2956,Handwashing Compliance of Retail Deli Workers,1,l6,0.3534388422291121,0.6200527270011652,0.5795435889915881,0.31943122193677725,0.6100458831490401,0.6100458831490401,0.00012121093459427357,0.055258069885894656,0.2911119661293924
NFCorpus_train,PLAIN-2957,Some Dietary Supplements May Be More Than a Waste of Money,0,bm25,0.049750899097636594,0.04034902595178636,0.0,0.0,0.0,0.0,0.0014542338903993368,0.056341720977798104,0.29189655208028853
NFCorpus_train,PLAIN-2958,Heavy Metals in Protein Powder Supplements,0,bm25,0.04989330890226008,0.039538009361221094,0.0,0.0,0.0,0.0,0.0006186619866639376,0.060665191849693656,0.28993139998055995
NFCorpus_train,PLAIN-2961,Dangerous Advice From Health Food Store Employees,0,bm25,0.6816171833025586,0.6719386898371221,0.6455032498315265,0.6650688247235601,0.6650688247235601,0.6794771050858174,0.0011484441347420216,0.05722916405647993,0.2897182300221175
NFCorpus_train,PLAIN-2962,Bad Advice From Health Food Store Employees,0,bm25,0.772503820539335,0.7629342195914413,0.7069665097153897,0.7607341362551547,0.7607341362551547,0.7441752733846208,0.0011297781020402908,0.056971867103129625,0.2917681171093136
NFCorpus_train,PLAIN-2963,Health Food Store Supplement Advice,0,bm25,0.35324189583568105,0.34358648513857576,0.30345966083993836,0.31943122193677725,0.31943122193677725,0.31943122193677725,0.0012523459736257792,0.056779701029881835,0.2875452779699117
NFCorpus_train,PLAIN-2964,Which Brand of Tuna Has the Most Mercury?,1,l6,0.6954876358394579,0.7036061734042303,0.6245680620671247,0.6794771050858174,0.6981959364507546,0.6574400653338155,9.000604040920734e-05,0.05579965887591243,0.28822238417342305
NFCorpus_train,PLAIN-2965,Hair Testing for Mercury Before Considering Pregnancy,1,l6,0.4056151189677071,0.6490838207506219,0.6143914519887841,0.3744541635112973,0.6418562772485159,0.6467278441987201,0.0006725469138473272,0.061739598866552114,0.2890527378767729
NFCorpus_train,PLAIN-2966,"Red Fish, White Fish; Dark Fish, Atrial Fibrillation",1,l6,0.6968079514706454,0.7112055564287881,0.6709525954489629,0.6809395976927065,0.7062658899462768,0.7062658899462768,0.0004913110751658678,0.0565611831843853,0.290145464008674
NFCorpus_train,PLAIN-2967,A Fine Kettle of Fluoxetine,2,bge,0.04998481922616205,0.1196380607424618,0.30345966083993836,0.0,0.08868266728275007,0.31943122193677725,3.7392135709524155e-05,0.03598741418682039,0.12315622414462268
NFCorpus_train,PLAIN-2968,Amnesic Seafood Poisoning,1,l6,0.766151102250056,0.7962635567054008,0.7684378996015926,0.7538590580061038,0.7959634093643542,0.8088819995806238,8.508702740073204e-05,0.056156289065256715,0.2835694379173219
NFCorpus_train,PLAIN-2971,Prevent Glaucoma and See 27 Miles Farther,1,l6,0.3197014822639629,0.41831200063591994,0.15856788277561273,0.2839863481723558,0.3980409554829326,0.16691356081643446,0.0004993949551135302,0.057365211891010404,0.2918782657943666
NFCorpus_train,PLAIN-2972,Preventing Macular Degeneration with Diet,0,bm25,0.6293682735934114,0.25075113992099474,0.30345966083993836,0.6100458831490401,0.2216896082411867,0.31943122193677725,0.0010037850588560104,0.05641994904726744,0.2862797761335969
NFCorpus_train,PLAIN-2973,Garden Variety Anti-Inflammation,0,bm25,0.04997323469935488,0.040595239224817004,0.0,0.0,0.0,0.0,0.00015270011499524117,0.05365559202618897,0.2852576121222228
NFCorpus_train,PLAIN-2974,Apples and Oranges: Dietary Diversity,0,bm25,0.04986446846804443,0.040429502989980166,0.0,0.0,0.0,0.0,0.0007877261377871037,0.05562492017634213,0.2906062251422554
NFCorpus_train,PLAIN-2975,The Acne-Promoting Effects of Milk,1,l6,0.049799570344050026,0.8065857530585905,0.7662449165635927,0.0,0.8065735963827292,0.8065735963827292,0.0011643238831311464,0.05611143074929714,0.29045698791742325
NFCorpus_train,PLAIN-2976,Skim Milk and Acne,1,l6,0.9759308132640531,0.9765473941517228,0.9418737389294266,0.9746942842426549,0.9854643216198291,0.9914460409783439,0.00016641407273709774,0.05580771015956998,0.2893476791214198
NFCorpus_train,PLAIN-2977,National Dairy Council on Acne and Milk,0,bm25,0.777180868063521,0.4719445964849051,0.33035821254363396,0.7655250056039252,0.45438937439767635,0.34774548688803575,0.0003932211548089981,0.05633159005083144,0.2896133631002158
NFCorpus_train,PLAIN-2978,Cow’s Milk Casomorphin and Autism,0,bm25,0.681783755907461,0.6722834686090138,0.6167827667564588,0.6650688247235601,0.6650688247235601,0.6492450176383777,0.00018330290913581848,0.05524380085989833,0.289783330867067
NFCorpus_train,PLAIN-2982,Creatine Brain Fuel Supplementation,0,bm25,0.6954343719367153,0.686011923312548,0.6455032498315265,0.6794771050858174,0.6794771050858174,0.6794771050858174,0.0003996191080659628,0.055067238165065646,0.2900924230925739
NFCorpus_train,PLAIN-2983,When Meat Can Be a Lifesaver,0,bm25,0.04995565569074821,0.040396771193221374,0.0,0.0,0.0,0.0,0.0002571670338511467,0.05569223896600306,0.28996621910482645
NFCorpus_train,PLAIN-2984,Eating Healthy on the Cheap,0,bm25,0.049916512888303434,0.04047238558319116,0.0,0.0,0.0,0.0,0.00048195687122642994,0.05500129470601678,0.2886414809618145
NFCorpus_train,PLAIN-2985,Treating COPD With Diet,0,bm25,0.6685916248805727,0.6591107044538921,0.6187361464119363,0.6513012067494067,0.6513012067494067,0.6513012067494067,0.000839408952742815,0.055906424997374415,0.29040965205058455
NFCorpus_train,PLAIN-2986,Preventing COPD With Diet,0,bm25,0.9998296786111018,0.4889527036835203,0.9345472921573553,1.0,0.472061433224399,0.9837339917445846,0.0009901619050651789,0.055261058965697885,0.290674562798813
NFCorpus_train,PLAIN-2987,The Fruit Whose Juice Is Healthier,0,bm25,0.04993268791369738,0.040246636687564646,0.0,0.0,0.0,0.0,0.00038943509571254253,0.05642823129892349,0.28927575796842575
NFCorpus_train,PLAIN-2988,Raw Veggies Versus Cooked for Heart Disease,0,bm25,0.049822448778824156,0.0402099312653999,0.0,0.0,0.0,0.0,0.0010221449192613363,0.056360462913289666,0.2878450828138739
NFCorpus_train,PLAIN-2989,The Safer Cinnamon,0,bm25,0.953504944853575,0.9467171717708093,0.8703140139348856,0.9510742026824198,0.9560172839495249,0.9161200146683007,4.4738175347447395e-05,0.03308885218575597,0.14387398306280375
NFCorpus_train,PLAIN-2992,Cholesterol and Female Sexual Dysfunction,1,l6,0.5871154258764609,0.9904498238013673,0.95,0.5654648767857288,1.0,1.0,0.0004440741613507271,0.055650827242061496,0.2913602120243013
NFCorpus_train,PLAIN-2993,A Treatment for Chronic Fatigue Syndrome,0,bm25,0.04987015874916065,0.04013052829029826,0.0,0.0,0.0,0.0,0.0007545528933405876,0.05735494988039136,0.29056747700087726
NFCorpus_train,PLAIN-2994,Meat-Borne Infection Risk from Shopping Carts,0,bm25,0.9998311044531386,0.9902724279241759,0.95,1.0,1.0,1.0,0.0009790700860321522,0.05638973321765661,0.28984484914690256
NFCorpus_train,PLAIN-2995,Food Poisoning Bacteria Cross-Contamination,0,bm25,0.04987611639778858,0.040433975348746876,0.0,0.0,0.0,0.0,0.0007157449144870043,0.05526827904395759,0.28887798776850104
NFCorpus_train,PLAIN-2996,Poultry and Paralysis,0,bm25,0.049984460002113526,0.04066119192182861,0.0,0.0,0.0,0.0,8.984911255538464e-05,0.05399509216658771,0.28908984805457294
NFCorpus_train,PLAIN-2997,Poultry Exposure and Neurological Disease,0,bm25,0.9998161922694098,0.9903612089618408,0.95,1.0,1.0,1.0,0.001060460926964879,0.055610072799026966,0.28847016487270594
NFCorpus_train,PLAIN-2998,Carcinogenic Retrovirus Found in Eggs,0,bm25,0.04989424276046137,0.04015943394949013,0.0,0.0,0.0,0.0,0.0006089839152991772,0.05666511785238981,0.28791594691574574
NFCorpus_train,PLAIN-2999,Poultry and Penis Cancer,0,bm25,0.9415724603070783,0.8985966045352316,0.4076993241037576,0.9386076576690247,0.9032867981913646,0.4291571832671133,0.0006021589506417513,0.05472600902430713,0.28724989108741283
NFCorpus_train,PLAIN-3003,What About the Caffeine?,2,bge,0.04998938139889463,0.6071900402778327,0.95,0.0,0.5967132018086354,1.0,6.169592961668968e-05,0.05628607771359384,0.2905087450053543
NFCorpus_train,PLAIN-3005,Breast Cancer Survival and Soy,1,l6,0.24012360212045988,0.29084426605721375,0.2504548779936479,0.20026568556201646,0.2636367136775241,0.2636367136775241,0.0007480238564312458,0.05581532372161746,0.29038381786085665
NFCorpus_train,PLAIN-3006,Flax and Fecal Flora,0,bm25,0.18817676465539632,0.17850358137158395,0.0,0.14546401530948944,0.14546401530948944,0.0,8.124089799821377e-05,0.05601464491337538,0.2891158079728484
NFCorpus_train,PLAIN-3007,Breast Cancer Survival and Lignan Intake,0,bm25,0.38810232509481857,0.3763955674100583,0.3349304169807732,0.3561131829864573,0.3541468329051659,0.3525583336639718,0.0011852509342133999,0.05801482987590134,0.28880560398101807
NFCorpus_train,PLAIN-3008,Breast Cancer Survival and Trans Fat,1,l6,0.7102737228297921,0.7565261401419258,0.6604305237462483,0.6951900249960509,0.7539480773742644,0.6951900249960509,0.0009050790686160326,0.05613150610588491,0.28860771004110575
NFCorpus_train,PLAIN-3009,"Breast Cancer Survival, Butterfat, and Chicken",0,bm25,0.8161199266664105,0.4613434141428812,0.4212550834364073,0.8065735963827292,0.4434264036172708,0.4434264036172708,0.0007271179929375648,0.05766028491780162,0.29087070608511567
NFCorpus_train,PLAIN-3010,Raw Broccoli and Bladder Cancer Survival,0,bm25,0.04988307505378822,0.040058041248661205,0.0,0.0,0.0,0.0,0.0006793770007789135,0.05776644195429981,0.2905184149276465
NFCorpus_train,PLAIN-3012,Biggest Nutrition Bang for Your Buck,1,l6,0.049944012880062866,0.2556004146603755,0.0,0.0,0.22605367325027378,0.0,0.0003212259616702795,0.05250140093266964,0.2868748758919537
NFCorpus_train,PLAIN-3015,The Best Detox,0,bm25,0.04998640594005743,0.04059034628336937,0.0,0.0,0.0,0.0,7.844413630664349e-05,0.05429813917726278,0.2885235780850053
NFCorpus_train,PLAIN-3016,How Much Broccoli Is Too Much?,1,l6,0.3539226499831155,0.46174854600483417,0.18291019915529463,0.3199534648580312,0.4434264036172708,0.19253705174241542,0.00018955208361148834,0.05437221610918641,0.2859727661125362
NFCorpus_train,PLAIN-3017,Liver Toxicity Due to Broccoli Juice?,0,bm25,0.04989892093719023,0.040474365861851484,0.0,0.0,0.0,0.0,0.0005807399284094572,0.05472860485315323,0.28727013897150755
NFCorpus_train,PLAIN-3019,Sulforaphane: From Broccoli to Breast,0,bm25,0.049956337174504595,0.04015453132121769,0.0,0.0,0.0,0.0,0.0002515760716050863,0.056727532064542174,0.288089546142146
NFCorpus_train,PLAIN-3020,Broccoli Versus Breast Cancer Stem Cells,0,bm25,0.5394188896515384,0.5297408902631978,0.129694453854393,0.5153606369886217,0.5153606369886217,0.1365204777414663,0.0009965880308300257,0.0565182832069695,0.2868448991794139
NFCorpus_train,PLAIN-3022,Smoking Versus Kale Juice,0,bm25,0.9999334840291677,0.9902244857595056,0.95,1.0,1.0,1.0,0.0003844939637929201,0.05650712409988046,0.28902379306964576
NFCorpus_train,PLAIN-3023,Kale and the Immune System,0,bm25,0.04993521867259107,0.0404646851998223,0.0,0.0,0.0,0.0,0.0003716018982231617,0.054696950828656554,0.2868125068489462
NFCorpus_train,PLAIN-3024,Meat Additives to Diminish Toxicity,0,bm25,0.9998681718730236,0.9901760428978087,0.95,1.0,1.0,1.0,0.0007631499320268631,0.05687065701931715,0.28944882610812783
NFCorpus_train,PLAIN-3027,Carcinogens in the Smell of Frying Bacon,0,bm25,0.747879815994416,0.7386151732913117,0.6979073948608093,0.7346393630113782,0.7346393630113782,0.7346393630113782,0.0001607649028301239,0.05416695075109601,0.2914639429654926
NFCorpus_train,PLAIN-3028,Prevention Is Better Than Cured Meat,0,bm25,0.049871837663003044,0.04028971720789826,0.0,0.0,0.0,0.0,0.0007378829177469015,0.05590606387704611,0.28787042084150016
NFCorpus_train,PLAIN-3029,Are Nitrates Pollutants or Nutrients?,2,bge,0.0499617774972172,0.04034056172518425,0.27875508343640726,0.0,0.0,0.2934264036172708,0.00022116000764071941,0.05589067400433123,0.28930602595210075
NFCorpus_train,PLAIN-3030,Bacon and Botulism,0,bm25,0.04998238921119383,0.03893417508401457,0.0,0.0,0.0,0.0,2.3307977244257927e-05,0.014645681018009782,0.066175278974697
NFCorpus_train,PLAIN-3031,When Nitrites Go Bad,2,bge,0.1865410553827772,0.5023594961637218,0.7377445732538682,0.14373898468308044,0.486554008167553,0.7765732350040718,5.184905603528023e-05,0.04659214802086353,0.2361053901258856
NFCorpus_train,PLAIN-3032,Is Bacon Good or Is Spinach Bad?,0,bm25,0.049978647702844166,0.04043643190876109,0.0,0.0,0.0,0.0,0.0001235350500792265,0.05533062107861042,0.2892781258560717
NFCorpus_train,PLAIN-3034,Hearts Shouldn't Skip a Beet,2,bge,0.23287466447426441,0.2480798491489556,0.7662449165635927,0.19253705174241542,0.2185988563846481,0.8065735963827292,0.00020423880778253078,0.05511401896364987,0.2873795428313315
NFCorpus_train,PLAIN-3035,Pretty in Pee-nk,0,bm25,0.02583668113782155,0.0,0.004977969286593664,0.0,0.0,0.0,6.946036592125893e-06,1.437310129404068e-05,1.2942124158143997e-05
NFCorpus_train,PLAIN-3038,Don't Use Antiseptic Mouthwash,2,bge,0.4841605653310699,0.4874351794863716,0.740291103475029,0.45721496250592375,0.4707462068683904,0.7792537931316096,0.0011215449776500463,0.05660582007840276,0.28958184411749244
NFCorpus_train,PLAIN-3039,Priming the Proton Pump,0,bm25,0.32873890779580545,0.037689594434033136,0.3233213650848617,0.2934264036172708,0.0,0.34033827903669656,3.756210207939148e-05,0.028586485190317035,0.11610700003802776
NFCorpus_train,PLAIN-3041,Soy Worth a Hill of Beans?,2,bge,0.04997628735957557,0.46176691052695584,0.7662449165635927,0.0,0.4434264036172708,0.8065735963827292,0.00013662013225257397,0.05466600996442139,0.28807448223233223
NFCorpus_train,PLAIN-3042,New Vitamin B12 Test,2,bge,0.2311063901560667,0.4186271453227248,0.7939083844485694,0.19077089626867633,0.3980409554829326,0.835693036261652,0.0007330439984798431,0.05535462382249534,0.29097984987311065
NFCorpus_train,PLAIN-3047,Plant-Based Atkins Diet,1,l6,0.0498797172995789,0.8063354604418851,0.7662449165635927,0.0,0.8065735963827292,0.8065735963827292,0.0006914599798619747,0.05696573411114514,0.287431183969602
NFCorpus_train,PLAIN-3049,Bulking Up on Antioxidants,1,l6,0.7103864001023171,0.7664539325982556,0.6604305237462483,0.6951900249960509,0.7647181147514386,0.6951900249960509,0.00025463802739977837,0.05787329189479351,0.2885505419690162
NFCorpus_train,PLAIN-3050,The Power of NO,0,bm25,0.04998624021913134,0.040567877263501945,0.0,0.0,0.0,0.0,7.888209074735641e-05,0.054072486236691475,0.2866400689817965
NFCorpus_train,PLAIN-3051,Anti-Inflammatory Antioxidants,1,l6,0.04996101775566491,0.19171303770072018,0.0,0.0,0.1592132018086354,0.0,0.0002252028789371252,0.05511031509377062,0.28885314683429897
NFCorpus_train,PLAIN-3054,Amla and Triphala Tested for Metals,2,bge,0.37256061319714506,0.4001320239795511,0.5758249565944331,0.3396175037023835,0.37828727199553286,0.6061315332572981,0.00044095213524997234,0.053604822140187025,0.29004162224009633
NFCorpus_train,PLAIN-3055,Get the Lead Out,1,l6,0.04995778677975646,0.24955587696276593,0.22619047619047616,0.0,0.22023243839286438,0.23809523809523808,0.00024289614520967007,0.05561235407367349,0.2877015112899244
NFCorpus_train,PLAIN-3056,Some Ayurvedic Medicine Worse Than Lead Paint Exposure,1,l6,0.46958628913427813,0.497004594138192,0.2962692508680769,0.4417831836856678,0.48107600485007285,0.3118623693348178,0.0006250040605664253,0.0581150590442121,0.2900644780602306
NFCorpus_train,PLAIN-3057,A Better Breakfast,0,bm25,0.049964894980041405,0.04032074154181772,0.0,0.0,0.0,0.0,0.00020318501628935337,0.05602276511490345,0.28939595608972013
NFCorpus_train,PLAIN-3058,Antioxidants in a Pinch,0,bm25,0.049961473842298834,0.04041792347027213,0.0,0.0,0.0,0.0,0.00022347713820636272,0.055582367116585374,0.290032995166257
NFCorpus_train,PLAIN-3059,Amla Versus Diabetes,1,l6,0.44998707510663516,0.749787724992208,0.6906042196179046,0.4211110364641707,0.7467616398388741,0.7269518101241101,0.00039675901643931866,0.055885537061840296,0.2899880991317332
NFCorpus_train,PLAIN-3060,Power Plants,0,bm25,0.04995725069388414,0.040523889864035864,0.0,0.0,0.0,0.0,0.0002464498393237591,0.05462979478761554,0.28825010475702584
NFCorpus_train,PLAIN-3061,Amla Versus Cancer Cell Invasion,0,bm25,0.9998484587686458,0.9901975506843228,0.8581224582817963,1.0,1.0,0.9032867981913646,0.0008864658884704113,0.05734107387252152,0.2924833989236504
NFCorpus_train,PLAIN-3064,Dried Apples Versus Cholesterol,0,bm25,0.0499240179834673,0.040343005998583266,0.0,0.0,0.0,0.0,0.00043901498429477215,0.05579695384949446,0.2888940069824457
NFCorpus_train,PLAIN-3065,Best Berries,0,bm25,0.04998091618194542,0.040856578993322554,0.0,0.0,0.0,0.0,0.00010908395051956177,0.05226420005783439,0.2858022178988904
NFCorpus_train,PLAIN-3066,Better Than Green Tea?,0,bm25,0.049945957043630716,0.040162442567415725,0.0,0.0,0.0,0.0,0.00031132809817790985,0.05667173396795988,0.28803762700408697
NFCorpus_train,PLAIN-3067,Carcinogenic Putrescine,2,bge,0.4786633639502356,0.7526473286015577,0.7946861453468584,0.45124563387507427,0.7497979034499418,0.8365117319440616,0.00011443998664617538,0.05531095014885068,0.2862684200517833
NFCorpus_train,PLAIN-3068,Throw Household Products Off the Scent,2,bge,0.049917219911079135,0.5772484372265947,0.95,0.0,0.5654648767857288,1.0,0.00047791795805096626,0.05740549275651574,0.28866721712984145
NFCorpus_train,PLAIN-3070,Preventing Allergies in Adulthood,0,bm25,0.049919577355626236,0.04078396161558876,0.0,0.0,0.0,0.0,0.0004633478820323944,0.05309738195501268,0.28807053389027715
NFCorpus_train,PLAIN-3071,Preventing Childhood Allergies,0,bm25,0.04991557701551653,0.04048276850514071,0.0,0.0,0.0,0.0,0.0004885739181190729,0.05507825990207493,0.2893607239238918
NFCorpus_train,PLAIN-3072,Avoiding a Sugary Grave,0,bm25,0.04997961187009842,0.04089868084004742,0.0,0.0,0.0,0.0,0.00011715991422533989,0.05230051884427667,0.2873238369356841
NFCorpus_train,PLAIN-3076,"Trans Fat, Saturated Fat, and Cholesterol: Tolerable Upper Intake of Zero",0,bm25,0.8160488672291366,0.8064112441790748,0.7662449165635927,0.8065735963827292,0.8065735963827292,0.8065735963827292,0.0011394480243325233,0.05715377000160515,0.2906023699324578
NFCorpus_train,PLAIN-3077,Fast Food: Do You Want Fries With That Lipitor?,0,bm25,0.04986564454869618,0.04026003367300545,0.0,0.0,0.0,0.0,0.0007817670702934265,0.056673435028642416,0.29093239712528884
NFCorpus_train,PLAIN-3078,Heart Attacks and Cholesterol: Purely a Question of Diet,0,bm25,0.04982794321715481,0.04048526019299688,0.0,0.0,0.0,0.0,0.0010003189090639353,0.05531763401813805,0.2906944127753377
NFCorpus_train,PLAIN-3079,Heart Attacks and Cholesterol: Agribusiness Sees It Differently,0,bm25,0.04983829684949586,0.04052662777976955,0.0,0.0,0.0,0.0,0.0009516410063952208,0.05575184803456068,0.2942555551417172
NFCorpus_train,PLAIN-3080,Heart Attacks and Cholesterol: Dying Under Normal Circumstances,0,bm25,0.049894260901754056,0.04035543597408587,0.0,0.0,0.0,0.0,0.0006156601011753082,0.056154945166781545,0.29112225817516446
NFCorpus_train,PLAIN-3081,The Risks and Benefits of Neti Pot Nasal Irrigation,0,bm25,0.9998264931506686,0.990289894349678,0.9088657564239883,1.0,1.0,0.9567007962357772,0.0010132580064237118,0.05670578614808619,0.29199366201646626
NFCorpus_train,PLAIN-3082,Take Vitamin D Supplements With Meals,1,l6,0.6860076927227386,0.724616746039756,0.7054835636802531,0.669580102636808,0.7206288001982639,0.7426142775581612,0.0005401710513979197,0.05771908792667091,0.2891559931449592
NFCorpus_train,PLAIN-3083,Resolving the Vitamin D-Bate,2,bge,0.0499647106275454,0.2960950619635871,0.5638950700927937,0.0,0.26898401727246907,0.5935737579924145,0.00020359992049634457,0.05446209781803191,0.28847200493328273
NFCorpus_train,PLAIN-3087,Vitamin D and Mortality May Be a U-shaped Curve,0,bm25,0.049808489341782704,0.04016418532992097,0.0,0.0,0.0,0.0,0.0011252090334892273,0.05778972106054425,0.29377190908417106
NFCorpus_train,PLAIN-3088,Is Vitamin D the New Vitamin E?,0,bm25,0.04991566424729332,0.0400497252611507,0.0,0.0,0.0,0.0,0.0004889408592134714,0.05768722901120782,0.28987756883725524
NFCorpus_train,PLAIN-3090,Vitamin D Recommendations Changed,1,l6,0.20843850471162453,0.3743959494466148,0.22300257015602543,0.16691356081643446,0.35181233488857966,0.23473954753265835,0.0007516860496252775,0.057087677996605635,0.2904998059384525
NFCorpus_train,PLAIN-3091,Pink Juice with Green Foam,1,l6,0.049966553498095846,0.11802028901461975,0.11640584443153744,0.0,0.08181039409947585,0.12253246782267099,0.00019330414943397045,0.056058780290186405,0.28897513705305755
NFCorpus_train,PLAIN-3092,Is Pomegranate Juice That Wonderful?,0,bm25,0.747885903183846,0.31011313298442533,0.37813890770878594,0.7346393630113782,0.2839863481723558,0.3980409554829326,0.00012364285066723824,0.05565448896959424,0.2876528687775135
NFCorpus_train,PLAIN-3093,Alzheimer's and Apple Juice,0,bm25,0.999965807442971,0.9906987944424858,0.95,1.0,1.0,1.0,0.00019708811305463314,0.05361275118775666,0.2882032380439341
NFCorpus_train,PLAIN-3094,Constructing a Cognitive Portfolio,1,l6,0.04997366385235939,0.16167754156055247,0.0,0.0,0.12795527230750744,0.0,0.00015254388563334942,0.057226614793762565,0.2896093379240483
NFCorpus_train,PLAIN-3095,Best Fruit Juice,1,l6,0.4280734341767195,0.7384983582777847,0.6979073948608093,0.3980409554829326,0.7346393630113782,0.7346393630113782,0.0003786880988627672,0.054420314030721784,0.28919174429029226
NFCorpus_train,PLAIN-3098,MRSA in U.S. Retail Meat,0,bm25,0.9618173386140126,0.5873005273251761,0.4293881498371103,0.9598603945740938,0.5754604649035663,0.4519875261443267,0.0002913509961217642,0.05465813004411757,0.29114002804271877
NFCorpus_train,PLAIN-3099,Airborne MRSA,2,bge,0.3733096050661313,0.3610570218630066,0.39583333333333326,0.34033827903669656,0.34033827903669656,0.41666666666666663,2.945796586573124e-05,0.030721260933205485,0.12524625402875245
NFCorpus_train,PLAIN-3101,Infant Nearly Killed by Homeopathy,2,bge,0.04997095929873982,0.3952008033827725,0.6604305237462483,0.0,0.373151194370365,0.6951900249960509,0.00016661104746162891,0.053314427146688104,0.28685782407410443
NFCorpus_train,PLAIN-3102,Total Recall,0,bm25,0.04988867835147141,0.04012524817607872,0.0,0.0,0.0,0.0,0.0006502389442175627,0.05767924105748534,0.2920541299972683
NFCorpus_train,PLAIN-3105,Medical Associations Oppose Bill to Mandate Nutrition Training,0,bm25,0.049779062529641316,0.04035308159314491,0.0,0.0,0.0,0.0,0.0012833219952881336,0.05603441805578768,0.2904265159741044
NFCorpus_train,PLAIN-3106,Nutrition Education Mandate Introduced for Doctors,0,bm25,0.3197124513088272,0.19968182923218608,0.2147509895877601,0.2839863481723558,0.16691356081643446,0.22605367325027378,0.000430121086537838,0.05124841700308025,0.2883643270470202
NFCorpus_train,PLAIN-3107,Doctors Know Less Than They Think About Nutrition,0,bm25,0.9999070207398698,0.9896821915608555,0.95,1.0,1.0,1.0,0.000537307932972908,0.05962448311038315,0.2889396690297872
NFCorpus_train,PLAIN-3108,Medical School Nutrition Education,0,bm25,0.74780413450023,0.418509227618924,0.6979073948608093,0.7346393630113782,0.3980409554829326,0.7346393630113782,0.0005940371192991734,0.05539770913310349,0.28764044400304556
NFCorpus_train,PLAIN-3120,"Food Industry ""Funding Effect""",2,bge,0.37305438440723354,0.04016959350463033,0.95,0.34033827903669656,0.0,1.0,0.00154746207408607,0.05697858496569097,0.2898078782018274
NFCorpus_train,PLAIN-3121,Dietary Guidelines: With a Grain of Big Salt,1,l6,0.2982250924733853,0.43618341270904587,0.27875508343640726,0.26143692688734443,0.41666666666666663,0.2934264036172708,0.0008095121011137962,0.055802809074521065,0.28913610405288637
NFCorpus_train,PLAIN-3124,Is Potassium Sorbate Bad for You?,0,bm25,0.9201274009152403,0.9105196283568169,0.8701394202712192,0.9159362318644413,0.9159362318644413,0.9159362318644413,6.886688061058521e-05,0.055118182906880975,0.28648323891684413
NFCorpus_train,PLAIN-3125,Alkaline Water: a Scam?,2,bge,0.04996756019803415,0.28862716763253904,0.5371916329464423,0.0,0.26143692688734443,0.5654648767857288,0.00018635205924510956,0.055939926067367196,0.2872274920810014
NFCorpus_train,PLAIN-3126,The Tomato Effect,0,bm25,0.04980896019681447,0.03955151313504886,0.0,0.0,0.0,0.0,0.001097152940928936,0.06000628089532256,0.2871529709082097
NFCorpus_train,PLAIN-3127,China Study on Sudden Cardiac Death,2,bge,0.2603327046307449,0.2909154181511988,0.34390264171970836,0.2216896082411867,0.2642611670619972,0.36200278075758774,0.001567005179822445,0.058284238213673234,0.2876049450132996
NFCorpus_train,PLAIN-3128,Our Number One Killer Can Be Stopped,2,bge,0.04987980821899972,0.04040869344079658,0.08424853391861256,0.0,0.0,0.08868266728275007,0.0006963389459997416,0.05556786200031638,0.2896782709285617
NFCorpus_train,PLAIN-3129,Resuscitating Medicare,0,bm25,0.04995378557997615,0.03405375149924085,0.0,0.0,0.0,0.0,2.5561079382896423e-05,0.00881982990540564,0.02765487413853407
NFCorpus_train,PLAIN-3132,The Effect of Canned Tuna on Future Wages,1,l6,0.1524990949059936,0.4121523186872089,0.21060512782912735,0.10811053247825145,0.39082879395484593,0.2216896082411867,0.0011908800806850195,0.05283221695572138,0.28917356999590993
NFCorpus_train,PLAIN-3133,Fish Oil in Troubled Waters,2,bge,0.30097603131731365,0.2684343243044316,0.3857233116803458,0.2642611670619972,0.24023690488035854,0.40602453861089033,0.00041503901593387127,0.05637741694226861,0.2879120670258999
NFCorpus_train,PLAIN-3134,Chicken's Fate Is Sealed,0,bm25,0.04998170179908598,0.04015535202573259,0.0,0.0,0.0,0.0,0.00010467297397553921,0.056315294932574034,0.286019850987941
NFCorpus_train,PLAIN-3135,"Chicken, Eggs, and Inflammation",0,bm25,0.04995611957578644,0.03979171054679334,0.0,0.0,0.0,0.0,0.00025180610828101635,0.05857987212948501,0.2869230560027063
NFCorpus_train,PLAIN-3136,Inflammatory Remarks About Arachidonic Acid,1,l6,0.7189627943940187,0.7710128832475907,0.6977750443273205,0.7042679592128978,0.7692156576287261,0.7345000466603374,0.0005308068357408047,0.05635057995095849,0.28921488975174725
NFCorpus_train,PLAIN-3137,Improving Mood Through Diet,0,bm25,0.6744029070759043,0.6602852996862719,0.619986569871358,0.6574400653338155,0.6526174419698506,0.6526174419698506,0.0009589281398802996,0.05632782215252519,0.29031158331781626
NFCorpus_train,PLAIN-3138,Bowels of the Earth,0,bm25,0.21375628927941234,0.21062602949481363,0.11640584443153744,0.1723941821847754,0.1792535198704905,0.12253246782267099,0.00010656006634235382,0.05663741799071431,0.2930083069950342
NFCorpus_train,PLAIN-3139,Food Mass Transit,1,l6,0.3533168257806905,0.6560872535865594,0.21060512782912735,0.31943122193677725,0.6492450176383777,0.2216896082411867,0.0008317769970744848,0.062283600913360715,0.2911669590976089
NFCorpus_train,PLAIN-3142,Multivitamin Supplements and Breast Cancer,0,bm25,0.3905631884758122,0.28619891706222333,0.1637744730755366,0.35863035642611496,0.2583715692908667,0.1723941821847754,0.000786283053457737,0.053640357218682766,0.2898202380165458
NFCorpus_train,PLAIN-3143,Breast Cancer Prevention: Which Mushroom Is Best?,0,bm25,0.6608521174437296,0.6512747504746272,0.6110143451324228,0.6431729948762346,0.6431729948762346,0.6431729948762346,0.0009403908625245094,0.05645784572698176,0.28983673197217286
NFCorpus_train,PLAIN-3144,Vegetables Versus Breast Cancer,0,bm25,0.2976927044948201,0.18821915277589776,0.11640584443153744,0.26088874273052437,0.1556595795498655,0.12253246782267099,0.0008817659690976143,0.05617115483619273,0.290817802073434
NFCorpus_train,PLAIN-3145,Cancer Prevention and Treatment May Be the Same Thing,2,bge,0.049715322787484945,0.13244857953872383,0.5795435889915881,0.0,0.09721561096838863,0.6100458831490401,0.0016563900280743837,0.057639369973912835,0.29092423897236586
NFCorpus_train,PLAIN-3146,Food Sources of PCB Chemical Pollutants,1,l6,0.46339128234915694,0.7159750749807264,0.6514573260121929,0.43531775927070854,0.7112874991852932,0.6857445536970451,0.0009311249013990164,0.05652101803570986,0.28990937885828316
NFCorpus_train,PLAIN-3147,Chicken Consumption and the Feminization of Male Genitalia,0,bm25,0.39835534629209846,0.124582624200941,0.0,0.3668254041215527,0.08868266728275007,0.0,0.0007488089613616467,0.05620043003000319,0.29071464389562607
NFCorpus_train,PLAIN-3148,Rosy Glow,0,bm25,0.021126905769767248,0.0,0.00447014445643868,0.0,0.0,0.0,1.1085066944360733e-05,1.919618807733059e-05,1.7479993402957916e-05
NFCorpus_train,PLAIN-3149,"Produce, Not Pills to Increase Physical Attractiveness",2,bge,0.38622859868837534,0.4172605658792431,0.6859462307112965,0.3541468329051659,0.3967183917259764,0.7220486639066279,0.0012253548484295607,0.0559064238332212,0.2905163608957082
NFCorpus_train,PLAIN-3152,Pregnant Vegans at Risk for Iodine Deficiency,1,l6,0.7476078986549686,0.7905334396634284,0.6803511128287225,0.7345000466603374,0.7897501766975346,0.7161590661354974,0.0009681680239737034,0.05635519907809794,0.28961803507991135
NFCorpus_train,PLAIN-3153,Saffron Versus Aricept,1,l6,0.3490322576052781,0.5357609260150428,0.35611497989093327,0.31480128279165753,0.5215014624911317,0.3748578735694035,0.00016876007430255413,0.056322008138522506,0.2913570001255721
NFCorpus_train,PLAIN-3154,Saffron for the Treatment of Alzheimer's,1,l6,0.48213724411846226,0.7908813515805151,0.7470588647477586,0.4549754574232672,0.7897501766975346,0.7863777523660618,0.0005201960448175669,0.05456283502280712,0.290805860189721
NFCorpus_train,PLAIN-3155,Avoiding Epilepsy Through Diet,0,bm25,0.04986867712659358,0.03993827635944402,0.0,0.0,0.0,0.0,0.0007519209757447243,0.05761084007099271,0.28628713195212185
NFCorpus_train,PLAIN-3156,Pork Tapeworms on the Brain,1,l6,0.2498609907593143,0.26584744303228236,0.2408250022236294,0.21041428151639363,0.23733168801144577,0.25350000234066256,0.00018777907826006413,0.055438288021832705,0.28821087814867496
NFCorpus_train,PLAIN-3157,Do Doctors Make the Grade?,2,bge,0.04997044497509506,0.03944333416694893,0.7774241583980951,0.0,0.0,0.8183412193664159,0.00017030001617968082,0.060828923946246505,0.28810670389793813
NFCorpus_train,PLAIN-3158,Egg Industry Blind Spot,0,bm25,0.16443344058623496,0.04029162446549589,0.13544298087976997,0.12049306138222593,0.0,0.1425715588208105,0.00020397687330842018,0.056631764862686396,0.29166447394527495
NFCorpus_train,PLAIN-3159,Avoiding Cholesterol Is a No Brainer,0,bm25,0.3534087393213916,0.28027162039805964,0.0,0.31943122193677725,0.25350000234066256,0.0,0.00029397313483059406,0.060925338184461,0.2886531502008438
NFCorpus_train,PLAIN-3162,The Effect of Soy on Precocious Puberty,0,bm25,0.2604118140043926,0.21056140955938718,0.08424853391861256,0.2216896082411867,0.1792535198704905,0.08868266728275007,0.001121076988056302,0.05642351205460727,0.28996296296827495
NFCorpus_train,PLAIN-3163,Calcium Absorption: Soy Milk Versus Cow Milk,1,l6,0.681736367770119,0.7094788295464587,0.6497625971764279,0.6650688247235601,0.7042679592128978,0.6839606286067663,0.000457945978268981,0.055497412104159594,0.28978157392702997
NFCorpus_train,PLAIN-3164,Vegan Epidemic,0,bm25,0.22265985421810386,0.04014743538395578,0.0,0.18177069331014817,0.0,0.0,0.0001288088969886303,0.05689892894588411,0.2887518689967692
NFCorpus_train,PLAIN-3165,American Vegans Placing Babies At Risk,0,bm25,0.16623496648782976,0.1427904945180512,0.0,0.12253246782267099,0.10811053247825145,0.0,0.000990640139207244,0.05747794406488538,0.28986776107922196
NFCorpus_train,PLAIN-3166,Did a Vegan Diet Kill This Baby?,0,bm25,0.2167861624464673,0.04007928456797735,0.0,0.17569867054800503,0.0,0.0,0.0007425060030072927,0.057740273186936975,0.2910086151678115
NFCorpus_train,PLAIN-3167,Calculate Your Healthy Eating Score,1,l6,0.15258084721469628,0.3177654599666163,0.10270500585433887,0.10811053247825145,0.2926991368300002,0.10811053247825145,0.0007273450028151274,0.06033186707645655,0.2929095409344882
NFCorpus_train,PLAIN-3168,Antioxidant Power of Plant Foods Versus Animal Foods,0,bm25,0.38344964950877364,0.37527568623224156,0.348484133915475,0.35124161603625315,0.3525583336639718,0.3668254041215527,0.0013400211464613676,0.05627815006300807,0.2914537522010505
NFCorpus_train,PLAIN-3169,"Antioxidant Content of 3,139 Foods",1,l6,0.2952911428719985,0.41564085860511313,0.36977827997796925,0.2583715692908667,0.395312317475795,0.38924029471365185,0.0009431969374418259,0.05772801279090345,0.2913836450316012
NFCorpus_train,PLAIN-3172,Mitochondrial Theory of Aging,1,l6,0.629426010187135,0.7071344013060761,0.6572257476362288,0.6100458831490401,0.7017507857732401,0.6918165764591883,0.0006778419483453035,0.05493380385451019,0.2882500598207116
NFCorpus_train,PLAIN-3173,Vitamin D Pills vs. Tanning Beds,1,l6,0.04996287483303661,0.4531574027759971,0.4071023465341796,0.0,0.43466812681713585,0.42852878582545223,0.0002153229434043169,0.0567076459992677,0.28999592596665025
NFCorpus_train,PLAIN-3174,Is Vinegar Good For You?,0,bm25,0.8024887382099504,0.7928059284126386,0.7812916310528986,0.7921136930792955,0.7921136930792955,0.8224122432135774,0.00011071003973484039,0.05573978507891297,0.2872568820603192
NFCorpus_train,PLAIN-3175,Is Petroleum Jelly Good For You?,0,bm25,0.7104127405681253,0.7009792895915583,0.6604305237462483,0.6951900249960509,0.6951900249960509,0.6951900249960509,0.00010193884372711182,0.05417748587206006,0.28661593282595277
NFCorpus_train,PLAIN-3176,Is Peanut Butter Good for You?,1,l6,0.35343898283891806,0.3786787317715545,0.3383075238371344,0.31943122193677725,0.3561131829864573,0.3561131829864573,0.00011889101006090641,0.0553620639257133,0.28748187492601573
NFCorpus_train,PLAIN-3177,Is Licorice Good For You?,0,bm25,0.6295278504064895,0.6201268326475851,0.5795435889915881,0.6100458831490401,0.6100458831490401,0.6100458831490401,8.9988112449646e-05,0.05384195107035339,0.28588374331593513
NFCorpus_train,PLAIN-3178,Are Goji Berries Good for You?,1,l6,0.7269502381787163,0.7309342874375568,0.7174169868521313,0.7126042168130119,0.7268712872705927,0.7551757756338224,0.00013590510934591293,0.054855613270774484,0.2859018202871084
NFCorpus_train,PLAIN-3179,Is Kombucha Tea Good For You?,0,bm25,0.6954710619971558,0.6198673173892432,0.5795435889915881,0.6794771050858174,0.6100458831490401,0.6100458831490401,0.00018511712551116943,0.05564970802515745,0.28755759610794485
NFCorpus_train,PLAIN-3182,Are Dates Good For You?,0,bm25,0.8332150576932585,0.8245904573006128,0.783242498282627,0.8244657876659233,0.8244657876659233,0.8244657876659233,0.00015711691230535507,0.04953909502364695,0.2862856008578092
NFCorpus_train,PLAIN-3183,Are Chili Peppers Good For You?,1,l6,0.2871786352208421,0.4205600890703505,0.0,0.2496813519739745,0.4012019152469254,0.0,0.00010799895972013474,0.06127976905554533,0.2895545749925077
NFCorpus_train,PLAIN-3184,Plant-Based Diet & Mood,0,bm25,0.8124953481920673,0.33632193931906423,0.45763704870095057,0.8027523828096105,0.3116553492467726,0.4817232091588953,0.0006990041583776474,0.057075848104432225,0.29267737129703164
NFCorpus_train,PLAIN-3185,Cannabis Receptors & Food,2,bge,0.2758681682046476,0.6592353751993792,0.7094235578469303,0.237892099499919,0.6513012067494067,0.7467616398388741,0.0007411020342260599,0.054443989880383015,0.2865240550599992
NFCorpus_train,PLAIN-3186,Is Protein Bad to the Bone?,0,bm25,0.3533871020675775,0.2827394126839035,0.24207588396996216,0.31943122193677725,0.25481671996838123,0.25481671996838123,0.0004196080844849348,0.05399290402419865,0.2891504850704223
NFCorpus_train,PLAIN-3187,Vegan Protein Status,0,bm25,0.2225867974096072,0.0403677696109512,0.13544298087976997,0.18177069331014817,0.0,0.1425715588208105,0.0005547399632632732,0.05603307392448187,0.2908624049741775
NFCorpus_train,PLAIN-3188,Inverted Rabbit Sign,2,bge,0.0499855664679314,0.04071360852988505,0.13544298087976997,0.0,0.0,0.1425715588208105,8.39021522551775e-05,0.0539818131364882,0.29065010510385036
NFCorpus_train,PLAIN-3189,Industrial Pollutants in Vegans,2,bge,0.04996406293369607,0.2507146254871315,0.5795435889915881,0.0,0.2216896082411867,0.6100458831490401,0.00020863511599600315,0.05741999321617186,0.2902784470934421
NFCorpus_train,PLAIN-3192,Hair Testing for Mercury,0,bm25,0.800936002824116,0.4027997168429402,0.7341222986439508,0.7905410190557838,0.38146442202364717,0.7727603143620536,0.0004537510685622692,0.0558215940836817,0.29099560412578285
NFCorpus_train,PLAIN-3193,Fish Intake Biomarker,1,l6,0.7116653050015921,0.7440673016411181,0.7071062273643481,0.6966391998231531,0.7409499202625778,0.7443223445940507,0.0008172860834747553,0.056632391177117825,0.28790892311371863
NFCorpus_train,PLAIN-3194,Dioxins in the Food Supply,0,bm25,0.8256931858476467,0.8254052646853297,0.7385304870982555,0.8166485908105829,0.8261853042226359,0.7774005127350059,0.0007068610284477472,0.05443787993863225,0.2873993089888245
NFCorpus_train,PLAIN-3195,Prozac Residues in Fish,0,bm25,0.04995817512357547,0.039773295622051244,0.0,0.0,0.0,0.0,0.00024064001627266407,0.058839487843215466,0.2876757050398737
NFCorpus_train,PLAIN-3196,Allergenic Fish Worms,1,l6,0.18540551020166643,0.2045001144865298,0.13544298087976997,0.1425715588208105,0.1723941821847754,0.1425715588208105,0.00021569989621639252,0.05338782980106771,0.28782491688616574
NFCorpus_train,PLAIN-3197,Mothers Overestimate Dietary Quality,1,l6,0.645005387331133,0.7112519632579508,0.6709525954489629,0.6264713513838286,0.7062658899462768,0.7062658899462768,0.0008257369045168161,0.05625258293002844,0.28994287084788084
NFCorpus_train,PLAIN-3198,Protein & Puberty,1,l6,0.732680125554128,0.7636599334395187,0.6923957554842899,0.718676239575155,0.7612477983959656,0.7288376373518841,0.00035980413667857647,0.05501112318597734,0.2887578990776092
NFCorpus_train,PLAIN-3199,What's in a Burger?,1,l6,0.2888518375205157,0.6697312040618059,0.6361010975049676,0.2514567179850707,0.669580102636808,0.669580102636808,1.8805963918566704e-05,0.009606983978301287,0.0293434530030936
NFCorpus_train,PLAIN-3202,Dairy & Sexual Precocity,1,l6,0.04997174222608627,0.8538109398731933,0.818090361279823,0.0,0.8558089743028391,0.8611477487156033,0.00016185594722628593,0.05273955804295838,0.2863918929360807
NFCorpus_train,PLAIN-3203,Boosting Sex-Hormone Binding,0,bm25,0.04998306012057657,0.0403755144932215,0.0,0.0,0.0,0.0,9.745778515934944e-05,0.055371175752952695,0.28765784786082804
NFCorpus_train,PLAIN-3204,Gut Flora & Obesity,0,bm25,0.814043533378586,0.7840657051232753,0.7583554163242283,0.804309119437212,0.7838605789264042,0.7982688592886614,0.0002864990383386612,0.060590726090595126,0.28575557796284556
NFCorpus_train,PLAIN-3205,Does Eating Obesity Cause Obesity?,0,bm25,0.04987498279599256,0.0401337097414361,0.0,0.0,0.0,0.0,0.0007157379295676947,0.056485651060938835,0.28625577385537326
NFCorpus_train,PLAIN-3206,Obesity-Causing Chicken Virus,1,l6,0.784994081846204,0.8810246254397399,0.7568463420450938,0.7736991811496752,0.8847630951196415,0.7966803600474672,0.00011607189662754536,0.054752040887251496,0.28815908380784094
NFCorpus_train,PLAIN-3207,Crop Nutrient Decline,0,bm25,0.04995139582854717,0.040939056701409904,0.0,0.0,0.0,0.0,0.0002818228676915169,0.05253830994479358,0.2899163377005607
NFCorpus_train,PLAIN-3208,Can Folic Acid Be Harmful?,0,bm25,0.6686597810365763,0.3687047584433768,0.6187361464119363,0.6513012067494067,0.34546043308946733,0.6513012067494067,0.00044499500654637814,0.05525715299881995,0.2913591430988163
NFCorpus_train,PLAIN-3209,Iron During Pregnancy,1,l6,0.5573073779438307,0.7112428254708115,0.42261860326444584,0.5340313240462268,0.7061572496857181,0.44486168764678513,0.0001292550005018711,0.05548264901153743,0.28877474879845977
NFCorpus_train,PLAIN-3212,Overdosing on Tea,2,bge,0.04997759449798609,0.04044781465972169,0.07771987439450205,0.0,0.0,0.08181039409947585,0.0001292990054935217,0.05512432008981705,0.2885429779998958
NFCorpus_train,PLAIN-3213,Is Matcha Good for You?,0,bm25,0.04998418340958605,0.04047302432902739,0.0,0.0,0.0,0.0,9.054807014763355e-05,0.05454078526236117,0.28624396212399006
NFCorpus_train,PLAIN-3214,Cold Steeping Green Tea,0,bm25,0.1644340903807569,0.1569673718518011,0.0,0.12049306138222593,0.12253246782267099,0.0,0.00019891606643795967,0.05470795324072242,0.2898135941941291
NFCorpus_train,PLAIN-3215,Asian Paradox,0,bm25,0.04998928016388802,0.04054937218439371,0.0,0.0,0.0,0.0,6.049405783414841e-05,0.05333167593926191,0.2821594341658056
NFCorpus_train,PLAIN-3216,Soymilk Suppression?,0,bm25,0.049980850375546976,0.04033715600394566,0.0,0.0,0.0,0.0,0.00010998407378792763,0.055497639114037156,0.2871703151613474
NFCorpus_train,PLAIN-3217,Healthiest Chocolate Fix,0,bm25,0.7284618137518332,0.4955202308406024,0.4714187836855411,0.7141825234650481,0.47859080382730534,0.49623029861635903,6.861705332994461e-05,0.054148450028151274,0.2961834359448403
NFCorpus_train,PLAIN-3218,Soy & Breast Cancer Survival,0,bm25,0.8601350826080113,0.8428001645785884,0.8072501039636611,0.8529037574339263,0.8449143281767311,0.849736951540696,0.0007150878664106131,0.05714617297053337,0.28953984286636114
NFCorpus_train,PLAIN-3219,Exercise & Breast Cancer,1,l6,0.04987294030893398,0.420402669027813,0.37128735425710363,0.0,0.3999525158487472,0.39082879395484593,0.000730596948415041,0.05492555093951523,0.28750146576203406
NFCorpus_train,PLAIN-3222,Mad Fish Disease,0,bm25,0.2508645502129871,0.21083096793037454,0.08424853391861256,0.21159331667411305,0.1792535198704905,0.08868266728275007,0.0008671418763697147,0.055016901809722185,0.2907908207271248
NFCorpus_train,PLAIN-3223,Drug Residues in Meat,0,bm25,0.04991944007008132,0.040143578778559785,0.0,0.0,0.0,0.0,0.00046819099225103855,0.057282666908577085,0.2905855260323733
NFCorpus_train,PLAIN-3224,Toxic Megacolon Superbug,0,bm25,0.04996893133545807,0.04079050530247286,0.0,0.0,0.0,0.0,0.00017863605171442032,0.052951995050534606,0.2874858870636672
NFCorpus_train,PLAIN-3225,Chicken Out of UTIs,0,bm25,0.8704656868504737,0.8134731547063421,0.7279949187218225,0.863664922155261,0.813753566530828,0.7663104407598132,9.213993325829506e-05,0.05527943791821599,0.2881318340077996
NFCorpus_train,PLAIN-3226,Fecal Bacteria Survey,0,bm25,0.04995346080029319,0.04059109417435151,0.0,0.0,0.0,0.0,0.00026889401488006115,0.05436274106614292,0.28888981393538415
NFCorpus_train,PLAIN-3227,Bristol Stool Scale,1,l6,0.18415519418460377,0.267606468239607,0.0923548304199692,0.14123764420544596,0.23892018725263986,0.09721561096838863,0.00011946703307330608,0.054411842953413725,0.29042233899235725
NFCorpus_train,PLAIN-3228,Greasy Orange Rectal Leakage,0,bm25,0.6295289885024786,0.619981782224728,0.5795435889915881,0.6100458831490401,0.6100458831490401,0.6100458831490401,8.369912393391132e-05,0.05481424927711487,0.28663123305886984
NFCorpus_train,PLAIN-3229,Hepatitis E Virus in Pork,0,bm25,0.8648475686027589,0.8552764307294234,0.7909666054864052,0.8577753243841305,0.8577753243841305,0.832596426827795,0.000224418006837368,0.055314436089247465,0.2877924172207713
NFCorpus_train,PLAIN-3232,Largest Study Ever,0,bm25,0.26036032367515055,0.03925839714970627,0.0,0.2216896082411867,0.0,0.0,0.00145027507096529,0.06363568012602627,0.2962112871464342
NFCorpus_train,PLAIN-3233,Can Cholesterol Be Too Low?,1,l6,0.39060684988298544,0.6197745797701774,0.6097634633860901,0.35863035642611496,0.6100458831490401,0.6418562772485159,0.0005329698324203491,0.05660027777776122,0.28969303076155484
NFCorpus_train,PLAIN-3234,Statin Muscle Toxicity,1,l6,0.89205129292584,0.9252335926404807,0.7730193917973591,0.886418912590376,0.9315076448508441,0.8137046229445886,0.0002680739853531122,0.05570465698838234,0.28717678389512
NFCorpus_train,PLAIN-3235,Low-Fat or Whole Food?,0,bm25,0.13412084011576855,0.040328544523557275,0.0,0.08868266728275007,0.0,0.0,0.0007368240039795637,0.055806627962738276,0.28851204505190253
NFCorpus_train,PLAIN-3236,New Cholesterol Fighters,0,bm25,0.393825507136665,0.3751688252382425,0.34390264171970836,0.36200278075758774,0.3525583336639718,0.36200278075758774,0.0004465770907700062,0.0565155481453985,0.28947916300967336
NFCorpus_train,PLAIN-3237,New Target Cholesterol,1,l6,0.13415341681137663,0.6199143355992051,0.19675430349550582,0.08868266728275007,0.6100458831490401,0.20710979315316402,0.0005481350235641003,0.05549087002873421,0.2881369290407747
NFCorpus_train,PLAIN-3238,Cholesterol Gallstones,0,bm25,0.6954612132986359,0.6858022887530556,0.6455032498315265,0.6794771050858174,0.6794771050858174,0.6794771050858174,0.00024239392951130867,0.05593834491446614,0.28831341792829335
NFCorpus_train,PLAIN-3239,Migrating Fish Bones,0,bm25,0.6366018246322848,0.6273145618674841,0.5866466359718805,0.6175227747072427,0.6175227747072427,0.6175227747072427,0.00025948486290872097,0.05403837491758168,0.2895303568802774
NFCorpus_train,PLAIN-3242,Diet & Lichen Planus,0,bm25,0.6294230242174225,0.6199365613797997,0.5795435889915881,0.6100458831490401,0.6100458831490401,0.6100458831490401,0.0006990409456193447,0.055702054873108864,0.2899026479572058
NFCorpus_train,PLAIN-3243,Diet & Rheumatoid Arthritis,1,l6,0.6276107007353865,0.9532213419501784,0.915152137002804,0.6081437227514841,0.9608008655106623,0.96331803895032,0.0007267431356012821,0.05509360204450786,0.2887662660796195
NFCorpus_train,PLAIN-3244,Rose Hips for Osteoarthritis,1,l6,0.4822125200596653,0.9168262649528418,0.833277618943402,0.4549754574232672,0.9227128302108009,0.8771343357298969,8.205394260585308e-05,0.05648643895983696,0.28964660386554897
NFCorpus_train,PLAIN-3245,Zinc Gel for Colds?,1,l6,0.12770035860383017,0.25098322778282517,0.10270500585433887,0.08181039409947585,0.2216896082411867,0.10811053247825145,0.00011284998618066311,0.055638600839301944,0.2891248119994998
NFCorpus_train,PLAIN-3246,Benzene in Carrot Juice,0,bm25,0.7478853556758367,0.7385020939785248,0.6979073948608093,0.7346393630113782,0.7346393630113782,0.7346393630113782,0.00012798304669559002,0.05461722216568887,0.29035340202972293
NFCorpus_train,PLAIN-3247,Deep Frying Toxins,1,l6,0.21588828858733244,0.665333892759714,0.3557314553357324,0.17463653754611594,0.6574400653338155,0.3744541635112973,9.334413334727287e-05,0.05248759314417839,0.28420311235822737
NFCorpus_train,PLAIN-3248,Raw Food Nutrient Absorption,0,bm25,0.6294023634157694,0.2507391624564474,0.29047746390185997,0.6100458831490401,0.2216896082411867,0.3057657514756421,0.0008204199839383364,0.057314230129122734,0.29046437912620604
NFCorpus_train,PLAIN-3249,Best Cooking Method,0,bm25,0.18530211631769558,0.03971272634336374,0.1637744730755366,0.1425715588208105,0.0,0.1723941821847754,0.000811894191429019,0.059292256366461515,0.2881825561635196
NFCorpus_train,PLAIN-3252,The Healthiest Apple,0,bm25,0.3712571791581889,0.2860541654883669,0.17029084387696597,0.33817591251972345,0.2583715692908667,0.1792535198704905,5.461019463837147e-05,0.05164875625632703,0.2747617622371763
NFCorpus_train,PLAIN-3253,The Healthiest Lentil,2,bge,0.6643756164258153,0.46492821630789916,0.6878142632885232,0.6467278441987201,0.450335259050315,0.7240150139879192,2.5311950594186783e-05,0.02060413802973926,0.07992122112773359
NFCorpus_train,PLAIN-3254,The Healthiest Herbal Tea,0,bm25,0.7641866850418865,0.3636737817720807,0.7540863860196267,0.7518033513023495,0.3401422626010149,0.7937751431785545,0.000151751097291708,0.05418277811259031,0.2863369220867753
NFCorpus_train,PLAIN-3255,Update on Yerba Maté,0,bm25,0.35344639696583885,0.3441851455775281,0.30345966083993836,0.31943122193677725,0.31943122193677725,0.31943122193677725,7.656589150428772e-05,0.05353726400062442,0.28862567199394107
NFCorpus_train,PLAIN-3256,Update on Vitamin E,0,bm25,0.6365974652418851,0.20693360371003186,0.5866466359718805,0.6175227747072427,0.1756143041061501,0.6175227747072427,0.00028572604060173035,0.05752779287286103,0.2905448430683464
NFCorpus_train,PLAIN-3257,Is Stevia Good For You?,0,bm25,0.6817981864127082,0.6723015395081119,0.6318153834873821,0.6650688247235601,0.6650688247235601,0.6650688247235601,9.855511598289013e-05,0.05452311015687883,0.2865461651235819
NFCorpus_train,PLAIN-3258,Another Update on Spirulina,2,bge,0.4712301462781586,0.5746375828236787,0.8789138301290084,0.4434264036172708,0.5620252600019189,0.9251724527673773,0.00014336802996695042,0.05338919907808304,0.28745863609947264
NFCorpus_train,PLAIN-3259,Update on MSG,0,bm25,0.6295311677927622,0.6203829949832705,0.30345966083993836,0.6100458831490401,0.6100458831490401,0.31943122193677725,7.182196713984013e-05,0.05296846874989569,0.28911044797860086
NFCorpus_train,PLAIN-3262,Update on Gum Arabic,0,bm25,0.0499874322597011,0.040440530827602184,0.0,0.0,0.0,0.0,7.270812056958675e-05,0.05530437617562711,0.2892648910637945
NFCorpus_train,PLAIN-3263,Update on Gluten,0,bm25,0.9685137433111034,0.648622660590061,0.8647483750842367,0.9668728882728055,0.6399541168509599,0.9102614474570914,9.012199006974697e-05,0.05426751100458205,0.2907058179844171
NFCorpus_train,PLAIN-3264,Update on Coffee,0,bm25,0.8517534489822001,0.7305894280336598,0.6799824715709301,0.8439754613891097,0.7265321874275769,0.7157710227062422,0.00013313512317836285,0.05508966511115432,0.28644345700740814
NFCorpus_train,PLAIN-3265,Is blue-green algae good for you?,0,bm25,0.049982677450070165,0.040512717144635085,0.0,0.0,0.0,0.0,9.892485104501247e-05,0.05417955480515957,0.2855377858504653
NFCorpus_train,PLAIN-3266,Update on Aspartame,1,l6,0.5632714920720906,0.584803353295027,0.513285950053106,0.540301000055901,0.5734281117830955,0.540301000055901,8.29668715596199e-05,0.05711714178323746,0.28692412679083645
NFCorpus_train,PLAIN-3267,Update on Alfalfa Sprouts,0,bm25,0.4498171226292492,0.2193585794609284,0.34947289847508295,0.42087745300797125,0.188215778137161,0.36786620892113997,9.497208520770073e-05,0.05451209400780499,0.28853339701890945
NFCorpus_train,PLAIN-3268,Research Into Reversing Aging,0,bm25,0.6953453083647203,0.6605414112534257,0.6245680620671247,0.6794771050858174,0.6526174419698506,0.6574400653338155,0.0009121571201831102,0.05454849102534354,0.2887642930727452
NFCorpus_train,PLAIN-3269,Flatophonia: The Art of the Musical Anus,0,bm25,0.6860808702540183,0.6658141290748145,0.6361010975049676,0.669580102636808,0.669580102636808,0.669580102636808,3.0403025448322296e-05,0.030492785153910518,0.0751536269672215
NFCorpus_train,PLAIN-3272,Cancer Reversal Through Diet?,0,bm25,0.04980836312201919,0.040326718698297126,0.0,0.0,0.0,0.0,0.001094758976250887,0.05526030086912215,0.28563369112089276
NFCorpus_train,PLAIN-3273,Eliminating the #1 Cause of Death,2,bge,0.04985209844815768,0.03962721329345117,0.17498182665379738,0.0,0.0,0.18419139647768146,0.0008528628386557102,0.05981387081556022,0.2883211257867515
NFCorpus_train,PLAIN-3274,Whose Health Unaffected by Eggs,0,bm25,0.8633436548973793,0.5179208386286791,0.7105709872232245,0.8562761817653991,0.5028213821232758,0.7479694602349732,0.0006841719150543213,0.05624396190978587,0.28815056872554123
NFCorpus_train,PLAIN-3275,Long-Term Vegan Bone Health,0,bm25,0.6294259585875279,0.6197855845944047,0.5795435889915881,0.6100458831490401,0.6100458831490401,0.6100458831490401,0.0006818131078034639,0.05655965697951615,0.28981159813702106
NFCorpus_train,PLAIN-3276,Dairy Hormonal Interference,1,l6,0.3879497979612702,0.7752508429006506,0.3921672282275347,0.35578434237127393,0.7739263696123523,0.4128076086605629,0.00026151491329073906,0.05757484491914511,0.28847401309758425
NFCorpus_train,PLAIN-3277,Hormones in Skim vs. Whole Milk,0,bm25,0.8196248268034705,0.7875018861472909,0.7696887813479253,0.8101987172083425,0.7863777523660618,0.8101987172083425,0.00036903005093336105,0.05514560895971954,0.28850963921286166
NFCorpus_train,PLAIN-3278,Nutrient Blocking Effects of Dairy,0,bm25,0.0497873148208984,0.040237901476756925,0.0,0.0,0.0,0.0,0.0012382729910314083,0.056835850002244115,0.2911046731751412
NFCorpus_train,PLAIN-3279,Maxing Out on Antioxidants,1,l6,0.04995849936594669,0.17195601276296113,0.0,0.0,0.13861964339202387,0.0,0.0002406782004982233,0.05644338624551892,0.2899693052750081
NFCorpus_train,PLAIN-3282,Arsenic in Chicken,0,bm25,0.9281134790017349,0.9041569407784094,0.8228406952510675,0.9243493966252967,0.909553957107019,0.8661481002642816,0.00010574585758149624,0.05685920687392354,0.2866084349807352
NFCorpus_train,PLAIN-3283,Arsenic in Rice,0,bm25,0.6860905973262597,0.6762301399953786,0.6361010975049676,0.669580102636808,0.669580102636808,0.669580102636808,6.0579972341656685e-05,0.05694972909986973,0.28847114904783666
NFCorpus_train,PLAIN-3284,Toxins in Sweet Potatoes?,0,bm25,0.9999788142865951,0.8881891534646023,0.5280840749356792,1.0,0.8924909353525192,0.5558779736165045,0.00012203212827444077,0.05574197927489877,0.28800570918247104
NFCorpus_train,PLAIN-3285,Toxins in Cooked Potatoes?,2,bge,0.16984812109391162,0.4832395374725254,0.8796805461456069,0.12618904198547004,0.4658669421991565,0.9259795222585336,0.00018173083662986755,0.05390375596471131,0.28874771390110254
NFCorpus_train,PLAIN-3286,Toxins in Raw Mushrooms?,0,bm25,0.7666306109036061,0.6768446131716527,0.0,0.7543701539552121,0.669580102636808,0.0,0.00012129195965826511,0.0533738168887794,0.28830501390621066
NFCorpus_train,PLAIN-3287,Soy Foods & Menopause,1,l6,0.48361043057706377,0.705031300610915,0.6818505041481568,0.45656395666446137,0.6997844356919487,0.7177373727875336,0.0007177169900387526,0.055914977099746466,0.28633487108163536
NFCorpus_train,PLAIN-3288,Is Gluten Bad For You?,1,l6,0.9174982166279569,0.9896070887380386,0.90955701912023,0.9131666643260041,1.0,0.9574284411791896,4.6141911298036575e-05,0.04741209698840976,0.22809824789874256
NFCorpus_train,PLAIN-3289,Glyconutrient Supplements,0,bm25,0.8161974791503144,0.8067210601658213,0.7662449165635927,0.8065735963827292,0.8065735963827292,0.8065735963827292,0.0002744521480053663,0.05510087218135595,0.2892781551927328
NFCorpus_train,PLAIN-3293,Are Iron Pills Good For You?,1,l6,0.0499747350811557,0.36321238667929695,0.0,0.0,0.34033827903669656,0.0,0.00014570588245987892,0.05829971702769399,0.2883561260532588
NFCorpus_train,PLAIN-3294,Are Vitamin C Pills Good For You?,1,l6,0.24518177568377247,0.37841531357878383,0.36665936565440965,0.20552129391196988,0.3561131829864573,0.38595722700464175,0.00037004007026553154,0.05768810701556504,0.29158350615762174
NFCorpus_train,PLAIN-3295,Is Cod Liver Oil Good For You?,0,bm25,0.04994604923314872,0.04057121850357666,0.0,0.0,0.0,0.0,0.0003123318310827017,0.05458511086180806,0.28946004784666
NFCorpus_train,PLAIN-3296,Artificial Coloring in Fish,0,bm25,0.049959897336956716,0.04040611636303934,0.0,0.0,0.0,0.0,0.00023146509192883968,0.0553741070907563,0.2885906749870628
NFCorpus_train,PLAIN-3297,The Problem with Organic Salmon,0,bm25,0.47758979957579106,0.3262078906508481,0.3406988386048092,0.4501528340593023,0.3009431281116772,0.35863035642611496,0.00031953793950378895,0.05588651495054364,0.28842922882176936
NFCorpus_train,PLAIN-3298,Avoiding Other Banned Pesticides,0,bm25,0.440550758443959,0.12481682372277195,0.0,0.41113612456097737,0.08868266728275007,0.0,0.00016647600568830967,0.05497757508419454,0.29145072284154594
NFCorpus_train,PLAIN-3299,DDT in Fish Oil Supplements,2,bge,0.39794844455428385,0.6717396092321064,0.6913897625627129,0.36635295778440313,0.6645430217425203,0.7277786974344347,0.0005054490175098181,0.05572201614268124,0.2909382570069283
NFCorpus_train,PLAIN-3300,Cannibalistic Feed Biomagnification,0,bm25,0.04998174268816591,0.040114212734052704,0.0,0.0,0.0,0.0,0.00010580685921013355,0.05729124369099736,0.28976571187376976
NFCorpus_train,PLAIN-3303,Maternal Mercury Levels,1,l6,0.657827189817763,0.9180648443369217,0.845106432559426,0.6399541168509599,0.9241189044609823,0.8895857184836063,0.0007481661159545183,0.0570187121629715,0.2894904899876565
NFCorpus_train,PLAIN-3304,Xenoestrogens & Early Puberty,1,l6,0.7753417915221952,0.8017968706751706,0.7534052828706693,0.7635532483202727,0.8014039025682991,0.7930581924954414,0.0001957649365067482,0.05524522508494556,0.28964124293997884
NFCorpus_train,PLAIN-3305,Xenoestrogens & Sperm Counts,1,l6,0.8083285371132483,0.8405876140745454,0.8017766883196542,0.7982586666995035,0.8424187247615081,0.8439754613891097,0.00010015210136771202,0.05655269627459347,0.291203296976164
NFCorpus_train,PLAIN-3306,Vegetarian Zinc Requirements,1,l6,0.6294888796851824,0.6528515747816798,0.5795435889915881,0.6100458831490401,0.6447614941174287,0.6100458831490401,0.0003167628310620785,0.05599926388822496,0.2894962958525866
NFCorpus_train,PLAIN-3307,Soy Hormones & Male Infertility,0,bm25,0.04993836462545476,0.040677718585495105,0.0,0.0,0.0,0.0,0.00036040088161826134,0.0545102299656719,0.2923652888275683
NFCorpus_train,PLAIN-3308,Meat Hormones & Female Infertility,0,bm25,0.260521055046794,0.15670714262121485,0.0,0.2216896082411867,0.12253246782267099,0.0,0.0004861089400947094,0.05607790686190128,0.2891000669915229
NFCorpus_train,PLAIN-3309,Brain Parasites in Meat,0,bm25,0.29075946007741066,0.1878947613728951,0.13544298087976997,0.25350000234066256,0.1556595795498655,0.1425715588208105,0.0003807120956480503,0.057981118094176054,0.29043304012157023
NFCorpus_train,PLAIN-3310,USDA Parasite Game,1,l6,0.25289007351627146,0.32443069578618355,0.30345966083993836,0.213581087409624,0.3009431281116772,0.31943122193677725,4.672585055232048e-05,0.0447948279324919,0.1953499778173864
NFCorpus_train,PLAIN-3313,Restaurant Worker Hand Washing,0,bm25,0.6451232054510171,0.6356143555258948,0.5951477838146372,0.6264713513838286,0.6264713513838286,0.6264713513838286,0.00014264602214097977,0.055329380091279745,0.29018616606481373
NFCorpus_train,PLAIN-3314,Fast Food Tested for Carcinogens,2,bge,0.1852542224892468,0.27411949037209715,0.42057117467754174,0.1425715588208105,0.2463089276425017,0.4427064996605703,0.0010960798244923353,0.05733616487123072,0.2903393649030477
NFCorpus_train,PLAIN-3315,Carcinogens in Roasted Coffee?,0,bm25,0.6295123811632706,0.6197372617468067,0.5795435889915881,0.6100458831490401,0.6100458831490401,0.6100458831490401,0.00018100300803780556,0.05687594506889582,0.2899961608927697
NFCorpus_train,PLAIN-3316,Muscle Tremors & Diet,1,l6,0.14714925793785794,0.353785706205667,0.3133048116343257,0.10239726928122408,0.32979453856244817,0.32979453856244817,0.0007402810733765364,0.05498970113694668,0.2888385970145464
NFCorpus_train,PLAIN-3317,Carcinogens in Roasted Chicken?,1,l6,0.049970254691250826,0.3439631280735503,0.24545299082632335,0.0,0.31943122193677725,0.2583715692908667,0.00017206603661179543,0.05493406602181494,0.28923222492448986
NFCorpus_train,PLAIN-3318,Fecal Residues on Chicken,2,bge,0.6295163511406928,0.6530304655404888,0.6979908733668637,0.6100458831490401,0.6447614941174287,0.7347272351230145,0.0001567609142512083,0.05463441787287593,0.2877630009315908
NFCorpus_train,PLAIN-3319,Antioxidant Level Dynamics,1,l6,0.04985441991454702,0.13251849431971546,0.08424853391861256,0.0,0.09721561096838863,0.08868266728275007,0.0008448059670627117,0.057080578058958054,0.29015162494033575
NFCorpus_train,PLAIN-3320,Forego Fat-Free Dressings?,0,bm25,0.04997124229932794,0.03328069262024968,0.0,0.0,0.0,0.0,1.6588019207119942e-05,0.009644032223150134,0.028841004008427262
NFCorpus_train,PLAIN-3323,Vegetarian's Myelopathy,0,bm25,0.049974763782354326,0.04081400791923494,0.0,0.0,0.0,0.0,0.00014659995213150978,0.05336243403144181,0.29045547591522336
NFCorpus_train,PLAIN-3324,Low Meat or No Meat?,0,bm25,0.04989164538889787,0.04041460911712334,0.0,0.0,0.0,0.0,0.000629679998382926,0.05570348002947867,0.2905644678976387
NFCorpus_train,PLAIN-3325,Meat & Mortality,1,l6,0.6829755025279896,0.7160006680235628,0.5951477838146372,0.6663686206650526,0.7114186249912364,0.6264713513838286,0.00043475907295942307,0.05732025415636599,0.29105364298447967
NFCorpus_train,PLAIN-3326,How to Treat Diabetes,2,bge,0.2136967292410482,0.3436436957936652,0.6143914519887841,0.1723941821847754,0.31943122193677725,0.6467278441987201,0.0004505510441958904,0.056886740028858185,0.2897664150223136
NFCorpus_train,PLAIN-3327,How to Prevent Diabetes,1,l6,0.8001578267028339,0.8402940813364693,0.8162223287025964,0.7897501766975346,0.8420091113078183,0.859181398634312,0.0006069091614335775,0.055657275253906846,0.2894422202371061
NFCorpus_train,PLAIN-3328,Thousands of Vegans Studied,1,l6,0.0497498842355247,0.2040152590662747,0.10270500585433887,0.0,0.1723941821847754,0.10811053247825145,0.0014594360254704952,0.05694542499259114,0.29175210697576404
NFCorpus_train,PLAIN-3329,Which Plastics are Harmful?,1,l6,0.6954890358073449,0.7312477403759947,0.672258364367152,0.6794771050858174,0.7268712872705927,0.7076403835443706,8.198991417884827e-05,0.05352917383424938,0.28841203986667097
NFCorpus_train,PLAIN-3330,Fill in the Blank,1,l6,0.04998231560243785,0.24808231692736815,0.07771987439450205,0.0,0.2216896082411867,0.08181039409947585,3.11040785163641e-05,0.02202565805055201,0.08794214902445674
NFCorpus_train,PLAIN-3333,Aspirin Levels in Plant Foods,0,bm25,0.6293296070206436,0.6199898299153696,0.21060512782912735,0.6100458831490401,0.6100458831490401,0.2216896082411867,0.0012343497946858406,0.055110626854002476,0.28842378384433687
NFCorpus_train,PLAIN-3334,Is Caloric Restriction Good For You?,1,l6,0.2605672964596729,0.6512397412116272,0.24207588396996216,0.2216896082411867,0.6431729948762346,0.25481671996838123,0.00021822121925652027,0.05638246820308268,0.2884130582679063
NFCorpus_train,PLAIN-3335,How to Upregulate Metabolism,0,bm25,0.049944797775210936,0.040254436015742384,0.0,0.0,0.0,0.0,0.00032152398489415646,0.056762794964015484,0.2912237560376525
NFCorpus_train,PLAIN-3336,Oxalates in Cinnamon,0,bm25,0.7359326655522904,0.7236498240772443,0.6455032498315265,0.7220486639066279,0.7220486639066279,0.6794771050858174,3.655208274722099e-05,0.03313335822895169,0.1347278079483658
NFCorpus_train,PLAIN-3337,Does Tofu Cause Dementia?,2,bge,0.7103552285945214,0.7560445725219764,0.7774241583980951,0.6951900249960509,0.7539480773742644,0.8183412193664159,0.0004328959621489048,0.05867814598605037,0.28746602684259415
NFCorpus_train,PLAIN-3338,Waistline Slimming Food,0,bm25,0.049882676870254807,0.0403490565172443,0.0,0.0,0.0,0.0,0.0006804009899497032,0.055969453882426023,0.2899688200559467
NFCorpus_train,PLAIN-3339,Waistline Expanding Food,0,bm25,0.049882326409136535,0.040338609093495265,0.0,0.0,0.0,0.0,0.0006816680543124676,0.05596720124594867,0.28964360198006034
NFCorpus_train,PLAIN-3340,Diverticulosis & Nuts,0,bm25,0.04998155026865193,0.0403966528350161,0.0,0.0,0.0,0.0,0.00010683480650186539,0.05560903390869498,0.2895294367335737
NFCorpus_train,PLAIN-3343,Is Coconut Oil Good For You?,1,l6,0.8794447100593366,0.9175840367490876,0.8653599479324219,0.8731371300155651,0.9237514341217152,0.9109052083499178,0.00020520715042948723,0.05758528131991625,0.2885084531735629
NFCorpus_train,PLAIN-3344,Are Betel Nuts Good For You?,1,l6,0.18289499173521537,0.6528350381060448,0.25562960090466397,0.1399209265777273,0.6447614941174287,0.2690837904259621,0.0001731421798467636,0.05612415121868253,0.2896466883830726
NFCorpus_train,PLAIN-3345,Peanuts in Pregnancy,1,l6,0.22496426938636277,0.26440245248724625,0.10056406853470687,0.18419139647768146,0.23538574989523936,0.10585691424705987,0.00010177795775234699,0.053412816952914,0.2898456668481231
NFCorpus_train,PLAIN-3346,Fungal Toxins in Apples,0,bm25,0.18290908418158647,0.15700387523509207,0.07771987439450205,0.1399209265777273,0.12253246782267099,0.08181039409947585,9.117112495005131e-05,0.054265919141471386,0.28858805005438626
NFCorpus_train,PLAIN-3347,Apples & Breast Cancer,1,l6,0.7848995915425996,0.7939354361692452,0.46520651497207305,0.7736991811496752,0.7933972923384572,0.4896910683916559,0.0006584010552614927,0.05624205409549177,0.28718393901363015
NFCorpus_train,PLAIN-3348,Are Star Fruit Good For You?,0,bm25,0.9999438936309061,0.9904493531090119,0.95,1.0,1.0,1.0,0.00032280199229717255,0.05494862515479326,0.28766965097747743
NFCorpus_train,PLAIN-3349,Is Mangosteen Juice Good For You?,0,bm25,0.7209223336603209,0.7114395469135685,0.6709525954489629,0.7062658899462768,0.7062658899462768,0.7062658899462768,0.00017473101615905762,0.05492816888727248,0.28869908885098994
NFCorpus_train,PLAIN-3350,Is chlorella good for you?,0,bm25,0.7927824222961141,0.7831517417563392,0.7427995174028571,0.7818942288451127,0.7818942288451127,0.7818942288451127,9.788991883397102e-05,0.055245046969503164,0.2863097619265318
NFCorpus_train,PLAIN-3353,Is White Bread Good for You?,1,l6,0.28902944624059435,0.6951758303756572,0.38720221147656725,0.2516477020552659,0.6892994030195306,0.40758127523849186,0.00020758179016411304,0.05589378881268203,0.2893471848219633
NFCorpus_train,PLAIN-3354,Nontoxic Head Lice Treatment,0,bm25,0.9999139277867892,0.9900132427734958,0.95,1.0,1.0,1.0,0.0004987218417227268,0.05786552675999701,0.28971129190176725
NFCorpus_train,PLAIN-3355,Optimal Sleep Duration,0,bm25,0.8935615086654907,0.5729332904653367,0.5090266027082043,0.8879972192424122,0.5607495405667087,0.5358174765349519,0.00020742486231029034,0.05657970579341054,0.2892985928338021
NFCorpus_train,PLAIN-3356,Sleep & Immunity,0,bm25,0.629519824690589,0.6200745095214621,0.5795435889915881,0.6100458831490401,0.6100458831490401,0.6100458831490401,0.00013723899610340595,0.054683996830135584,0.28875033208169043
NFCorpus_train,PLAIN-3357,Airborne Supplements,1,l6,0.049951973301213495,0.20427438825951125,0.0,0.0,0.1723941821847754,0.0,0.00027875183150172234,0.0551394559442997,0.2902050719130784
NFCorpus_train,PLAIN-3358,Hot Dogs & Leukemia,0,bm25,0.695488616793009,0.6857966254269933,0.6769740059723612,0.6794771050858174,0.6794771050858174,0.7126042168130119,8.455384522676468e-05,0.056087627774104476,0.2889141757041216
NFCorpus_train,PLAIN-3359,Do Cell Phones Cause Cancer?,0,bm25,0.6293641871201922,0.6197330057095114,0.5795435889915881,0.6100458831490401,0.6100458831490401,0.6100458831490401,0.001040677074342966,0.056909379083663225,0.290040752151981
NFCorpus_train,PLAIN-3360,Is Carob Good For You?,0,bm25,0.645131726837649,0.6357868066505599,0.5951477838146372,0.6264713513838286,0.6264713513838286,0.6264713513838286,9.242980740964413e-05,0.05388519377447665,0.287818209733814
NFCorpus_train,PLAIN-3363,Is Hibiscus Tea Good For You?,1,l6,0.922286484743087,0.923238939681971,0.9127608222351292,0.9182293066898519,0.9289904714111865,0.9608008655106623,0.00018123607151210308,0.05376408016309142,0.28899179212749004
NFCorpus_train,PLAIN-3364,Is Osmanthus Tea Good For You?,0,bm25,0.6295130155100508,0.3440619208697071,0.16691373702060477,0.6100458831490401,0.31943122193677725,0.17569867054800503,0.00017695408314466476,0.05439251195639372,0.2893914501182735
NFCorpus_train,PLAIN-3365,Is Tulsi Tea Good For You?,0,bm25,0.35342779403212493,0.14307899370100363,0.0,0.31943122193677725,0.10811053247825145,0.0,0.00018233107402920723,0.055076779099181294,0.2860830540303141
NFCorpus_train,PLAIN-3366,Black Tea vs. Earl Grey,2,bge,0.14724462159334367,0.353516710568775,0.5951477838146372,0.10239726928122408,0.32979453856244817,0.6264713513838286,0.0001888058613985777,0.056370126781985164,0.28795231273397803
NFCorpus_train,PLAIN-3367,Green Tea vs. White,1,l6,0.6954588735349814,0.7552745359319529,0.5795435889915881,0.6794771050858174,0.7533918505435436,0.6100458831490401,0.0002549579367041588,0.06002595694735646,0.287268155021593
NFCorpus_train,PLAIN-3368,Dietary Brain Wave Alteration,1,l6,0.04984912433762831,0.11789371768692439,0.07771987439450205,0.0,0.08181039409947585,0.08181039409947585,0.0008761261124163866,0.057059915037825704,0.290347064146772
NFCorpus_train,PLAIN-3369,The Healthiest Beverage,0,bm25,0.04998154692475843,0.040600187541833206,0.0,0.0,0.0,0.0,0.00010609114542603493,0.054041771218180656,0.2874619651120156
NFCorpus_train,PLAIN-3370,Nutrition Without Calories,0,bm25,0.049907042035752726,0.04050385399580815,0.0,0.0,0.0,0.0,0.0005368830170482397,0.054845429956912994,0.28877730993553996
NFCorpus_train,PLAIN-3373,Mercury in Corn Syrup?,0,bm25,0.04998458671210821,0.04037644562601215,0.0,0.0,0.0,0.0,8.970685303211212e-05,0.056010033935308456,0.2910049227066338
NFCorpus_train,PLAIN-3374,Sugar vs. Corn Syrup,1,l6,0.7570830184172479,0.778601687919856,0.435603791408465,0.7443223445940507,0.777071605481148,0.4585303067457527,0.00013464014045894146,0.05578646017238498,0.2900608542840928
NFCorpus_train,PLAIN-3375,Diet & Hyperactivity,0,bm25,0.740764417096889,0.4331241100089891,0.29286877866953476,0.72724913811069,0.413653298000635,0.30828292491529974,0.0007082519587129354,0.05703897378407419,0.28964017680846155
NFCorpus_train,PLAIN-3376,Is Sodium Benzoate Harmful?,0,bm25,0.04997163179956552,0.04068846554891255,0.0,0.0,0.0,0.0,0.0001636710949242115,0.05372314830310643,0.28847634396515787
NFCorpus_train,PLAIN-3377,Is Gum Arabic Harmful?,0,bm25,0.9999864398758311,0.5777766750388671,0.5371916329464423,1.0,0.5654648767857288,0.5654648767857288,7.846299558877945e-05,0.054477805038914084,0.28931518108583987
NFCorpus_train,PLAIN-3378,Is Citric Acid Harmful?,0,bm25,0.04992477995089805,0.04046350426735815,0.0,0.0,0.0,0.0,0.0004369998350739479,0.05540340789593756,0.2904809557367116
NFCorpus_train,PLAIN-3379,Is Artificial Butter Flavor Harmful?,1,l6,0.7478856685866201,0.8502156746015561,0.8385463025695953,0.7346393630113782,0.8519590445170673,0.8826803184943108,0.00012581003829836845,0.05295824492350221,0.2895343150012195
NFCorpus_train,PLAIN-3380,Pets & Human Lymphoma,2,bge,0.6957453735953656,0.7379166009142222,0.7568463420450938,0.6798549559259146,0.7345000466603374,0.7966803600474672,0.000673369038850069,0.056818564888089895,0.28817209019325674
NFCorpus_train,PLAIN-3383,Chicken vs. Veggie Chicken,0,bm25,0.20123689747954587,0.04036622388373321,0.11640584443153744,0.15921442887235102,0.0,0.12253246782267099,9.677489288151264e-05,0.055461657932028174,0.287850045831874
NFCorpus_train,PLAIN-3384,Repairing DNA Damage,1,l6,0.18413549272262653,0.4366072702132118,0.24784430559399814,0.14123764420544596,0.4170257223321078,0.26088874273052437,0.0002309749834239483,0.05487499199807644,0.2867881250567734
NFCorpus_train,PLAIN-3385,Flawed Study Interpretation,0,bm25,0.04974718816052385,0.04027124113367349,0.0,0.0,0.0,0.0,0.0014638248831033707,0.05633121985010803,0.28950876789167523
NFCorpus_train,PLAIN-3386,Cancer Fighting Berries,0,bm25,0.3009509639812604,0.24618545185225418,0.24050985206180595,0.2642611670619972,0.21648630427853677,0.2531682653282168,0.0005616610869765282,0.054790438152849674,0.28908469900488853
NFCorpus_train,PLAIN-3387,Raw Food Nutrient Absorption,0,bm25,0.6294043886679488,0.2509145784468258,0.1637744730755366,0.6100458831490401,0.2216896082411867,0.1723941821847754,0.0008129661437124014,0.05659533222205937,0.2920130221173167
NFCorpus_train,PLAIN-3388,Raw vs. Cooked Broccoli,0,bm25,0.8757825971582136,0.8582498829102747,0.8723178413553593,0.869278387877475,0.8611477487156033,0.9182293066898519,0.00018471106886863708,0.057030740194022655,0.2897762591019273
NFCorpus_train,PLAIN-3389,The Best Nut,2,bge,0.2788162166722318,0.3437665673802476,0.41870314210031495,0.24088653733393128,0.31943122193677725,0.44074014957927893,0.00015032803639769554,0.056057367008179426,0.28916138713248074
NFCorpus_train,PLAIN-3390,The Best Apple,0,bm25,0.2184019254915796,0.13380614019327908,0.20421745395530658,0.17728716978919912,0.09721561096838863,0.21496574100558588,0.00011986400932073593,0.049061079043895006,0.2869508529547602
NFCorpus_train,PLAIN-3393,The Best Mushroom,1,l6,0.30103139731289996,0.6908405945162476,0.6784830802514956,0.2642611670619972,0.6839606286067663,0.714192716054206,9.603099897503853e-05,0.05126973404549062,0.2873218939639628
NFCorpus_train,PLAIN-3394,Tofu vs. Tempeh,0,bm25,0.1854187322828857,0.1392937301327425,0.13544298087976997,0.1425715588208105,0.10811053247825145,0.1425715588208105,2.266606315970421e-05,0.012536016991361976,0.04673685505986214
NFCorpus_train,PLAIN-3395,The Best Bean,2,bge,0.35525437861417275,0.46489560636162375,0.6966551028291915,0.3213427250362457,0.44585173552936597,0.7333211608728332,0.00012040697038173676,0.04918163688853383,0.28384253615513444
NFCorpus_train,PLAIN-3396,Pinto Beans vs. Black Beans,0,bm25,0.777742717965607,0.7715131650392852,0.7350142220921914,0.7660704217599303,0.7694428460914032,0.7736991811496752,0.0001399621833115816,0.05473737115971744,0.28938486333936453
NFCorpus_train,PLAIN-3397,Carrots vs. Baby Carrots,0,bm25,0.04998314739478374,0.038001372395596894,0.0,0.0,0.0,0.0,3.822706639766693e-05,0.027216702001169324,0.11341589596122503
NFCorpus_train,PLAIN-3398,The Healthiest Raisin,1,l6,0.41068116374389624,0.7656923124616132,0.7294616295076986,0.37968049693336836,0.7676271583875319,0.767854346850209,2.38779466599226e-05,0.021140724886208773,0.07798997894860804
NFCorpus_train,PLAIN-3399,Fruit Juice Fail,0,bm25,0.4356596484261565,0.3956973447348683,0.29047746390185997,0.40602453861089033,0.3744541635112973,0.3057657514756421,0.0003695390187203884,0.05824388703331351,0.2902294450905174
NFCorpus_train,PLAIN-3400,Healthy Pumpkin Pie,0,bm25,0.04992338047959655,0.040136620643047044,0.0,0.0,0.0,0.0,0.0004397919401526451,0.05661526881158352,0.28699731989763677
NFCorpus_train,PLAIN-3403,New Antioxidant Superstars,2,bge,0.18536692036551805,0.24433714467519557,0.6966551028291915,0.1425715588208105,0.21496574100558588,0.7333211608728332,0.0004394538700580597,0.05708533781580627,0.28888436686247587
NFCorpus_train,PLAIN-3404,Acrylamide in French Fries,0,bm25,0.9247434145275,0.9185314104730151,0.879337144725728,0.9207954237157487,0.9243013294519951,0.9256180470797137,6.97809737175703e-05,0.05448167817667127,0.2850995247717947
NFCorpus_train,PLAIN-3405,Preventing Arthritis,0,bm25,0.18536545411430075,0.0403569488965782,0.0,0.1425715588208105,0.0,0.0,0.0004470660351216793,0.05560764204710722,0.28833012212999165
NFCorpus_train,PLAIN-3406,Algae-Based DHA vs. Flax,0,bm25,0.20855621020441423,0.03830392981425014,0.0,0.16691356081643446,0.0,0.0,4.345690831542015e-05,0.04354439489543438,0.18614968191832304
NFCorpus_train,PLAIN-3407,Plant-Based Omega-3 Supplements,0,bm25,0.6294959635822119,0.34363810624126007,0.30345966083993836,0.6100458831490401,0.31943122193677725,0.31943122193677725,0.0002756889443844557,0.056853978894650936,0.289434724021703
NFCorpus_train,PLAIN-3408,Mercury in Vaccinations vs. Tuna,1,l6,0.34285471274937573,0.4022263070005519,0.3065243691118754,0.30828292491529974,0.38146442202364717,0.3226572306440794,8.1642996519804e-05,0.05900022108107805,0.29021562612615526
NFCorpus_train,PLAIN-3409,Farmed Fish vs. Wild-Caught,1,l6,0.04995915968859027,0.1428857760521523,0.10270500585433887,0.0,0.10811053247825145,0.10811053247825145,0.00023571797646582127,0.056673636892810464,0.288584940135479
NFCorpus_train,PLAIN-3410,Flame Retardant Chemical Contamination,1,l6,0.46256316339839704,0.7214655393977527,0.7071938803668633,0.43432902697411996,0.717554947796521,0.7444146109124877,0.00028363103047013283,0.05861593596637249,0.2870049050543457
NFCorpus_train,PLAIN-3413,What Is Really in Hot Dogs?,0,bm25,0.04998836231115864,0.03995192897959999,0.0,0.0,0.0,0.0,5.852594040334225e-05,0.050531751941889524,0.2514500138349831
NFCorpus_train,PLAIN-3414,Food Is a Package Deal,0,bm25,0.0498812542313582,0.040484862609130465,0.0,0.0,0.0,0.0,0.000685462960973382,0.05492637190036476,0.2886262680403888
NFCorpus_train,PLAIN-3415,Soy & Breast Cancer,1,l6,0.827206520232344,0.8357395428306181,0.5012413073975385,0.818237090051777,0.8374679937779992,0.5276224288395142,0.0006790689658373594,0.05637233378365636,0.2860073088668287
NFCorpus_train,PLAIN-3416,"Red Tea, Honeybush, & Chamomile",1,l6,0.6699472975040994,0.6857188441206943,0.2010136508404074,0.6526174419698506,0.6794771050858174,0.21159331667411305,0.00022571510635316372,0.056235168129205704,0.2873714040033519
NFCorpus_train,PLAIN-3417,Is Yerba Maté Tea Bad For You?,2,bge,0.6168547395080545,0.6073249341126805,0.911867374845389,0.5967132018086354,0.5967132018086354,0.9598603945740938,0.00013196701183915138,0.05528539000079036,0.289373290957883
NFCorpus_train,PLAIN-3418,Coffee vs. Tea,2,bge,0.2583692863684332,0.25869028940072825,0.34803530989518294,0.21936551559010203,0.22990234235858092,0.36635295778440313,0.00016182195395231247,0.056251159869134426,0.2894490649923682
NFCorpus_train,PLAIN-3419,Is Coffee Bad For You?,2,bge,0.21437918154151125,0.3753407771233006,0.383331996912671,0.17304803830492183,0.3525583336639718,0.40350736517123265,9.517907164990902e-05,0.055468942038714886,0.28921285294927657
NFCorpus_train,PLAIN-3420,Is One Egg a Day Too Much?,0,bm25,0.7604382849759694,0.5398735410747199,0.4912340299518139,0.7479694602349732,0.5260339295983201,0.5170884525808568,0.0007719479035586119,0.05734941805712879,0.2908571329899132
NFCorpus_train,PLAIN-3423,Antioxidant Vitamin Supplements,1,l6,0.3578515407921774,0.6268810816794098,0.3079411845208208,0.32414861528507455,0.6175227747072427,0.32414861528507455,0.0005217050202190876,0.05683318595401943,0.2909880189690739
NFCorpus_train,PLAIN-3424,Is Black Pepper Bad For You?,1,l6,0.7303303042580473,0.730893012422118,0.6977750443273205,0.7161590661354974,0.7268712872705927,0.7345000466603374,0.00012176507152616978,0.05637923092581332,0.29258393915370107
NFCorpus_train,PLAIN-3425,Is MSG Bad For You?,0,bm25,0.8162289611770754,0.8037615146781318,0.7662449165635927,0.8065735963827292,0.8065735963827292,0.8065735963827292,2.3519853129982948e-05,0.018401796696707606,0.07370505598373711
NFCorpus_train,PLAIN-3426,Is Nutrasweet® Bad For You?,0,bm25,0.049986380846330364,0.03662472164809971,0.0,0.0,0.0,0.0,1.8476974219083786e-05,0.018146110931411386,0.06783451698720455
NFCorpus_train,PLAIN-3427,Body Odor & Diet,0,bm25,0.6364865938171163,0.627126709932057,0.5866466359718805,0.6175227747072427,0.6175227747072427,0.6175227747072427,0.000919074984267354,0.054670132929459214,0.2871352818328887
NFCorpus_train,PLAIN-3428,IQ of Vegetarian Children,0,bm25,0.7468299500869061,0.7206964635355817,0.7024782387616542,0.733561179872716,0.7161590661354974,0.7394507776438465,0.00030796509236097336,0.05591970402747393,0.28959987219423056
NFCorpus_train,PLAIN-3429,Vegan Paralysis,1,l6,0.21375802837617974,0.6188526142253263,0.5795435889915881,0.1723941821847754,0.6100458831490401,0.6100458831490401,9.560189209878445e-05,0.062152392929419875,0.29067692277021706
NFCorpus_train,PLAIN-3430,Avoiding Iodine Deficiency,0,bm25,0.9297476925539973,0.891372412648688,0.9197801256054979,0.9260852545422738,0.8954753162547369,0.9681896059005242,0.00019094091840088367,0.05349410395137966,0.28670443687587976
NFCorpus_train,PLAIN-3433,Cocoa Good; Chocolate Bad,2,bge,0.38050788085316756,0.5084654400049753,0.5280840749356792,0.3479283945188521,0.4929068178711255,0.5558779736165045,0.00013845902867615223,0.05629422911442816,0.28733164886943996
NFCorpus_train,PLAIN-3434,Extra Virgin Olive Oil,1,l6,0.049971430370995495,0.12463603003263443,0.0,0.0,0.08868266728275007,0.0,0.00016552605666220188,0.05569270299747586,0.28968884516507387
NFCorpus_train,PLAIN-3435,"Good, Great, Bad, & Killer Fats",2,bge,0.04992468436412678,0.040427373808274374,0.11640584443153744,0.0,0.0,0.12253246782267099,0.0004350228700786829,0.055291458033025265,0.28879983886145055
NFCorpus_train,PLAIN-3436,Great Grain Robbery,1,l6,0.17979412711381723,0.646375619275398,0.1832520362199237,0.1366571059245993,0.6374381664571455,0.19289688023149865,0.0001727060880511999,0.05269236699678004,0.28666324401274323
NFCorpus_train,PLAIN-3437,Milk Protein vs. Soy Protein,1,l6,0.12761823763561964,0.15692131620522048,0.10270500585433887,0.08181039409947585,0.12253246782267099,0.10811053247825145,0.0005884058773517609,0.05490879691205919,0.28946509305387735
NFCorpus_train,PLAIN-3438,Halving Heart Attack Risk,0,bm25,0.04983315754512966,0.0405718172224419,0.0,0.0,0.0,0.0,0.000969999935477972,0.05481420597061515,0.29069337784312665
NFCorpus_train,PLAIN-3439,The Healthiest Beverage,0,bm25,0.1854231402524455,0.040560865182564666,0.0,0.1425715588208105,0.0,0.0,0.00011447607539594173,0.05446174112148583,0.28848905209451914
NFCorpus_train,PLAIN-3440,Herbalife® Supplement Liver Toxicity,1,l6,0.5077826805511637,0.8138315910713578,0.7427995174028571,0.4819632281587782,0.813753566530828,0.7818942288451127,0.0004906000103801489,0.05498914001509547,0.29774404712952673
NFCorpus_train,PLAIN-3443,"Beans, Beans, Good for Your Heart",2,bge,0.5257631615396156,0.3513891813289847,0.619986569871358,0.5008550320419844,0.32741474779838886,0.6526174419698506,0.0002835630439221859,0.055737256072461605,0.28864962607622147
NFCorpus_train,PLAIN-3444,Is Noni Juice Good For You?,0,bm25,0.7809941839198034,0.7715636024167232,0.7310264873562815,0.769501565638191,0.769501565638191,0.769501565638191,0.00018558790907263756,0.054365640971809626,0.2872572229243815
NFCorpus_train,PLAIN-3445,The Healthiest Fruits,0,bm25,0.049951392418537584,0.03996771925304237,0.0,0.0,0.0,0.0,0.00027700792998075485,0.05717258993536234,0.2849431319627911
NFCorpus_train,PLAIN-3446,Raw Food Diet Myths,0,bm25,0.629340024070306,0.1420940819599058,0.1637744730755366,0.6100458831490401,0.10811053247825145,0.1723941821847754,0.0011743409559130669,0.06121311290189624,0.28844384104013443
NFCorpus_train,PLAIN-3447,Nine Servings a Day Minimum,2,bge,0.04991954054630508,0.040380431677741496,0.21060512782912735,0.0,0.0,0.2216896082411867,0.00046642101369798183,0.05576434591785073,0.2898484840989113
NFCorpus_train,PLAIN-3448,Can Pesticides Be Rinsed Off?,0,bm25,0.0499852237390262,0.04047253983763846,0.0,0.0,0.0,0.0,8.605909533798695e-05,0.05548931518569589,0.29120728000998497
NFCorpus_train,PLAIN-3449,Fecal Contamination of Sushi,0,bm25,0.6295107965453306,0.6198184274253369,0.5795435889915881,0.6100458831490401,0.6100458831490401,0.6100458831490401,0.0001886528916656971,0.05594824603758752,0.2876468717586249
NFCorpus_train,PLAIN-3450,Don't Eat Raw Alfalfa Sprouts,2,bge,0.049960612457983694,0.0405810693484326,0.13568483627430805,0.0,0.0,0.14282614344664007,0.00022787880152463913,0.0544937439262867,0.28927776380442083
NFCorpus_train,PLAIN-3453,"Just the Flax, Ma'am",0,bm25,0.04998440280424987,0.0372757017466845,0.0,0.0,0.0,0.0,2.0625069737434387e-05,0.016826072009280324,0.06611787807196379
NFCorpus_train,PLAIN-3454,Plant-Based Prevention,2,bge,0.049926915316217804,0.0406831977250322,0.10270500585433887,0.0,0.0,0.10811053247825145,0.00041988608427345753,0.05352688720449805,0.2872599719557911
NFCorpus_train,PLAIN-3455,Slowing the Growth of Cancer,2,bge,0.2934711689182428,0.2390835384150261,0.30345966083993836,0.2564052192095753,0.2090761432344554,0.31943122193677725,0.0006569009274244308,0.055067069828510284,0.28864785586483777
NFCorpus_train,PLAIN-3456,Industrial Carcinogens in Animal Fat,0,bm25,0.049889758314901604,0.039577010708842765,0.0,0.0,0.0,0.0,0.0006487970240414143,0.06134162796661258,0.2942612059414387
NFCorpus_train,PLAIN-3457,Putrefying Protein and “Toxifying” Enzymes,1,l6,0.3984086207063202,0.6201711941765816,0.38146396433544427,0.3668254041215527,0.6100458831490401,0.40154101508994133,0.0004411931149661541,0.05475910915993154,0.29212976107373834
NFCorpus_train,PLAIN-3458,Treating Dry Eye Disease with Diet: Just Add Water?,1,l6,0.9695217862448965,0.9902321677934467,0.95,0.9681896059005242,1.0,1.0,0.0015033450908958912,0.05684159998781979,0.2909632290247828
NFCorpus_train,PLAIN-3459,How May Plants Protect Against Diabetes?,2,bge,0.049779240982698286,0.0402342068349808,0.13544298087976997,0.0,0.0,0.1425715588208105,0.0012819180265069008,0.056708652060478926,0.29034329880960286
NFCorpus_train,PLAIN-3460,Why is Meat a Risk Factor for Diabetes?,1,l6,0.20100359984926433,0.4124140779533286,0.2886094313246331,0.15921442887235102,0.3917574681533095,0.3037994013943507,0.0014596600085496902,0.056934450985863805,0.2918064321856946
NFCorpus_train,PLAIN-3463,Fatty Meals May Impair Artery Function,0,bm25,0.42664880766254054,0.401404771125775,0.40852653202197436,0.3967183917259764,0.3801477043959285,0.4300279284441836,0.001359941903501749,0.056661499897018075,0.29100313410162926
NFCorpus_train,PLAIN-3464,Does Chocolate Cause Weight Gain?,1,l6,0.7326220665273486,0.8885507338950208,0.8147132544234619,0.718676239575155,0.8929581428150792,0.8575928993931178,0.0006998758763074875,0.056749577866867185,0.2907401379197836
NFCorpus_train,PLAIN-3465,High Blood Pressure May Be a Choice,0,bm25,0.4684373445882657,0.3735506400694589,0.2722957583644642,0.44074014957927893,0.35130081885032494,0.28662711406785707,0.0015502378810197115,0.05940381600521505,0.2916200887411833
NFCorpus_train,PLAIN-3466,Boosting Brown Fat Through Diet,1,l6,0.7146463909032829,0.7750360637683068,0.6803511128287225,0.6997844356919487,0.7736991811496752,0.7161590661354974,0.0008678920567035675,0.05818968918174505,0.2915853171143681
NFCorpus_train,PLAIN-3467,Brown Fat: Losing Weight Through Thermogenesis,1,l6,0.8798103772292568,0.8925102238791108,0.8534615064674671,0.8735794864074113,0.8967920338824555,0.8983805331236496,0.0005216100253164768,0.05464201793074608,0.2893497799523175
NFCorpus_train,PLAIN-3468,Food as Medicine: Preventing and Treating the Most Dreaded Diseases with Diet,0,bm25,0.0496591224622263,0.04035865123890723,0.0,0.0,0.0,0.0,0.0019793121609836817,0.05598268215544522,0.2903259883169085
NFCorpus_train,PLAIN-3469,From Table to Able: Combating Disabling Diseases with Food,0,bm25,0.049781799169820146,0.04001321724216283,0.0,0.0,0.0,0.0,0.0012684529647231102,0.05805552704259753,0.29066180996596813
NFCorpus_train,PLAIN-3470,More Than an Apple a Day: Combating Common Diseases,0,bm25,0.04979316349379402,0.04018207568621781,0.0,0.0,0.0,0.0,0.0012032201047986746,0.05711334105581045,0.2908626061398536
NFCorpus_train,PLAIN-3473,Does Rye Bread Protect Against Cancer?,0,bm25,0.9335520565668621,0.9287831055818384,0.9197801256054979,0.9301909272231255,0.9350624941733297,0.9681896059005242,0.0007425788789987564,0.054699717089533806,0.2870995269622654
NFCorpus_train,PLAIN-3474,Fish Consumption and Suicide,0,bm25,0.8036545177715844,0.7208350876670129,0.789504027614198,0.7934462359246965,0.7161590661354974,0.8310568711728401,0.0006899158470332623,0.054982471046969295,0.2888941029086709
