dataset,qid,query,class,best_model,utility_bm25,utility_l6,utility_bge,eff_bm25,eff_l6,eff_bge,lat_bm25,lat_l6,lat_bge
wiki-1k_train,123839,yanni,1,l6,0.9076434743909244,0.918299154419656,0.873099572705437,0.9027863185048521,0.9212501155205437,0.9190521817951969,6.856094114482403e-05,0.13385876500979066,0.9716167028527707
wiki-1k_train,188629,k pop,0,bm25,0.8457453216594364,0.8131387606958453,0.778271683955048,0.8422392233676604,0.8192333515316295,0.8192333515316295,0.017186732031404972,0.05935395392589271,0.19610868603922427
wiki-1k_train,13898,venice film festival,0,bm25,0.8419987839219066,0.8345753893422764,0.8001272621992774,0.8422392233676604,0.8422392233676604,0.8422392233676604,0.03461455786600709,0.0662265659775585,0.21292151301167905
wiki-1k_train,316959,downtown brooklyn,1,l6,0.7783827398642125,0.7915061336619726,0.750752361713758,0.768303631955541,0.790265643909219,0.790265643909219,0.005450682016089559,0.03347140713594854,0.18100033304654062
wiki-1k_train,515031,pennsylvania house of representatives,1,l6,0.20718576709283573,0.7237520529132051,0.6927713880739872,0.1795575065268067,0.7292330400778813,0.7292330400778813,0.06507988111115992,0.09241366502828896,0.24294662312604487
wiki-1k_train,123783,northern premier league,2,bge,0.7846767683462109,0.8021256352527223,0.8561831782012446,0.7844143791653824,0.8100241433719672,0.9012454507381522,0.042999353958293796,0.0711305879522115,0.20442995196208358
wiki-1k_train,4332,first national pictures,0,bm25,0.7161252943939734,0.7123127441093692,0.6927713880739872,0.7292330400778813,0.7292330400778813,0.7292330400778813,0.19404547684825957,0.22180970176123083,0.36411617998965085
wiki-1k_train,9591,poland,1,l6,0.7019521913116723,0.8421966999878293,0.7969882054868409,0.6871938557600628,0.8431910889991474,0.8389349531440431,0.0031697179656475782,0.031751512084156275,0.17969500087201595
wiki-1k_train,114982,cyperaceae,0,bm25,0.6714326564026262,0.6556842023412454,0.6296851767744719,0.6541808102098972,0.6518391473210059,0.6628265018678652,2.222508192062378e-05,0.007706803968176246,0.028411159059032798
wiki-1k_train,563603,trinidad and tobago,1,l6,0.8114668239456857,0.8533009611571898,0.8237729502290652,0.801756744390906,0.8540692872123647,0.8671294212937528,0.000718605937436223,0.02867856784723699,0.17779950192198157
wiki-1k_train,104206,normandy landings,2,bge,0.043737954282521446,0.1100712769180026,0.20310523533439453,0.0,0.07724627805443846,0.21379498456252058,0.025143549079075456,0.05345349106937647,0.2007614620961249
wiki-1k_train,1580851,perry index,0,bm25,0.3165854492115886,0.04138979412585027,0.11833349778542931,0.28128318670560726,0.0,0.12456157661624138,0.0022038850001990795,0.029950375203043222,0.1739236880093813
wiki-1k_train,23678,arm architecture,1,l6,0.8244255579913263,0.8831685909402814,0.8718545351308339,0.8192333515316295,0.8893675412635144,0.9177416159271936,0.0144896418787539,0.0441929898224771,0.18836670997552574
wiki-1k_train,37480,mi5,0,bm25,0.4191097257562131,0.3540221827881027,0.12437968577486076,0.3885626266260775,0.3289142063216913,0.13092598502616923,8.183903992176056e-05,0.027906784089282155,0.16520097805187106
wiki-1k_train,109454,patriarch of antioch,1,l6,0.8075466781697945,0.8400381961975304,0.7550011289313207,0.797641663871441,0.8385535304652716,0.7947380304540218,0.0010234999936074018,0.03166927304118872,0.2403682330623269
wiki-1k_train,544250,nashik district,1,l6,0.8181865174850906,0.845992947198541,0.8081196186224222,0.8141887859723596,0.852808242633259,0.8506522301288655,0.02079211105592549,0.05568397114984691,0.19641774101182818
wiki-1k_train,12519,semiotics,0,bm25,0.7584611545071067,0.46746529337971465,0.42831155619609373,0.7457736642230267,0.44859430645832316,0.4508542696800987,8.414196781814098e-05,0.030721083050593734,0.17657220107503235
wiki-1k_train,115015,santa cruz de tenerife,1,l6,0.8827602773715039,0.9295029785461774,0.835453431876047,0.8838821299904145,0.9408768289742409,0.8794246651326811,0.02755116787739098,0.05698945606127381,0.19884654693305492
wiki-1k_train,84287,gastropoda,0,bm25,0.793602405762002,0.7810972917099913,0.7436314120063673,0.7827699073751235,0.7827699073751235,0.7827699073751235,2.5860033929347992e-05,0.01117458613589406,0.044576667016372085
wiki-1k_train,24998,zaragoza,1,l6,0.5975086526186574,0.8249846489691237,0.34453076555751044,0.5764110133592938,0.8244519699044711,0.36266396374474785,0.00028415885753929615,0.0286371938418597,0.17366984789259732
wiki-1k_train,11925,south carolina,1,l6,0.5880048787124531,0.7707942606703234,0.7186286326001353,0.5764110133592938,0.7754257672978215,0.7564511922106688,0.04100207705050707,0.06784165604040027,0.21387365204282105
wiki-1k_train,643,augustine of hippo,2,bge,0.32208746690866324,0.31536428000025474,0.7028361580329575,0.28658043405243383,0.28658043405243383,0.7398275347715343,0.0007521591614931822,0.031597217079252005,0.22939313109964132
wiki-1k_train,113075,canton of geneva,2,bge,0.7771903413240703,0.7686341459009632,0.8074827189321181,0.7660518084355032,0.7660518084355032,0.8499818094022296,0.0019889259710907936,0.032438647001981735,0.17793960706330836
wiki-1k_train,1250387,leo tolstoy,1,l6,0.40552964167270583,0.7867090936866153,0.6927713880739872,0.37462099518821834,0.7851434793305905,0.7292330400778813,0.0012782311532646418,0.03255752311088145,0.17738243518397212
wiki-1k_train,72012,riemannian manifold,0,bm25,0.8103263342242472,0.4840978912193547,0.3904446969180022,0.8004450289270344,0.4664913078040064,0.4109944178084234,0.00033950782380998135,0.031924947863444686,0.1760142887942493
wiki-1k_train,167865,tuzla,1,l6,0.8166305253394799,0.8285912357907467,0.7739681296346559,0.8070028369284847,0.8287661649540556,0.8147032943522694,7.21118412911892e-05,0.02841773279942572,0.1626357208006084
wiki-1k_train,1425120,subaru,2,bge,0.8666456590129759,0.835108253305971,0.8873973891642105,0.8596575315824608,0.8351935358055713,0.9341025149096953,0.00010160496458411217,0.029173787916079164,0.17520519788376987
wiki-1k_train,24883,tomsk,1,l6,0.776770261524836,0.8227240764262809,0.8181047404941119,0.7650465893403767,0.8246950096447629,0.8611628847306441,6.010802462697029e-05,0.02689063106663525,0.12523366883397102
wiki-1k_train,27200,united states department of agriculture,1,l6,0.10227858050530081,0.15090386537977968,0.0,0.07855756257578417,0.13465647638058315,0.0,0.133353095036,0.16120779793709517,0.2983143369201571
wiki-1k_train,136856,north borneo,0,bm25,0.8202851006871658,0.8135797793987358,0.778271683955048,0.8192333515316295,0.8192333515316295,0.8192333515316295,0.03332855412736535,0.061310315039008856,0.20865339413285255
wiki-1k_train,6031,isaac asimov,1,l6,0.42468495561464875,0.8403464281235382,0.424832179152247,0.3947942585274834,0.8419214464850568,0.4471917675286811,0.0012455431278795004,0.03194468608126044,0.1685033650137484
wiki-1k_train,1313191,hilbert space,0,bm25,0.7753785675219529,0.7678586157872123,0.727749218013728,0.7660518084355032,0.7660518084355032,0.7660518084355032,0.008801562013104558,0.036721038864925504,0.18563601095229387
wiki-1k_train,187115,chechens,1,l6,0.821836146747684,0.8412298545455947,0.778271683955048,0.812504565371392,0.8422392233676604,0.8192333515316295,0.00015211105346679688,0.031335562001913786,0.1760937748476863
wiki-1k_train,84110,arunachal pradesh,2,bge,0.710087148472647,0.838313832448744,0.8468310172866683,0.6951810763003562,0.8389349531440431,0.891401070828072,0.0012361209373921156,0.03201972600072622,0.1845650738105178
wiki-1k_train,208234,central otago,1,l6,0.7728472043148032,0.789699936171454,0.7698740876826827,0.7660518084355032,0.7916872150344928,0.8103937765080871,0.01858821278437972,0.04703130084089935,0.1895977237727493
wiki-1k_train,6431,ira gershwin,0,bm25,0.764194335717405,0.7560777748886969,0.7383742493464704,0.7519541345953951,0.7519541345953951,0.7772360519436531,0.0005654648412019014,0.02888040686957538,0.17442696867510676
wiki-1k_train,10799,rock and roll,0,bm25,0.7487396198878474,0.7409193278960435,0.7028361580329575,0.7398275347715343,0.7398275347715343,0.7398275347715343,0.014870050130411983,0.04325697827152908,0.1814953212160617
wiki-1k_train,1417144,fiba,1,l6,0.04989660366709901,0.7202057878190377,0.7156711294427264,0.0,0.714029540418463,0.7533380309923435,0.00035768700763583183,0.02809802209958434,0.1729689040221274
wiki-1k_train,32512,east coast of the united states,1,l6,0.02771713679361751,0.3066462957617257,0.1758702551470048,0.0,0.29820998182892455,0.18512658436526822,0.13949206587858498,0.16685055592097342,0.31300301174633205
wiki-1k_train,677637,wikipedia,2,bge,0.7999459423883823,0.8219240219042039,0.8404427739964265,0.7894786581273029,0.8217212761605331,0.8846766042067649,0.00019691605120897293,0.029181533958762884,0.16749452403746545
wiki-1k_train,97937,pernambuco,1,l6,0.26594704637129185,0.8045353332093157,0.42313724216637516,0.2273380482666043,0.8035247197794416,0.4454076233330265,8.48409254103899e-05,0.031026220880448818,0.1760223009623587
wiki-1k_train,113765,west coast eagles,2,bge,0.7052585387317086,0.7423831298130681,0.7856674330773143,0.6991725035985782,0.7451459497605297,0.8270183506076993,0.037869872990995646,0.06556894397363067,0.21143738995306194
wiki-1k_train,12900,twin peaks,1,l6,0.1434049519185891,0.4360891838580122,0.39696700183677996,0.10098988347696067,0.41786000193345263,0.41786000193345263,0.009249045979231596,0.039681294932961464,0.18239547219127417
wiki-1k_train,1294909,dutch language,2,bge,0.13788194854406952,0.39064300889521053,0.7208532123445821,0.09689890921500267,0.37096958609255437,0.7587928550995602,0.015797039959579706,0.044596933061257005,0.1893214569427073
wiki-1k_train,73745,liberal party of canada,2,bge,0.4535807751880855,0.43497723030284347,0.7959403707873188,0.4328354521664205,0.4201002832732049,0.8378319692498093,0.030992441112175584,0.05747510609216988,0.20355201908387244
wiki-1k_train,11692,spratly islands,0,bm25,0.880943617525495,0.8523127472324585,0.8269677313118613,0.8787026675241665,0.8569389219551033,0.8704923487493277,0.014606531010940671,0.04499409510754049,0.1909891408868134
wiki-1k_train,22173,kampala,0,bm25,0.8867974091001756,0.8118039200044053,0.6995266325687808,0.8809115352514244,0.8118148509482811,0.7363438237566113,0.00023972592316567898,0.032943595899268985,0.17485635378398
wiki-1k_train,76662,national film board of canada,1,l6,0.16040577039763304,0.7561696157837506,0.6927713880739872,0.13465647638058315,0.7674385467575282,0.7292330400778813,0.0935753881931305,0.12230907729826868,0.26708533405326307
wiki-1k_train,164301,turkish war of independence,1,l6,0.038565656377456854,0.3175678136228487,0.0,0.0,0.30043810913768476,0.0,0.05129696591757238,0.08007178083062172,0.2243109338451177
wiki-1k_train,23344,chania,0,bm25,0.8455347511831698,0.7877776927679291,0.7886109000118663,0.837432309366782,0.7881243810886969,0.8301167368545961,3.803684376180172e-05,0.016040761955082417,0.07330929581075907
wiki-1k_train,9367,oakland raiders,2,bge,0.1725756051616606,0.30810050498346253,0.37893954897459436,0.12955981502167885,0.28056267028576093,0.39888373576273095,0.001706182025372982,0.02842641295865178,0.16852208808995783
wiki-1k_train,592217,krishnagiri district,0,bm25,0.8453154355885851,0.8145936395242961,0.8001272621992774,0.8422392233676604,0.8192333515316295,0.8422392233676604,0.01953842001967132,0.05553969391621649,0.20302497991360724
wiki-1k_train,98546,vr group,0,bm25,0.7853728653288174,0.32734321903196084,0.7755275585529154,0.7827699073751235,0.30805162035422845,0.8163447984767531,0.034654368879273534,0.0642260150052607,0.2098091240040958
wiki-1k_train,98175,trade name,0,bm25,0.778147553957547,0.7723225333891646,0.7436314120063673,0.7827699073751235,0.7827699073751235,0.7827699073751235,0.07835382898338139,0.10783050488680601,0.25301778386346996
wiki-1k_train,15189,anglo saxons,1,l6,0.31656170939578665,0.7339251191020109,0.2672190273703269,0.28128318670560726,0.7292330400778813,0.28128318670560726,0.0023495329078286886,0.031620312947779894,0.17872118204832077
wiki-1k_train,1256,bermuda,1,l6,0.3399882057762963,0.8849171199535545,0.7388201156403141,0.3053881776200696,0.8871449349729675,0.7777053848845412,0.00046038697473704815,0.027752947993576527,0.17630841280333698
wiki-1k_train,1815937,paradox development studio,1,l6,0.7825818725485223,0.8079141331002594,0.7821958293108,0.7827699073751235,0.8163447984767531,0.8233640308534738,0.04738261015154421,0.07552985125221312,0.214409887092188
wiki-1k_train,1249076,usenet,1,l6,0.5168520945821594,0.8099509133173572,0.7718793371028224,0.4914483931584488,0.8111439820388029,0.812504565371392,6.37848861515522e-05,0.028410320868715644,0.13355899369344115
wiki-1k_train,80274,bbc radio,1,l6,0.2588895845464517,0.7320233575723737,0.6927713880739872,0.22372529669744207,0.7292330400778813,0.7292330400778813,0.013571558985859156,0.039969759061932564,0.18593992199748755
wiki-1k_train,38489,wallace stevens,0,bm25,0.3325905078871454,0.13379441791015353,0.0,0.29820998182892455,0.09689890921500267,0.0,0.0025443260092288256,0.029641357949003577,0.17943697213195264
wiki-1k_train,11311,spain,1,l6,0.6652038737781287,0.7325673406997517,0.547590462691329,0.6489883490804159,0.7280895085328369,0.5764110133592938,0.0047912439331412315,0.032721494790166616,0.17943956283852458
wiki-1k_train,4754,franchising,1,l6,0.2661956138185182,0.7440549951317272,0.7028361580329575,0.2282880972066314,0.7398275347715343,0.7398275347715343,0.0023959930986166,0.031028273049741983,0.17667519324459136
wiki-1k_train,257711,united artists records,2,bge,0.4387731797692625,0.46562587044474685,0.7755275585529154,0.42840794797761056,0.46198283907924015,0.8163447984767531,0.10009239916689694,0.12780741625465453,0.2747621650341898
wiki-1k_train,141668,royal corps of signals,1,l6,0.21424417455437397,0.47004560560635356,0.30202936874699104,0.17890615529829546,0.4554597473234888,0.3179256513126222,0.02272734697908163,0.05025648698210716,0.19878124096430838
wiki-1k_train,100895,palawan,0,bm25,0.8604886240570419,0.8433007257256177,0.7281512867032861,0.8531711068287695,0.8452567228528478,0.7664750386350381,8.528213948011398e-05,0.03454836132004857,0.1782099842093885
wiki-1k_train,32945,seine et marne,0,bm25,0.7886985554027696,0.7803701151368615,0.7646954585486265,0.7784483612706589,0.7784483612706589,0.8049425879459227,0.002986212959513068,0.033045268850401044,0.1804602958727628
wiki-1k_train,112321,west country,0,bm25,0.7820967225229882,0.775791004398702,0.7436314120063673,0.7827699073751235,0.7827699073751235,0.7827699073751235,0.052560965064913034,0.08129469305276871,0.22783866501413286
wiki-1k_train,133725,bailiwick of guernsey,1,l6,0.7685503071217094,0.7826846008722016,0.7146232947432043,0.7564511922106688,0.7808805914050382,0.7522350470981098,0.00027007400058209896,0.0315568670630455,0.17240494792349637
wiki-1k_train,424464,pleuronectidae,0,bm25,0.4384853261872501,0.42517285617865425,0.3885170920490033,0.40896536005158246,0.40896536005158246,0.40896536005158246,1.8005026504397392e-05,0.00756357004866004,0.028340214164927602
wiki-1k_train,523456,income tax in the united states,2,bge,0.41838245300374505,0.7701179958708045,0.7794186811847301,0.40896536005158246,0.7844438560162545,0.8204407170365581,0.11160025093704462,0.13914208090864122,0.27713496796786785
wiki-1k_train,1327515,gp3 series,1,l6,0.845497906580106,0.8529742679116521,0.8134435285305943,0.8446775858449045,0.8603870251435224,0.8562563458216783,0.026324889855459332,0.05455164681188762,0.18950221687555313
wiki-1k_train,12101,septimius severus,1,l6,0.38873641640275464,0.6617924891125896,0.29399585019291,0.3565976338883908,0.6537259517842448,0.30946931599253685,0.0001158430241048336,0.03418517694808543,0.18484139000065625
wiki-1k_train,9739,pharaoh,1,l6,0.20666162833066495,0.733707747241878,0.1404476055484719,0.16498778973169592,0.7292330400778813,0.14783958478786519,0.0002656979486346245,0.03136812197044492,0.1730437169317156
wiki-1k_train,189869,metropolitan borough of doncaster,0,bm25,0.048161641839423314,0.04007570884295929,0.0,0.0,0.0,0.0,0.006660826969891787,0.035958165070042014,0.18116238480433822
wiki-1k_train,143444,history of the jews in poland,1,l6,0.44071215166359373,0.7643860164812545,0.727749218013728,0.41786000193345263,0.7660518084355032,0.7660518084355032,0.025129043962806463,0.05368705396540463,0.20087646599859
wiki-1k_train,78940,erasure,2,bge,0.777212872789038,0.5260662490579205,0.8228834412184072,0.7655104331257632,0.5099170114307103,0.866193096019376,7.639103569090366e-05,0.028960008174180984,0.1733112740330398
wiki-1k_train,12527,suez canal,1,l6,0.5948009679748434,0.9362499899520853,0.8549397325026573,0.5742391220117623,0.9420122166220644,0.899936560529113,0.0025964409578591585,0.03096865606494248,0.17876950814388692
wiki-1k_train,327199,naval air station lemoore,2,bge,0.36250334282630337,0.8085829764277604,0.8168361012594807,0.3377862783504969,0.8141887859723596,0.8598274750099797,0.035656494088470936,0.06328047206625342,0.212402320234105
wiki-1k_train,7707,lower saxony,1,l6,0.7686040243122828,0.8053564201691281,0.4280133655025088,0.7587928550995602,0.8063509291914694,0.45054038473948294,0.00818794802762568,0.03886843309737742,0.18202008702792227
wiki-1k_train,97455,robert stack,1,l6,0.7152492839170558,0.7582471436819778,0.4390918715057347,0.7032662132713721,0.7565439380786204,0.4622019700060365,0.01072864094749093,0.03936214488931,0.1879830858670175
wiki-1k_train,1262433,boeing,1,l6,0.7788973025702924,0.8102689464257773,0.7598034651305182,0.7674385467575282,0.8090130142525762,0.7997931211900192,0.0005935190711170435,0.02907153801061213,0.1752687559928745
wiki-1k_train,488875,wexford gaa,1,l6,0.7935039605121564,0.8414088334534576,0.7436314120063673,0.7827699073751235,0.8422392233676604,0.7827699073751235,0.0004381421022117138,0.029971486190333962,0.17188582406379282
wiki-1k_train,74026,miss universe,1,l6,0.41482228315988035,0.8256617618927817,0.7385708708114654,0.3969352785263667,0.8358217919257178,0.7774430219068058,0.05664740200154483,0.08483067993074656,0.23090792912989855
wiki-1k_train,358108,sydney central business district,1,l6,0.037792989042850236,0.13689295828505732,0.0,0.0,0.11055148546612087,0.0,0.05654193088412285,0.08398117194883525,0.2315961339045316
wiki-1k_train,95179,keweenaw peninsula,0,bm25,0.5438499764030255,0.5183979526781614,0.40569499641277035,0.5204917448522342,0.5025769625575902,0.4270473646450214,0.0022774359676986933,0.03339564404450357,0.18450302304700017
wiki-1k_train,7862,music,1,l6,0.2004440482949939,0.8362414570248439,0.4416278225274107,0.16559412347835012,0.8422392233676604,0.46487139213411655,0.027896043844521046,0.056381109869107604,0.20301707088947296
wiki-1k_train,151797,nba g league,0,bm25,0.7807512332604962,0.779122364104657,0.7186286326001353,0.7774430219068058,0.7828978460140223,0.7564511922106688,0.03093061107210815,0.05787136219441891,0.19777522212825716
wiki-1k_train,92980,makati,1,l6,0.22369381042229228,0.7917802286191671,0.7779734674915868,0.1828664582095077,0.7904405537777568,0.8189194394648283,9.893416427075863e-05,0.030830132076516747,0.16868641111068428
wiki-1k_train,100876,genre art,0,bm25,0.7359345893080877,0.7288834938920464,0.6927713880739872,0.7292330400778813,0.7292330400778813,0.7292330400778813,0.02619153610430658,0.053204035153612494,0.19154824502766132
wiki-1k_train,238228,aintree racecourse,1,l6,0.2933926497653788,0.8732576154236013,0.85001220363693,0.25630401474574815,0.8749965373373944,0.8947496880388737,0.00034450506791472435,0.028620656114071608,0.17912326706573367
wiki-1k_train,107755,colchester,1,l6,0.7427031842991398,0.7730414361837274,0.7509185260888689,0.7292330400778813,0.7674385467575282,0.7904405537777568,0.0003221239894628525,0.028456724947318435,0.23614821187220514
wiki-1k_train,32539,christian rock,1,l6,0.773337862404261,0.79840641551187,0.7651672331083718,0.7664556673599465,0.8001421182984885,0.8054391927456546,0.018602116033434868,0.04550067521631718,0.19397322507575154
wiki-1k_train,12953,the clash,1,l6,0.22781508959579874,0.7601654800633469,0.31110211822927025,0.18746824725415956,0.7564511922106688,0.32747591392554765,0.000984319020062685,0.029778667027130723,0.17593129095621407
wiki-1k_train,24843,friedrich schiller,2,bge,0.4245700423593506,0.414939299435739,0.6927713880739872,0.39462994548677366,0.39462994548677366,0.7292330400778813,0.0011790611315518618,0.03575589507818222,0.1795128071680665
wiki-1k_train,119528,comedy drama,0,bm25,0.7405928783863854,0.7323108590645799,0.6927713880739872,0.7292330400778813,0.7292330400778813,0.7292330400778813,0.007822370855137706,0.03756060288287699,0.17953491094522178
wiki-1k_train,30765,tiberias,0,bm25,0.8140145910376156,0.8054144031910433,0.727749218013728,0.8042459008109046,0.8042459008109046,0.7660518084355032,6.296508945524693e-05,0.02854149299673736,0.1655692202039063
wiki-1k_train,134772,fc basel,2,bge,0.6902649495851236,0.7757362499430576,0.8790829195699836,0.6748411543412345,0.7734270246185231,0.9253504416526144,0.0029862960800528526,0.03229007311165333,0.17900297790765762
wiki-1k_train,27711,new york knicks,1,l6,0.7503304901793553,0.8034116310926224,0.7931901143419036,0.7549162842314309,0.8162598886726573,0.8349369624651617,0.08858276391401887,0.115911333123222,0.2630132718477398
wiki-1k_train,361260,perm krai,1,l6,0.4899375199332495,0.794445821029157,0.748718162034262,0.46315834395870026,0.7939464903612943,0.7881243810886969,0.00023138010874390602,0.03605807316489518,0.1839069921988994
wiki-1k_train,17874,dordogne,2,bge,0.3400944173473773,0.24339241585307383,0.7595542203016696,0.3053881776200696,0.2141497828514678,0.7995307582122839,5.8348989114165306e-05,0.024080767994746566,0.11980627197772264
wiki-1k_train,3524,dutch west india company,1,l6,0.6477720360014797,0.6587606883837854,0.5838856940369935,0.6441763350606196,0.6620079355109932,0.6146165200389406,0.0701899838168174,0.09961669985204935,0.24722648481838405
wiki-1k_train,75902,titian,2,bge,0.4717497651760403,0.60152125588957,0.793807019136579,0.44397347908843765,0.5917165857935365,0.8355863359332412,6.860797293484211e-05,0.029069391079246998,0.13699698098935187
wiki-1k_train,809894,victorian burlesque,0,bm25,0.8629279301040955,0.8503710664503822,0.806158475439314,0.8563127720676877,0.8515664544617101,0.8485878688834885,0.0020253220573067665,0.03066097921691835,0.1779084769077599
wiki-1k_train,126362,tvb,1,l6,0.7766411934969752,0.9160675113761403,0.8435586028426996,0.7649296683405149,0.9202200258253049,0.8879564240449469,0.00014055892825126648,0.027252285974100232,0.16736622201278806
wiki-1k_train,288208,muridae,0,bm25,0.6433831428386796,0.5933899454288074,0.633640187600655,0.6246209951882183,0.6246209951882183,0.6246209951882183,1.4916062355041504e-05,0.10963516891933978,0.02137832692824304
wiki-1k_train,406254,tvxq,1,l6,0.8273802016260244,0.8973098791638486,0.837261587646165,0.8183297657197737,0.9053349279733998,0.8813279869959632,3.0110124498605728e-05,0.011614351999014616,0.0455168392509222
wiki-1k_train,240663,kenneth cope,0,bm25,0.793242745151291,0.7848145022804403,0.7436314120063673,0.7827699073751235,0.7827699073751235,0.7827699073751235,0.0013792808167636395,0.031288992846384645,0.1774374118540436
wiki-1k_train,34848,london borough of islington,0,bm25,0.7982738918278516,0.7670774049395354,0.7627676917085753,0.7929088845439594,0.7674385467575282,0.8029133596932372,0.019631504081189632,0.04717186605557799,0.19672625814564526
wiki-1k_train,195113,top cow productions,0,bm25,0.7837047713429366,0.7768113612703351,0.7436314120063673,0.7827699073751235,0.7827699073751235,0.7827699073751235,0.04170967894606292,0.0706743539776653,0.21008959808386862
wiki-1k_train,264822,bradford bulls,1,l6,0.7829307677030096,0.8417584383841016,0.7990629230542396,0.7721459474596397,0.8422147729822249,0.8411188663728839,0.0021806959994137287,0.029938698979094625,0.17936825100332499
wiki-1k_train,8387,mike oldfield,1,l6,0.7851954457083332,0.7922518150730185,0.6993114128877439,0.7748700778229183,0.7908230212521441,0.736117276723941,0.0033207591623067856,0.0322046282235533,0.1783191121648997
wiki-1k_train,186363,shooter game,1,l6,0.42433857954005993,0.7383644705082482,0.7028361580329575,0.4013143274130543,0.7398275347715343,0.7398275347715343,0.025397025980055332,0.053189022932201624,0.18376924889162183
wiki-1k_train,165761,hull kingston rovers,1,l6,0.3337096387432613,0.7694464049580798,0.7531109166813105,0.29969257088441825,0.7660518084355032,0.792748333348748,0.00354382093064487,0.029473681934177876,0.17749214475043118
wiki-1k_train,76875,national science foundation,2,bge,0.6767875178202152,0.7145812856007581,0.7385708708114654,0.6751363100567358,0.7210409588460674,0.7774430219068058,0.06962018902413547,0.09736739285290241,0.23855640087276697
wiki-1k_train,605155,grau,0,bm25,0.7528155401502497,0.743796362700766,0.7028361580329575,0.7398275347715343,0.7398275347715343,0.7398275347715343,6.890995427966118e-05,0.030213183956220746,0.16711210180073977
wiki-1k_train,17836,dannii minogue,1,l6,0.37219447114653037,0.8415683211139907,0.4179322149290093,0.3392039739888053,0.8422392233676604,0.439928647293694,0.0001725279726088047,0.029949952848255634,0.17496295715682209
wiki-1k_train,83566,christopher nolan,1,l6,0.388104022864375,0.8683365316419323,0.203103031402766,0.3565976338883908,0.8704923487493277,0.21379266463449054,0.002372009912505746,0.030845843721181154,0.17868804396130145
wiki-1k_train,132697,moscow oblast,1,l6,0.734082108438429,0.8035751187568816,0.7614706121802047,0.7210409588460674,0.8029133596932372,0.8015480128212682,0.003309004008769989,0.033544528065249324,0.18245451105758548
wiki-1k_train,1563,british national party,1,l6,0.033785652852933105,0.5878125805962562,0.5592497393379093,0.0,0.5886839361451678,0.5886839361451678,0.08377140900120139,0.11075506010092795,0.25832495209760964
wiki-1k_train,23924,balochi language,0,bm25,0.7904163932095767,0.35923030387563254,0.7436314120063673,0.7827699073751235,0.3377862783504969,0.7827699073751235,0.012219983153045177,0.04434387618675828,0.1900452831760049
wiki-1k_train,1433,benjamin franklin,0,bm25,0.13134647411233882,0.0414763842276473,0.0,0.08660499091446228,0.0,0.0,0.0033622391056269407,0.03087304229848087,0.18110296805389225
wiki-1k_train,29737,big south conference,2,bge,0.19571320047059532,0.8309684259167114,0.8320234087458255,0.16559412347835012,0.8408786400350713,0.87581411446929,0.05067754606716335,0.0780452040489763,0.21841478697024286
wiki-1k_train,26758,cantabria,1,l6,0.5303885995332656,0.9130240465815535,0.86599561745897,0.5057008663181515,0.9191170419310712,0.9115743341673369,7.486599497497082e-05,0.02787768584676087,0.13750267284922302
wiki-1k_train,19717,alice in chains,0,bm25,0.9241175483993851,0.9163772206111926,0.4584401040009962,0.9219678401716612,0.9220018244418127,0.4825685305273645,0.006391948089003563,0.03475095517933369,0.18242904706858099
wiki-1k_train,7870,michigan,2,bge,0.04836314676766654,0.04047813081787788,0.15001301062085665,0.0,0.0,0.1579084322324807,0.005710941972211003,0.03322157496586442,0.17444881005212665
wiki-1k_train,16093,soundgarden,0,bm25,0.9153354995870833,0.8747165307840692,0.44627359637270075,0.9109189568224747,0.8790040515425375,0.4697616803923166,9.097694419324398e-05,0.02507258881814778,0.12127221189439297
wiki-1k_train,34844,bermondsey,1,l6,0.46935176147938873,0.7942169134018003,0.44689664769848503,0.44145508147244183,0.7939464903612943,0.4704175238931422,6.715208292007446e-05,0.02204045094549656,0.10984796821139753
wiki-1k_train,2234455,2017 ncaa division i fbs football season,0,bm25,0.7255689514119679,0.7201220729156772,0.7208532123445821,0.7292330400778813,0.7292330400778813,0.7587928550995602,0.08553660404868424,0.11262041190639138,0.2486176979728043
wiki-1k_train,382531,northwestern united states,1,l6,0.30601279636845496,0.737825915620805,0.7143564278656253,0.2926437339643642,0.7519541345953951,0.7519541345953951,0.13708716398105025,0.16532723605632782,0.3115794269833714
wiki-1k_train,12252,southeast asia,1,l6,0.7405614423786402,0.7912337051680642,0.7521162229654388,0.7292330400778813,0.7917012873320408,0.7917012873320408,0.008444325067102909,0.041582704056054354,0.19105277303606272
wiki-1k_train,11446,social psychology,2,bge,0.6005589030859438,0.34446678873229714,0.7143564278656253,0.5839847115317984,0.32255969181918476,0.7519541345953951,0.015363082056865096,0.043491034070029855,0.18174396292306483
wiki-1k_train,21027,john coltrane,0,bm25,0.8748752642987168,0.8430662670222707,0.8245351677681159,0.8752843937967332,0.8487016673265655,0.8679317555453852,0.027164987986907363,0.053964080987498164,0.20440448983572423
wiki-1k_train,1370698,roll of distinguished philatelists,0,bm25,0.7909596418509979,0.35851107245109926,0.7695153761580839,0.7827699073751235,0.33642569501790776,0.810016185429562,0.00981831201352179,0.04076617583632469,0.18374170386232436
wiki-1k_train,113657,restoration movement,1,l6,0.04631581818185235,0.7819857445261229,0.7755275585529154,0.0,0.7827699073751235,0.8163447984767531,0.014150379924103618,0.04472923092544079,0.19204236683435738
wiki-1k_train,3348,danny elfman,2,bge,0.737498914460294,0.801096951523,0.8412426490896405,0.7240547332588633,0.7996307682791182,0.8855185779890953,0.0012681509833782911,0.030716876033693552,0.1795830000191927
wiki-1k_train,217425,konkani language,1,l6,0.5648835387493879,0.8668672773994063,0.8187491930160733,0.5455238585735962,0.8724264957409191,0.861841255806393,0.01287467684596777,0.045686897821724415,0.1913524258416146
wiki-1k_train,197576,dungannon,2,bge,0.8030873361241018,0.796957258595173,0.8077719967667436,0.792748333348748,0.7956131204838925,0.8502863123860459,8.394382894039154e-05,0.03159462078474462,0.17799373483285308
wiki-1k_train,129397,united soccer league,0,bm25,0.4097582379254645,0.1857374805916592,0.21253903186256995,0.39462994548677366,0.16498778973169592,0.22372529669744207,0.07193272211588919,0.09977756510488689,0.23755522794090211
wiki-1k_train,257126,chapters and verses of the bible,1,l6,0.8646810096328404,0.9113571386279723,0.798956816981791,0.8596913268477034,0.9168714086145031,0.8410071757703064,0.007550116162747145,0.03604337829165161,0.18635352118872106
wiki-1k_train,67592,isle of man tt,1,l6,0.7273038129503461,0.8156682396635935,0.7509185260888689,0.718245685531022,0.8189194394648283,0.7904405537777568,0.019418857991695404,0.047509548952803016,0.19304619799368083
wiki-1k_train,93136,eth zurich,1,l6,0.1548624977748948,0.7553863741240407,0.37489844821243495,0.11055148546612087,0.7513207763833594,0.39462994548677366,0.0005820430815219879,0.03017560811713338,0.18029575515538454
wiki-1k_train,892237,emirate of abu dhabi,1,l6,0.7961930527177715,0.8640822502740052,0.806158475439314,0.7861052501270096,0.866651613469721,0.8485878688834885,0.0021554790437221527,0.032803668174892664,0.1775708592031151
wiki-1k_train,20605,delaware river,1,l6,0.8336896404081825,0.8700232579318999,0.8124454543988907,0.8311078278429469,0.876099521231628,0.8552057414725166,0.024368809070438147,0.05100580910220742,0.20782582997344434
wiki-1k_train,1219,black sea,1,l6,0.7592155873215962,0.8441298314184874,0.7861868745666565,0.7529061069073393,0.8500203576279279,0.8275651311227963,0.024596473202109337,0.054478579200804234,0.20343756419606507
wiki-1k_train,389032,antigua,1,l6,0.1267420925204711,0.7558193855754664,0.278011547266146,0.08083747290381353,0.7519541345953951,0.2926437339643642,0.00018463609740138054,0.029458835022524,0.17253537010401487
wiki-1k_train,10656,primary school,0,bm25,0.03429856744472303,0.027981538773706367,0.0,0.0,0.0,0.0,0.07346388814039528,0.10302001214586198,0.23394008120521903
wiki-1k_train,1778,berber languages,1,l6,0.42146674590286926,0.7568371886527727,0.6927713880739872,0.39462994548677366,0.7564511922106688,0.7292330400778813,0.01317974179983139,0.045286033768206835,0.19202921190299094
wiki-1k_train,108160,loch lomond,0,bm25,0.9050886547258602,0.8165545470715364,0.8052270548855434,0.900227006745596,0.8163447984767531,0.8476074261953088,0.00044650095514953136,0.0315464970190078,0.17578544886782765
wiki-1k_train,964897,african union,1,l6,0.7807345778531476,0.7944293648954684,0.7290666194196518,0.7754257672978215,0.796998361779207,0.7674385467575282,0.023701279889792204,0.050922885769978166,0.20018307375721633
wiki-1k_train,94266,north american numbering plan,0,bm25,0.8128043646513938,0.7872061952638947,0.7701885368133113,0.8246950096447629,0.8027329976910846,0.8107247755929593,0.12744287308305502,0.1566523292567581,0.30849032709375024
wiki-1k_train,13744,ural mountains,0,bm25,0.7683375876726135,0.7627604468394187,0.6927713880739872,0.7587928550995602,0.7621414723103619,0.7292330400778813,0.009503558976575732,0.04259087913669646,0.1888906378298998
wiki-1k_train,13539,utah,2,bge,0.25052410062629005,0.31421124902027936,0.6048690435271977,0.21157323816862184,0.2870864940170598,0.6367042563444187,0.0016721510328352451,0.030284811044111848,0.17770856898277998
wiki-1k_train,407598,algarve cup,0,bm25,0.885398989999023,0.8213779524246356,0.8173676738863462,0.8828333468460106,0.8234849801354858,0.8603870251435224,0.012356407940387726,0.04102721298113465,0.1876339679583907
wiki-1k_train,97620,mixed martial arts,1,l6,0.18618321434602056,0.756236861921984,0.7156711294427264,0.1516475513271569,0.7587928550995602,0.7533380309923435,0.0335688809864223,0.06225032405927777,0.21294756303541362
wiki-1k_train,203795,jaxa,0,bm25,0.8819902570863458,0.860241306276741,0.7993633108254581,0.87581411446929,0.8663616694274834,0.841435064026798,3.184797242283821e-05,0.012298830784857273,0.04803375294432044
wiki-1k_train,356090,plateau state,1,l6,0.7613036235946617,0.8474825963448865,0.7640336057703594,0.7660518084355032,0.8625322811600868,0.8042459008109046,0.08737530000507832,0.11647708411328495,0.2656495647970587
wiki-1k_train,112731,albanian national awakening,2,bge,0.6805722495640821,0.18598189019645814,0.7809048852926547,0.6773678722903355,0.16319409237540142,0.8220051424133208,0.061989837093278766,0.0913622872903943,0.23976459517143667
wiki-1k_train,714608,unionidae,0,bm25,0.85008394980887,0.8372047542724442,0.8001272621992774,0.8422392233676604,0.8422392233676604,0.8422392233676604,2.4555018171668053e-05,0.007326134946197271,0.028346413047984242
wiki-1k_train,88181,mystery fiction,0,bm25,0.7405174544151819,0.733289323552702,0.6927713880739872,0.7292330400778813,0.7292330400778813,0.7292330400778813,0.008275818079710007,0.03481550607830286,0.18358610616996884
wiki-1k_train,87960,metropolitan police service,2,bge,0.18855990218615748,0.25146571609117846,0.3503315597940093,0.1579084322324807,0.2303425111327448,0.36877006294106246,0.05209617386572063,0.07896304875612259,0.2274324658792466
wiki-1k_train,96791,bukovina,1,l6,0.7662276765265126,0.8038815112749169,0.7169682089710968,0.7539493910785481,0.8029133596932372,0.7547033778643125,8.55838879942894e-05,0.03136786678805947,0.17649802984669805
wiki-1k_train,172084,wilbert awdry,2,bge,0.3190567596572343,0.39660363821215244,0.8872267047727759,0.28324581459155634,0.37424972250700284,0.9339228471292378,9.597907774150372e-05,0.032036764081567526,0.1793049310799688
wiki-1k_train,1836051,the americans,0,bm25,0.041335158785142795,0.03498011609672138,0.0,0.0,0.0,0.0,0.037172842072322965,0.06443646899424493,0.21450388501398265
wiki-1k_train,14393,western bulldogs,1,l6,0.24415649213588886,0.7593857431222175,0.6927713880739872,0.20923157527973052,0.7587928550995602,0.7292330400778813,0.017853395082056522,0.044376951176673174,0.193490605102852
wiki-1k_train,1559299,christian theology,0,bm25,0.7397456689407097,0.7325424083725429,0.6927713880739872,0.7292330400778813,0.7292330400778813,0.7292330400778813,0.011615618830546737,0.039268657797947526,0.19194806786254048
wiki-1k_train,82801,patriarch,1,l6,0.18907946724104135,0.78041703303341,0.7290666194196518,0.14664931292171943,0.7774430219068058,0.7674385467575282,0.0008625010959804058,0.029626308009028435,0.18167094327509403
wiki-1k_train,969771,skanderbeg,0,bm25,0.7954929165970633,0.7401536898758373,0.32129419014688515,0.7847646940445321,0.7397777323615966,0.33820441068093177,6.388896144926548e-05,0.024066217010840774,0.09523514099419117
wiki-1k_train,125685,korea under japanese rule,0,bm25,0.7590928261225793,0.7522593458404461,0.7143564278656253,0.7519541345953951,0.7519541345953951,0.7519541345953951,0.021545474184677005,0.0495169241912663,0.2046647451352328
wiki-1k_train,101336,major league lacrosse,1,l6,0.03835130765127044,0.7253546911421515,0.6927713880739872,0.0,0.7292330400778813,0.7292330400778813,0.054045250872150064,0.08080647396855056,0.23197990492917597
wiki-1k_train,78856,perak,2,bge,0.25888770193950483,0.7915197809300591,0.7949514791248601,0.2199280148525753,0.7895262830630062,0.8367910306577475,0.0001550428569316864,0.030117953661829233,0.1765374557580799
wiki-1k_train,126985,graduate school,1,l6,0.43074599028157834,0.7560485795241797,0.727749218013728,0.41786000193345263,0.7660518084355032,0.7660518084355032,0.07967342692427337,0.10658794175833464,0.24558710982091725
wiki-1k_train,231130,master of fine arts,1,l6,0.039572528120552286,0.7769787327812289,0.7436314120063673,0.0,0.7827699073751235,0.7827699073751235,0.04624138795770705,0.07384752598591149,0.2217286629602313
wiki-1k_train,197161,little league world series,2,bge,0.8906349217126984,0.8825285414093683,0.9191347646501835,0.9071234223645352,0.9035185137149042,0.9675102785791406,0.1227506990544498,0.1499452420976013,0.29043343011289835
wiki-1k_train,94693,tugboat,0,bm25,0.7527958354092641,0.7446008698088975,0.38124861104240154,0.7398275347715343,0.7398275347715343,0.4013143274130543,0.00014263694174587727,0.029131445800885558,0.1768696189392358
wiki-1k_train,1339737,2016 united states presidential election,2,bge,0.17604974044492128,0.19273340159440946,0.6473290142255504,0.1579084322324807,0.179779974174695,0.6813989623426847,0.1625474391039461,0.19031988317146897,0.339159551076591
wiki-1k_train,273381,united states national rugby union team,2,bge,0.17759867823603503,0.1998613366921719,0.3160173659465091,0.16386894170275623,0.1911707593643102,0.3326498588910622,0.21130632515996695,0.23895739018917084,0.3763003651984036
wiki-1k_train,73398,1906 intercalated games,0,bm25,0.2456244994455521,0.16035319549627602,0.198920815846042,0.21379498456252058,0.13173883416331533,0.20939033246951788,0.032479315996170044,0.06425190810114145,0.2170863701030612
wiki-1k_train,179677,bocas del toro province,0,bm25,0.846689759820683,0.8389133062473293,0.8001272621992774,0.8422392233676604,0.8422392233676604,0.8422392233676604,0.013091279892250896,0.042706890031695366,0.1904184848535806
wiki-1k_train,90354,inline four engine,1,l6,0.7401852584920262,0.7568782201765102,0.7322158438078183,0.7398275347715343,0.7638926286889938,0.7707535197977036,0.05948483501560986,0.08849104610271752,0.23510120692662895
wiki-1k_train,1608685,english feudal barony,0,bm25,0.5092145975440097,0.290700670606186,0.24506547574905369,0.48764394974479175,0.2640740564474278,0.2579636586832144,0.02097496693022549,0.05270585883408785,0.2591322597581893
wiki-1k_train,446634,royal guelphic order,0,bm25,0.39424696560107836,0.2829360707423942,0.1251099975281605,0.37253513189640297,0.26165014050077995,0.13169473424016895,0.042030944023281336,0.06800346518866718,0.21751972706988454
wiki-1k_train,1595,bodybuilding,1,l6,0.3221951228106268,0.7442034880068364,0.7028361580329575,0.28658043405243383,0.7398275347715343,0.7398275347715343,0.00018962891772389412,0.029081848915666342,0.16844063787721097
wiki-1k_train,73102,dusty springfield,0,bm25,0.7634282987704937,0.6893333395228483,0.6659964183516908,0.7513429325342551,0.6819790771659119,0.7010488614228324,0.0011796108447015285,0.02901367493905127,0.16973446193151176
wiki-1k_train,494392,caserta,1,l6,0.5012771543507472,0.8080801877505048,0.459275065376424,0.47505156439970475,0.8098649962941485,0.48344743723834105,5.8232108131051064e-05,0.030118011170998216,0.13336516194976866
wiki-1k_train,94832,northrop grumman,1,l6,0.7426958519140923,0.76587952477983,0.2901187687390661,0.7292330400778813,0.7621414723103619,0.3053881776200696,0.0002665610518306494,0.028777896193787456,0.1764459910336882
wiki-1k_train,24349,bourbon restoration,2,bge,0.7409199663725572,0.4412309041319876,0.783322518849422,0.7292330400778813,0.4218480976195612,0.8245500198414968,0.006801064824685454,0.03498862776905298,0.18367141368798912
wiki-1k_train,12374,sql,1,l6,0.7031969821269453,0.8114754266662156,0.492510755602214,0.6876252847793352,0.8103514541392864,0.5184323743181201,0.00016732001677155495,0.029731801943853498,0.17785465600900352
wiki-1k_train,151391,south cambridgeshire,2,bge,0.7836801086624287,0.7775012132308758,0.7884033140074286,0.7827699073751235,0.7827699073751235,0.8298982252709775,0.04431336419656873,0.07182811619713902,0.2226510571781546
wiki-1k_train,584158,alappuzha,0,bm25,0.8103180901758643,0.8042628085518306,0.7952357863502652,0.8003594380898702,0.8042459008109046,0.8370903014213318,8.262204937636852e-05,0.034534692065790296,0.17672402411699295
wiki-1k_train,15282,united states national guard,0,bm25,0.7796048157461503,0.47029401460313136,0.3393690224256305,0.794028475424412,0.4725331938356061,0.3572305499217163,0.17116620717570186,0.19810087024234235,0.3461786543484777
wiki-1k_train,434927,korean drama,1,l6,0.16612663409062545,0.6813990477770343,0.3967503548816521,0.12456157661624138,0.6751363100567358,0.41763195250700225,0.008114602882415056,0.036697944859042764,0.18384920875541866
wiki-1k_train,21969,thiruvananthapuram,1,l6,0.8362144081004499,0.8386654690987729,0.8118328654693743,0.827663181059822,0.8411188663728839,0.854560911020394,0.00024142581969499588,0.0382573448587209,0.1839745817705989
wiki-1k_train,15987,collecting,2,bge,0.2731406535290934,0.43462517189286987,0.727749218013728,0.23958227712620428,0.41786000193345263,0.7660518084355032,0.017366584157571197,0.048030243255198,0.1945831512566656
wiki-1k_train,13776,uzbeks,1,l6,0.13589962755182755,0.7688305569924948,0.39696700183677996,0.09047666698890877,0.7660518084355032,0.41786000193345263,0.00018873903900384903,0.03163734800182283,0.17736601899378002
wiki-1k_train,768304,vickers limited,2,bge,0.2453725519421896,0.16441682464445712,0.43394292150922537,0.20939033246951788,0.13173883416331533,0.45678202264128986,0.01358834095299244,0.04111074190586805,0.19147872482426465
wiki-1k_train,132575,luis miguel,1,l6,0.43898412891463945,0.860296325717061,0.8001272621992774,0.4101939892974256,0.863473116372607,0.8422392233676604,0.0024759259540587664,0.035373327089473605,0.17681120801717043
wiki-1k_train,833105,ottoman navy,1,l6,0.3567345515459609,0.7689471674869859,0.6493590171668832,0.3254281339617121,0.7672336860660077,0.6835358075440876,0.009018974145874381,0.03695513214915991,0.18617505906149745
wiki-1k_train,76345,truman capote,0,bm25,0.8113831274467609,0.49040952222290923,0.49119975324122933,0.8015789429849874,0.47284230456132187,0.517052371832873,0.00040529295802116394,0.030485535971820354,0.1733971699140966
wiki-1k_train,537,arnold schwarzenegger,1,l6,0.3384863795422752,0.8084282229821975,0.6421469313236946,0.30404381449522844,0.8070028369284847,0.6759441382354681,0.0012607190292328596,0.029187662061303854,0.1774439848959446
wiki-1k_train,181536,taurus mountains,0,bm25,0.7750666103150967,0.7665519271361038,0.727749218013728,0.7660518084355032,0.7660518084355032,0.7660518084355032,0.010302864015102386,0.043004486011341214,0.19203076208941638
wiki-1k_train,4215,easter rising,2,bge,0.13985636123098916,0.7556316616608814,0.7791206848429096,0.09689890921500267,0.7533380309923435,0.820127036676747,0.008244656026363373,0.037664663046598434,0.18758296687155962
wiki-1k_train,17227,henry david thoreau,2,bge,0.167831504595413,0.2622878537116514,0.43683548524610416,0.13009372808024583,0.23663661052395632,0.4598268265748465,0.023142916150391102,0.05031286319717765,0.2009793061297387
wiki-1k_train,97781,george jones,2,bge,0.2718954903285748,0.12061287087669001,0.39779818958117413,0.23879139030140936,0.08660499091446228,0.41873493640123594,0.019712778041139245,0.04638267494738102,0.19886464602313936
wiki-1k_train,1589,bbc radio 1,1,l6,0.46106311632677005,0.7827727696891678,0.727749218013728,0.44944985736939036,0.794028475424412,0.7660518084355032,0.07579980115406215,0.10266336612403393,0.23815074493177235
wiki-1k_train,119663,craven,1,l6,0.26244008746315184,0.7350499944837223,0.37489844821243495,0.22372529669744207,0.7292330400778813,0.39462994548677366,0.00035688187927007675,0.027850241865962744,0.1803446589037776
wiki-1k_train,1336894,architecture,0,bm25,0.04806417885369133,0.04019800624293662,0.0,0.0,0.0,0.0,0.0071261171251535416,0.03608295926824212,0.18405928509309888
wiki-1k_train,1568489,sega,1,l6,0.48092820876732223,0.8437772072834817,0.7500499689098559,0.45371324568083304,0.8443897772512595,0.7895262830630062,0.00035268417559564114,0.02978735021315515,0.17745181918144226
wiki-1k_train,133700,second sea lord,2,bge,0.7793191790579098,0.8399568755657174,0.8448991642003386,0.7827699073751235,0.852808242633259,0.8893675412635144,0.07078931597061455,0.09996481193229556,0.2473035347647965
wiki-1k_train,147768,stena line,0,bm25,0.9251133653999524,0.8767758940098093,0.860615557385653,0.9276221542942034,0.8846058673737925,0.9059111130375295,0.024565549800172448,0.054520397912710905,0.2004473558627069
wiki-1k_train,674995,wingecarribee shire,0,bm25,0.8005700497128247,0.7919834811080662,0.750752361713758,0.790265643909219,0.790265643909219,0.790265643909219,0.0006507798098027706,0.03130134288221598,0.17847969592548907
wiki-1k_train,1047896,fraser coast region,1,l6,0.7825628359843217,0.789250147145899,0.748718162034262,0.779949038439328,0.7939464903612943,0.7881243810886969,0.036060380982235074,0.0644756720867008,0.21493296790868044
wiki-1k_train,6368,intellivision,0,bm25,0.8802915559087086,0.8697248415395675,0.8219626644229789,0.8740272986053645,0.8757751129517208,0.8652238572873463,3.396207466721535e-05,0.012113251024857163,0.049395406153053045
wiki-1k_train,172053,gridiron football,0,bm25,0.4370253210332529,0.3515790672773307,0.24843036115764605,0.4114991928304327,0.32881398045766597,0.26150564332383797,0.014889548998326063,0.04122200608253479,0.190944914938882
wiki-1k_train,1045273,moreton bay region,1,l6,0.41769119207985544,0.811089659491074,0.7614706121802047,0.39462994548677366,0.8156485285864528,0.8015480128212682,0.03030108311213553,0.05791956419125199,0.2102123370859772
wiki-1k_train,80687,ultimate play the game,0,bm25,0.7611109138977366,0.4247135061085551,0.727749218013728,0.7660518084355032,0.41786000193345263,0.7660518084355032,0.08218209096230567,0.10991738084703684,0.24696654896251857
wiki-1k_train,1263864,literature,1,l6,0.3336674281377955,0.7426459227328979,0.7355440554817241,0.30043810913768476,0.7398275347715343,0.7742569005070781,0.006123570958152413,0.035682468907907605,0.17508167307823896
wiki-1k_train,81739,podgorica,1,l6,0.47480634558544244,0.8104293073732003,0.7509185260888689,0.4471917675286811,0.8092484702450529,0.7904405537777568,9.313295595347881e-05,0.030126998899504542,0.18025570502504706
wiki-1k_train,113925,lugano,0,bm25,0.7982046656905751,0.4595884861686145,0.4893295692519522,0.7876255903207333,0.44016432033272335,0.5150837571073181,0.00014326605014503002,0.03096091002225876,0.18068563216365874
wiki-1k_train,73285,smokey robinson,1,l6,0.37034238043579437,0.7560825596174938,0.7383742493464704,0.3377006458589123,0.7519541345953951,0.7772360519436531,0.0017691249959170818,0.030930858803912997,0.18691897112876177
wiki-1k_train,27399,major league soccer,1,l6,0.03777975275690973,0.5792056883215001,0.5704902040600682,0.0,0.5764110133592938,0.6005160042737561,0.053150018909946084,0.07996164774522185,0.21746703586541116
wiki-1k_train,35101,london borough of redbridge,1,l6,0.3169839378943071,0.7405398185143592,0.38124861104240154,0.28658043405243383,0.7398275347715343,0.4013143274130543,0.021667300956323743,0.050579929957166314,0.2056706789880991
wiki-1k_train,5570,roman britain,1,l6,0.4241047050511944,0.7379665960075232,0.4493054319214767,0.39762300220844693,0.7363024472734835,0.4729530862331334,0.013925895094871521,0.044110524002462626,0.1914398141670972
wiki-1k_train,14758,budapest,1,l6,0.36928074442142145,0.8645262235933258,0.8290544157827215,0.3363464416611589,0.8660264373995192,0.8726888587186543,0.0008910279721021652,0.0294129338581115,0.17937139607965946
wiki-1k_train,10792,rugby football,0,bm25,0.7734774421838506,0.7660177199810785,0.727749218013728,0.7660518084355032,0.7660518084355032,0.7660518084355032,0.015450115082785487,0.04243036196567118,0.18083948804996908
wiki-1k_train,726995,archbishop of york,1,l6,0.867922998566717,0.8707135919718564,0.8134932890984128,0.8683370185056715,0.8786659019348563,0.8563087253667503,0.02876289701089263,0.05762723181396723,0.2055323871318251
wiki-1k_train,17814,edward ii of england,2,bge,0.04053406931645645,0.034162035844947876,0.5547854759552084,0.0,0.0,0.5839847115317984,0.04035255894996226,0.06751606403850019,0.21314628375694156
wiki-1k_train,908,ajmer,1,l6,0.7902621039208746,0.9085603088209535,0.7187167411746893,0.7792478194002175,0.9135380341026149,0.7565439380786204,8.346512913703918e-05,0.03328234818764031,0.17892151116393507
wiki-1k_train,85435,yamaguchi prefecture,0,bm25,0.43089863787857674,0.422103444903588,0.38124861104240154,0.4013143274130543,0.4013143274130543,0.4013143274130543,0.001260146964341402,0.032928962958976626,0.18003479903563857
wiki-1k_train,79941,jaipur,1,l6,0.7607802886999042,0.8188380668609349,0.7646773601664622,0.748259110978855,0.8189194394648283,0.8049235370173287,0.0002367338165640831,0.0328338488470763,0.17970667174085975
wiki-1k_train,140552,indonesian cuisine,0,bm25,0.7423681251000581,0.7339430292219573,0.6927713880739872,0.7292330400778813,0.7292330400778813,0.7292330400778813,0.0014570187777280807,0.03189750970341265,0.18065367662347853
wiki-1k_train,145807,port of los angeles,0,bm25,0.820147151177773,0.816637487193212,0.7821958293108,0.8163447984767531,0.8192333515316295,0.8233640308534738,0.021636287914589047,0.04678471595980227,0.2010655179619789
wiki-1k_train,107616,british academy,0,bm25,0.7344905945585323,0.7279442225780367,0.6927713880739872,0.7292330400778813,0.7292330400778813,0.7292330400778813,0.03321824106387794,0.05947888409718871,0.2005740210879594
wiki-1k_train,13801,united methodist church,1,l6,0.2152023819366396,0.7687528848300523,0.6927713880739872,0.18867944506503656,0.7774430219068058,0.7292330400778813,0.06972941011190414,0.0984040112234652,0.2482694541104138
wiki-1k_train,357261,independent music,0,bm25,0.7317758754793318,0.7254419225122354,0.6927713880739872,0.7292330400778813,0.7292330400778813,0.7292330400778813,0.047450022073462605,0.07478355523198843,0.21576994098722935
wiki-1k_train,34865,chiswick,0,bm25,0.819211550081723,0.5254914458733673,0.41609374853041164,0.8097257733645125,0.508729354586599,0.4379934195056965,0.00010059704072773457,0.02809424395672977,0.18005804321728647
wiki-1k_train,2259,celebrity,1,l6,0.04809670186571882,0.7320837290604391,0.37489844821243495,0.0,0.7292330400778813,0.39462994548677366,0.007027744082733989,0.03946314612403512,0.1846201589796692
wiki-1k_train,6213,ivy league,1,l6,0.30837304825388573,0.7915021399239417,0.7208532123445821,0.27718714608970035,0.7929088845439594,0.7587928550995602,0.019560938933864236,0.046432719798758626,0.19739619875326753
wiki-1k_train,72576,nas,2,bge,0.12330596044344863,0.27535964508593996,0.7436314120063673,0.07724627805443846,0.2467823704350504,0.7827699073751235,0.0002835050690919161,0.033014437882229686,0.1817253790795803
wiki-1k_train,163527,province of massachusetts bay,0,bm25,0.7716544578111775,0.44039049672802183,0.7028361580329575,0.7650465893403767,0.42442289564138125,0.7398275347715343,0.01979328878223896,0.04933591792359948,0.19254913460463285
wiki-1k_train,75654,christmas carol,0,bm25,0.83681943821206,0.7896455451267839,0.7813129795307124,0.8290905732339627,0.7876118100967933,0.8224347152954868,0.002952274866402149,0.031039766734465957,0.18076487095095217
wiki-1k_train,29687,aix en provence,1,l6,0.17044706902714718,0.7906200680784918,0.7595021573221244,0.12775083730793385,0.7891116832578362,0.7994759550759205,0.0032676111441105604,0.03222591616213322,0.1783189771231264
wiki-1k_train,1283640,black hills,0,bm25,0.7716396586899228,0.4585153750406446,0.39696700183677996,0.7660518084355032,0.4434954085324422,0.41786000193345263,0.024805466877296567,0.051990743028,0.20300536882132292
wiki-1k_train,1703622,willamette valley,1,l6,0.7930593373045531,0.8438801647263106,0.7955606938984429,0.78494242734928,0.8469349437118219,0.837432309366782,0.009672756073996425,0.03929340303875506,0.18347630905918777
wiki-1k_train,324633,master of wine,1,l6,0.8955255309247696,0.9461004179858669,0.9029950239641678,0.893961916245152,0.9555656434162888,0.9505210778570188,0.014280087081715465,0.04464356414973736,0.19099760800600052
wiki-1k_train,37756,carl reiner,2,bge,0.2482633303955472,0.448221418881497,0.7436314120063673,0.20939033246951788,0.42840794797761056,0.7827699073751235,0.002323789056390524,0.030982648953795433,0.17671790719032288
wiki-1k_train,1237543,podlaskie voivodeship,1,l6,0.17914445133651621,0.7491387311610513,0.7418365618347862,0.1360218232525521,0.7451459497605297,0.7808805914050382,0.00029772287234663963,0.034150837920606136,0.19514940469525754
wiki-1k_train,342167,princess,1,l6,0.049381184629050785,0.4471979167027429,0.144118775289365,0.0,0.42840794797761056,0.15170397398880528,0.0022548020351678133,0.035670876037329435,0.182186977006495
wiki-1k_train,1058358,collins crime club,0,bm25,0.7709181929677478,0.7643814297829317,0.39696700183677996,0.7660518084355032,0.7660518084355032,0.41786000193345263,0.028248453978449106,0.05528004188090563,0.2067658498417586
wiki-1k_train,248154,romanian naval forces,1,l6,0.40424633827783263,0.8673414325667084,0.8487322478060286,0.38006462242981454,0.8748537042497473,0.8934023661116092,0.028243532171472907,0.05706511111930013,0.20721432426944375
wiki-1k_train,330931,poxviridae,2,bge,0.47827594395263423,0.4640202588662144,0.7884033140074286,0.4508542696800987,0.4508542696800987,0.8298982252709775,1.5645986422896385e-05,0.006278780056163669,0.021967145148664713
wiki-1k_train,163736,koper,2,bge,0.8570202771527209,0.8645030374313866,0.8707831283520552,0.8495275596614408,0.8694855014220988,0.9166138193179528,5.5925920605659485e-05,0.02082562493160367,0.09048176510259509
wiki-1k_train,488869,limerick gaa,1,l6,0.6143615344606557,0.7751745582292149,0.29399585019291,0.5942566357917078,0.7726645837693185,0.30946931599253685,0.000659664161503315,0.03205423732288182,0.1809584191069007
wiki-1k_train,20603,ancona,0,bm25,0.8198388934164635,0.8056249690640911,0.7698740876826827,0.8103937765080871,0.8042459008109046,0.8103937765080871,0.00012505985796451569,0.029879381647333503,0.17767078476026654
wiki-1k_train,8055,mauritius,1,l6,0.8149164465824115,0.9431861173150876,0.7482443108046967,0.8052725341257979,0.9486768569527502,0.7876255903207333,0.00033376296050846577,0.029083597008138895,0.18048882693983614
wiki-1k_train,109832,clark university,1,l6,0.0372714360014317,0.7750917192826127,0.7436314120063673,0.0,0.7827699073751235,0.7827699073751235,0.057472157990559936,0.08371063298545778,0.22576057282276452
wiki-1k_train,9332,ohio,1,l6,0.24291988980952048,0.7943972027937519,0.745017748185048,0.2043360412463757,0.7929088845439594,0.78422920861584,0.004353734897449613,0.03218515682965517,0.18150403001345694
wiki-1k_train,204974,ludwigsburg,0,bm25,0.8104009237525466,0.7839477472201263,0.7427051190137993,0.8004450289270344,0.7817948621197888,0.7817948621197888,7.719313725829124e-05,0.03093334916047752,0.17661320022307336
wiki-1k_train,339255,provinces of chile,1,l6,0.47608594332061666,0.8162889427926153,0.7717813367839442,0.4509577158174817,0.8174321487701395,0.812401407140994,0.008749770000576973,0.03867405606433749,0.18825724115595222
wiki-1k_train,22113,right wing politics,1,l6,0.41473429455106314,0.7500994181166146,0.7385708708114654,0.39462994548677366,0.7547033778643125,0.7774430219068058,0.04321509879082441,0.0717213146854192,0.2125858198851347
wiki-1k_train,94641,horticulture,1,l6,0.33006970304602534,0.8219383408232827,0.7809048852926547,0.2949386357059769,0.8220051424133208,0.8220051424133208,0.0004397300072014332,0.032318281941115856,0.18021592404693365
wiki-1k_train,10825,richard nixon,0,bm25,0.13991082050954676,0.040491527383769904,0.0,0.09689890921500267,0.0,0.0,0.008105517132207751,0.035961706191301346,0.18910348508507013
wiki-1k_train,71636,indie rock,0,bm25,0.7391008267323271,0.7317757014655277,0.6927713880739872,0.7292330400778813,0.7292330400778813,0.7292330400778813,0.01387853198684752,0.041575109120458364,0.18905190099030733
wiki-1k_train,2078947,samsung,0,bm25,0.8439484059017075,0.8009275256221076,0.7208532123445821,0.8358217919257178,0.8003469789900088,0.7587928550995602,0.00026991404592990875,0.030836818972602487,0.16398891992866993
wiki-1k_train,146007,virginia general assembly,0,bm25,0.732131148213808,0.7261286190204512,0.6927713880739872,0.7292330400778813,0.7292330400778813,0.7292330400778813,0.04701972403563559,0.07354518491774797,0.2209523688070476
wiki-1k_train,11481,schutzstaffel,1,l6,0.04997640228857808,0.3204952764234842,0.21882538557610753,0.0,0.29820998182892455,0.2303425111327448,4.227203316986561e-05,0.022936963010579348,0.08956807805225253
wiki-1k_train,1282373,cloud computing,0,bm25,0.8079645168230161,0.7455582210857941,0.7385708708114654,0.8003469789900088,0.744042965866296,0.7774430219068058,0.008154279086738825,0.038899381179362535,0.17238665418699384
wiki-1k_train,605568,upper carniola,0,bm25,0.7409288918423839,0.732468068837376,0.7169682089710968,0.7292330400778813,0.7292330400778813,0.7547033778643125,0.00684370705857873,0.038270308170467615,0.18571834615431726
wiki-1k_train,276580,crown colony,0,bm25,0.75004944153584,0.7421417486683329,0.7028361580329575,0.7398275347715343,0.7398275347715343,0.7398275347715343,0.010576626053079963,0.040589262964203954,0.1897686051670462
wiki-1k_train,190225,metropolitan borough of solihull,1,l6,0.8713605488640457,0.9163279272844836,0.876359354860398,0.8663471104859046,0.9224835314319979,0.9224835314319979,0.006026203976944089,0.03621567692607641,0.1805110820569098
wiki-1k_train,26652,valladolid,2,bge,0.1603978335110675,0.46124688201188185,0.8344601818774301,0.11626320891643417,0.4417369434214645,0.8783791388183475,0.00018443702720105648,0.02968237199820578,0.17661320511251688
wiki-1k_train,14325,william goldman,2,bge,0.20989316769752556,0.2730969589233535,0.7703911785569423,0.17308120689779505,0.24702810766313335,0.8109380826915182,0.017651408910751343,0.04508154792711139,0.1946569390129298
wiki-1k_train,23815,socialist unity party of germany,0,bm25,0.04281169633756901,0.035697091641142056,0.0,0.0,0.0,0.0,0.02972761495038867,0.059150443878024817,0.2067776790354401
wiki-1k_train,119102,irem,0,bm25,0.9334238530910142,0.9067470670972696,0.8549397325026573,0.9299616647418645,0.9164082379476401,0.899936560529113,2.2134976461529732e-05,0.00771148013882339,0.02785786590538919
wiki-1k_train,17755,turkic peoples,0,bm25,0.827464747558845,0.7963735223810188,0.742825453497245,0.8267489103450715,0.8015480128212682,0.7819215299971001,0.03290140093304217,0.06250573508441448,0.20701252995058894
wiki-1k_train,29896,coldplay,1,l6,0.788743532027381,0.8187034902332317,0.8042127208994516,0.7776517534764438,0.8172356907853463,0.8465397062099491,9.397882968187332e-05,0.02812136383727193,0.18331055180169642
wiki-1k_train,26093,prunus,1,l6,0.4035621805568133,0.497876016527438,0.43325138959341136,0.37219429291418665,0.4816895009078436,0.4560540943088541,8.74761026352644e-05,0.037997445091605186,0.19527910696342587
wiki-1k_train,1272415,odin,1,l6,0.8408216764980175,0.8759670789569511,0.4250502482827498,0.8324757615871419,0.8781491809318778,0.44742131398184193,0.00011000689119100571,0.03004480479285121,0.18154743988998234
wiki-1k_train,94442,vh1,2,bge,0.2291729054631349,0.4809705682928784,0.7666526950820605,0.18867944506503656,0.4623952671880994,0.8070028369284847,0.000247542979195714,0.028329937951639295,0.17056085402145982
wiki-1k_train,260160,twelfth grade,1,l6,0.2605938733052039,0.7332790259168374,0.6927713880739872,0.22372529669744207,0.7292330400778813,0.7292330400778813,0.0068245381116867065,0.03330370527692139,0.1754236971028149
wiki-1k_train,152382,faversham,1,l6,0.34927596405331973,0.7708355776359977,0.4684945345586234,0.3150565312364404,0.7707535197977036,0.49315214164065624,6.184703670442104e-05,0.025372025091201067,0.1114737770985812
wiki-1k_train,883324,city of townsville,1,l6,0.5081033616237292,0.8418233437348421,0.48315859468763767,0.4935111626259328,0.8511162642372689,0.5085879944080397,0.04800929990597069,0.07487128395587206,0.2236685308162123
wiki-1k_train,71191,trinity college dublin,1,l6,0.7345500574823111,0.7594282499244857,0.7186286326001353,0.7292330400778813,0.7621414723103619,0.7564511922106688,0.0355547780636698,0.06316719320602715,0.21623493707738817
wiki-1k_train,178216,tasmanian house of assembly,1,l6,0.23507983336773364,0.6392265291725667,0.5936391902576559,0.20487217334631352,0.6367042563444187,0.6248833581659536,0.042084725107997656,0.06894223904237151,0.22036815015599132
wiki-1k_train,1408773,kgb,2,bge,0.2977787170871996,0.7623587819638704,0.7927336228010613,0.2608791266068874,0.7592464655257143,0.8344564450537488,0.00019143708050251007,0.030266579007729888,0.16955382213927805
wiki-1k_train,6047,idaho,1,l6,0.22562823429041248,0.803001159757393,0.39779818958117413,0.18512658436526822,0.8015480128212682,0.41873493640123594,0.0008404240943491459,0.029410406947135925,0.17362637794576585
wiki-1k_train,1410732,liao dynasty,0,bm25,0.967223732191911,0.9455294455914589,0.900287322382886,0.9664251088983704,0.9526770903614123,0.9476708656661958,0.0031309579499065876,0.033844514982774854,0.17787082795985043
wiki-1k_train,37218,gascon language,1,l6,0.7840726935701858,0.8028846928862937,0.748718162034262,0.7762311606476924,0.8049425879459227,0.7881243810886969,0.012915792874991894,0.04557799478061497,0.192951058736071
wiki-1k_train,22295,luxembourg city,1,l6,0.4685835936310804,0.8074155662401316,0.7404805392693525,0.45140791264124003,0.8148299622295807,0.7794531992308974,0.04614949319511652,0.07503915904089808,0.22503334330394864
wiki-1k_train,12601,saddam hussein,0,bm25,0.647406924620768,0.28134966430411584,0.07462968444699496,0.6289728354012012,0.25243024743822284,0.07855756257578417,0.00040278397500514984,0.029054377926513553,0.17173504480160773
wiki-1k_train,15200,ovid,1,l6,0.3746330001250763,0.39560325665126284,0.3545255737931295,0.3417659359218478,0.3728891391744137,0.3731848145190837,0.0001585718709975481,0.030697081005200744,0.17761583882384002
wiki-1k_train,14027,venus,1,l6,0.42285618575983536,0.7655026069724702,0.2914158482674366,0.39261269087778944,0.7621414723103619,0.3067535244920385,0.00046851090155541897,0.03175672679208219,0.18610819289460778
wiki-1k_train,545390,srikakulam district,2,bge,0.4650813033840324,0.39694402456248723,0.8290288541467259,0.44238631688954405,0.379287966983203,0.8726619517333957,0.02074489905498922,0.05352361616678536,0.20002032909542322
wiki-1k_train,81411,vest agder,2,bge,0.791699170357332,0.7542925337762064,0.7967180088263472,0.7808805914050382,0.7513207763833594,0.8386505356066813,0.00047967908903956413,0.03303568297997117,0.17456653714179993
wiki-1k_train,1324050,comedy,0,bm25,0.048870551905148885,0.04058726477084629,0.0,0.0,0.0,0.0,0.003879477037116885,0.032331269001588225,0.17174215684644878
wiki-1k_train,8669,megadeth,0,bm25,0.8951290718563194,0.8559300547657892,0.7028361580329575,0.8896389819146506,0.8588780372860962,0.7398275347715343,7.480289787054062e-05,0.026763535803183913,0.13376309489831328
wiki-1k_train,21961,sioux,1,l6,0.33318966586794685,0.3870404268483811,0.19462856467899783,0.29820998182892455,0.36363364064135895,0.20487217334631352,0.00039200205355882645,0.03002578509040177,0.17847988894209266
wiki-1k_train,612261,baie james,1,l6,0.7395885999804171,0.7560098748719182,0.4029802724830298,0.7292330400778813,0.7547033778643125,0.4241897605084525,0.01216223300434649,0.04187454795464873,0.19106256286613643
wiki-1k_train,389274,frontier martial arts wrestling,0,bm25,0.043552123853092234,0.036210555917188594,0.0,0.0,0.0,0.0,0.02666228380985558,0.05702002695761621,0.20675244997255504
wiki-1k_train,39839,east lothian,0,bm25,0.736641256620952,0.7298426486804616,0.6927713880739872,0.7292330400778813,0.7292330400778813,0.7292330400778813,0.02570093609392643,0.054204499116167426,0.20962793612852693
wiki-1k_train,90512,indomalayan realm,0,bm25,0.777510587424794,0.7689856015474186,0.727749218013728,0.7660518084355032,0.7660518084355032,0.7660518084355032,0.000850871903821826,0.031247942941263318,0.1782822369132191
wiki-1k_train,185712,albacete,2,bge,0.8096243164043234,0.8231782939354181,0.9093873708163933,0.7996307682791182,0.8223571835262449,0.9572498640172562,8.527003228664398e-05,0.027590077836066484,0.17113245092332363
wiki-1k_train,302505,richard fleischer,0,bm25,0.7758814045172807,0.7679416747636192,0.727749218013728,0.7660518084355032,0.7660518084355032,0.7660518084355032,0.006983770988881588,0.03667048993520439,0.18695043702609837
wiki-1k_train,2623,cincinnati reds,2,bge,0.19651165946492596,0.7737652530463667,0.7876360445722645,0.1579084322324807,0.7737294487652862,0.8290905732339627,0.012612289050593972,0.040623719105497,0.1801060289144516
wiki-1k_train,1343759,vyborg,1,l6,0.8385880229855873,0.8685892524743583,0.8655450893466035,0.8301167368545961,0.8734291703870856,0.9111000940490563,5.543115548789501e-05,0.02706123609095812,0.12115026405081153
wiki-1k_train,725960,provincial assembly of the punjab,2,bge,0.2901060762292697,0.3954222609962814,0.710522601376237,0.25568666547740615,0.3751010744350498,0.7479185277644601,0.010370473144575953,0.040512942243367434,0.1854349751956761
wiki-1k_train,5554,hamburg,1,l6,0.3571338424489368,0.8242065968093953,0.28343585767575846,0.3236803196153558,0.8244519699044711,0.29835353439553525,0.0013052111025899649,0.03249072190374136,0.1800483961123973
wiki-1k_train,180826,ku ring gai council,1,l6,0.7597177784349676,0.7773370786111012,0.7452216632154418,0.7519541345953951,0.7784483612706589,0.7844438560162545,0.0184032809920609,0.04835784714668989,0.19836895703338087
wiki-1k_train,22170,hanoi,1,l6,0.22581651552898302,0.8359071970529708,0.7186286326001353,0.18512658436526822,0.8358217919257178,0.7564511922106688,0.0001935299951583147,0.029254802968353033,0.18006268213503063
wiki-1k_train,203549,northern england,1,l6,0.4180876723310256,0.7292932599388129,0.6927713880739872,0.39462994548677366,0.7292330400778813,0.7292330400778813,0.028154352912679315,0.055715821916237473,0.20668976195156574
wiki-1k_train,270009,nonpartisanism,0,bm25,0.7777011513441142,0.7691106529007352,0.16919775465908898,0.7660518084355032,0.7660518084355032,0.1781028996411463,0.00016433303244411945,0.02953401207923889,0.17094281106255949
wiki-1k_train,110384,reserve bank of india,0,bm25,0.8242380851382918,0.31632438095649973,0.46584363776505994,0.8220051424133208,0.2949386357059769,0.49036172396322103,0.026710987091064453,0.05556037020869553,0.20032839197665453
wiki-1k_train,296861,tony hatch,0,bm25,0.6483042200507441,0.605638087264293,0.20310523533439453,0.6307200799482138,0.5942566357917078,0.21379498456252058,0.003182506887242198,0.03221266670152545,0.18085386976599693
wiki-1k_train,6835,joan of arc,2,bge,0.1852935939033562,0.24928311440993775,0.2553742880219913,0.14309163643494302,0.21882503095834163,0.26881504002314877,0.0023470448795706034,0.03137121885083616,0.18237670487724245
wiki-1k_train,19342,chinese americans,0,bm25,0.7591987285627632,0.7552339059323108,0.7208532123445821,0.7564511922106688,0.7587928550995602,0.7587928550995602,0.04155082791112363,0.068823087727651,0.22031416092067957
wiki-1k_train,18363,fox broadcasting company,0,bm25,0.2749305088301312,0.26690767858408765,0.22695462400715005,0.24717364816914347,0.24581303300292012,0.2388996042180527,0.042199717136099935,0.0709331592079252,0.21346502611413598
wiki-1k_train,226344,parramatta eels,1,l6,0.6255394643247968,0.6629751292887059,0.19462856467899783,0.6059708283809726,0.6541808102098972,0.20487217334631352,0.00047221407294273376,0.030207450035959482,0.17776114190928638
wiki-1k_train,37955,duisburg,2,bge,0.2728050624567411,0.4999622349848416,0.7521162229654388,0.23457524518885042,0.4830556113194367,0.7917012873320408,0.00015037180855870247,0.032457706751301885,0.1815187018364668
wiki-1k_train,19145,oxford university press,2,bge,0.25005362910056134,0.40664109468693277,0.6927713880739872,0.22372529669744207,0.39462994548677366,0.7292330400778813,0.058889371110126376,0.08611368713900447,0.23583288514055312
wiki-1k_train,14445,yukon,0,bm25,0.8234649032201933,0.805799041644268,0.20510271733793287,0.814242634063673,0.8049235370173287,0.2158975971978241,0.00021823286078870296,0.02953607076779008,0.16633820184506476
wiki-1k_train,605066,tenants purchase scheme,1,l6,0.48640732515601337,0.856533695643601,0.83869167950371,0.46267056502482323,0.8598274750099797,0.8828333468460106,0.011984118027612567,0.039449399802833796,0.191457225009799
wiki-1k_train,2228,cthulhu mythos,0,bm25,0.8179116369397249,0.757504138772089,0.7375230361119436,0.8083681838004536,0.7533380309923435,0.7763400380125722,0.0001357251312583685,0.029064855305477977,0.1779410340823233
wiki-1k_train,2613,cape town,1,l6,0.7090432734491059,0.8145016857114864,0.7162519215246207,0.7006066478431672,0.8189194394648283,0.7539493910785481,0.027149761794134974,0.05598550662398338,0.207788054831326
wiki-1k_train,1742574,phoenicia,1,l6,0.13451990856628493,0.7836120564274812,0.7646954585486265,0.08899422667526374,0.7844438560162545,0.8049425879459227,4.6391040086746216e-05,0.021887538256123662,0.09426476992666721
wiki-1k_train,28296,equestrianism,0,bm25,0.19990128272907753,0.04198532372523837,0.0,0.1579084322324807,0.0,0.0,0.00040053995326161385,0.02873228886164725,0.17924796883016825
wiki-1k_train,100963,taunton,1,l6,0.8509032379355689,0.9206374412764153,0.8050812780784646,0.8431290436969756,0.9253504416526144,0.8474539769246997,0.00023988215252757072,0.029211464105173945,0.17294144327752292
wiki-1k_train,561358,1947 ceylonese parliamentary election,2,bge,0.6361006805579679,0.3756122962081689,0.727749218013728,0.6238315265090406,0.35691783291934553,0.7660518084355032,0.027104476001113653,0.05578858917579055,0.20724390912801027
wiki-1k_train,13460,triathlon,1,l6,0.20241602479495294,0.2636054078036536,0.10758682662874619,0.16048462526479218,0.2339409397808238,0.1132492911881539,0.00015913299284875393,0.03098247805610299,0.17932819295674562
wiki-1k_train,85285,west coast main line,0,bm25,0.11701919190369912,0.029600828074248572,0.0,0.08660499091446228,0.0,0.0,0.08112050802446902,0.10847142501734197,0.2658721280749887
wiki-1k_train,4925,ghana,1,l6,0.35603046466319543,0.8618790180494188,0.22442564319909858,0.32231497274338683,0.864009182790535,0.23623751915694588,0.0006059990264475346,0.032065719133242965,0.17954521998763084
wiki-1k_train,104339,manchester metrolink,1,l6,0.8002450564497418,0.8981786351244071,0.8460533792476399,0.7905606582744088,0.9024841297328098,0.8905825044711999,0.002715000184252858,0.03165081632323563,0.17236588103696704
wiki-1k_train,183397,darfur,0,bm25,0.814666968427759,0.8028656911529095,0.7143564278656253,0.8049425879459227,0.8015130779959503,0.7519541345953951,9.721587412059307e-05,0.029249033890664577,0.17061330587603152
wiki-1k_train,156457,jim crockett promotions,0,bm25,0.7937353148984339,0.7789461241567566,0.7452216632154418,0.7881243810886969,0.779949038439328,0.7844438560162545,0.019879513885825872,0.04789686482399702,0.19947946770116687
wiki-1k_train,284,antoninus pius,0,bm25,0.766092520071979,0.7645264308923608,0.7379515584613011,0.7539493910785481,0.7621414723103619,0.7767911141697906,0.0005669661331921816,0.03381836018525064,0.17784221027977765
wiki-1k_train,34937,isle of dogs,0,bm25,0.8373033971629761,0.8297040517423824,0.7884033140074286,0.8298982252709775,0.8298982252709775,0.8298982252709775,0.003999548032879829,0.031632497906684875,0.18181138206273317
wiki-1k_train,76048,will smith,0,bm25,0.04860966462843726,0.0406939267597623,0.0,0.0,0.0,0.0,0.0050964439287781715,0.034112546825781465,0.18328110012225807
wiki-1k_train,164182,dewan rakyat,0,bm25,0.7527905282142742,0.7436080403614063,0.7355440554817241,0.7398275347715343,0.7398275347715343,0.7742569005070781,0.00016580196097493172,0.03353158198297024,0.18168159085325897
wiki-1k_train,411597,jennifer rowe,1,l6,0.04886788430500959,0.78470371923536,0.7436314120063673,0.0,0.7827699073751235,0.7827699073751235,0.004058531951159239,0.03200496779754758,0.1792454591486603
wiki-1k_train,422208,kaduna state,0,bm25,0.7715153723429654,0.7078019299566763,0.6871269520719745,0.7747088889582825,0.7140234474836901,0.7232915284968153,0.07085446896962821,0.10056376410648227,0.2450342900119722
wiki-1k_train,3522,dahomey,1,l6,0.8067545954441853,0.8375444824232932,0.7322158438078183,0.7966121897652787,0.8400217160010499,0.7707535197977036,6.135692819952965e-05,0.023820204893127084,0.11368780490010977
wiki-1k_train,73430,nakskov,0,bm25,0.7935935152407113,0.7805048758228428,0.7436314120063673,0.7827699073751235,0.7827699073751235,0.7827699073751235,2.008792944252491e-05,0.0069579798728227615,0.026503487955778837
wiki-1k_train,113428,ciutat vella,0,bm25,0.7936018319151241,0.7851204405267906,0.7436314120063673,0.7827699073751235,0.7827699073751235,0.7827699073751235,0.00010602478869259357,0.03050612471997738,0.17921646661125124
wiki-1k_train,9399,ohio river,1,l6,0.27858544610357894,0.7580661428502014,0.7458863053640609,0.2467273037176707,0.7587928550995602,0.7851434793305905,0.023661321960389614,0.05211598705500364,0.2037839361000806
wiki-1k_train,2243,civil engineering,1,l6,0.21246290181729194,0.7638059112820885,0.727749218013728,0.1781028996411463,0.7660518084355032,0.7660518084355032,0.02528669615276158,0.05235157604329288,0.18773013120517135
wiki-1k_train,157351,kaluga oblast,0,bm25,0.8127664043939187,0.8030921460876095,0.7629684293163767,0.8031246624382913,0.8031246624382913,0.8031246624382913,0.0007059010677039623,0.03450900409370661,0.1747064320370555
wiki-1k_train,2842,london borough of croydon,1,l6,0.7933309765865432,0.8079933551259487,0.7078886522725032,0.7876118100967933,0.8103514541392864,0.7451459497605297,0.01922497618943453,0.04645358119159937,0.1961634980980307
wiki-1k_train,377416,guillermo del toro,0,bm25,0.14687334351129694,0.04164886442985352,0.0,0.10284745002580738,0.0,0.0,0.0031746788881719112,0.031875784043222666,0.19084700383245945
wiki-1k_train,4855,germany,1,l6,0.3400548587209566,0.7385696051943823,0.6370006113270674,0.3078428677207202,0.7354038375889873,0.67052695929165,0.009044012986123562,0.03799015795812011,0.1887420758139342
wiki-1k_train,4397,french polynesia,0,bm25,0.890318902737695,0.8494731042905519,0.8167067605053182,0.8883836139676252,0.854560911020394,0.8596913268477034,0.013764336006715894,0.046666432870551944,0.1887837159447372
wiki-1k_train,1846628,chvrches,1,l6,0.795640725153538,0.8408164485485485,0.8045881965262307,0.78494242734928,0.8469349437118219,0.8469349437118219,2.2466061636805534e-05,0.005668601021170616,0.020580542972311378
wiki-1k_train,75969,mark twain,1,l6,0.24135283706772664,0.5876311152763042,0.1230818242705949,0.20487217334631352,0.5764110133592938,0.12955981502167885,0.01269053085707128,0.0385836127679795,0.1937055268790573
wiki-1k_train,635597,shaheed bhagat singh nagar district,0,bm25,0.9949516023626881,0.9870681264870933,0.95,1.0,1.0,1.0,0.020537425996735692,0.0526082559954375,0.20340539189055562
wiki-1k_train,2581,cyclades,0,bm25,0.8107551250512849,0.7773045509486197,0.7385708708114654,0.8008209330207624,0.7778189260005338,0.7774430219068058,4.6274857595562935e-05,0.02172228880226612,0.09344182885251939
wiki-1k_train,20437,strabo,0,bm25,0.45693654495943237,0.4484088437620408,0.12515189245514957,0.42840794797761056,0.42840794797761056,0.13173883416331533,0.0001842188648879528,0.030984029872342944,0.18058683280833066
wiki-1k_train,76039,milton bradley company,1,l6,0.7641164363128272,0.768084379513367,0.7322158438078183,0.7597329361875723,0.7707535197977036,0.7707535197977036,0.03225769009441137,0.059745370177552104,0.21139129297807813
wiki-1k_train,9356,occitan language,0,bm25,0.7991758027540088,0.7986736980938332,0.7698338814323221,0.7917012873320408,0.8003469789900088,0.8103514541392864,0.011185589013621211,0.04434007895179093,0.19020392000675201
wiki-1k_train,22213,yenisei river,0,bm25,0.868246691787517,0.8634222871229051,0.83869167950371,0.8663616694274834,0.8694855014220988,0.8828333468460106,0.018887829035520554,0.04956910107284784,0.1968756071291864
wiki-1k_train,1250,bangladesh,0,bm25,0.41526210474865355,0.4079143155493454,0.4083793151570904,0.3847832199975464,0.38599081720946493,0.4298729633232531,0.001031146151944995,0.032098574098199606,0.18285699817351997
wiki-1k_train,70969,lake tahoe,0,bm25,0.8308553554571927,0.8198007018866046,0.7640336057703594,0.8243381887846856,0.8207250003376567,0.8042459008109046,0.008505470119416714,0.03711620718240738,0.18768216716125607
wiki-1k_train,1349,brandenburg,0,bm25,0.8102969863386311,0.7903583664877899,0.7519663607883909,0.8004450289270344,0.7893596244431496,0.7915435376719904,0.00044774916023015976,0.03393336432054639,0.1779732471331954
wiki-1k_train,6644,jacob,1,l6,0.24996314153291205,0.8115359692480352,0.727749218013728,0.21100863473925052,0.8103937765080871,0.7660518084355032,0.0018091921228915453,0.03047148510813713,0.1827239883132279
wiki-1k_train,103434,france national football team,1,l6,0.5820101992676703,0.6245855226317293,0.5988615896917864,0.5799425115905115,0.6303806207281962,0.6303806207281962,0.10401728213764727,0.13335651508532465,0.2746666392777115
wiki-1k_train,384474,veikkausliiga,0,bm25,0.8074699636851445,0.7689132353689192,0.7267942598733579,0.797365468735405,0.768303631955541,0.7650465893403767,6.612506695091724e-05,0.026650526095181704,0.12141231913119555
wiki-1k_train,1669212,2015 canadian federal election,1,l6,0.14353502751973105,0.6117258107847378,0.15001301062085665,0.11055148546612087,0.6093194455917744,0.1579084322324807,0.05374403507448733,0.08012177003547549,0.23389581008814275
wiki-1k_train,596568,kurdistan region,1,l6,0.8882961831330211,0.9014051729120864,0.8698151660446838,0.8880275985533493,0.9095994168803874,0.9155949116259829,0.020708974916487932,0.04939921386539936,0.19426676374860108
wiki-1k_train,98507,snk,0,bm25,0.7528157973110253,0.41978282669096045,0.7028361580329575,0.7398275347715343,0.4013143274130543,0.7398275347715343,4.939502105116844e-05,0.027815941954031587,0.12129977811127901
wiki-1k_train,128283,bbc television,0,bm25,0.4270517335830738,0.41979446826877165,0.38124861104240154,0.4013143274130543,0.4013143274130543,0.4013143274130543,0.01600755681283772,0.043687918689101934,0.19070793665014207
wiki-1k_train,815972,united states department of defense,1,l6,0.7220746295119953,0.7666108356198719,0.7427051190137993,0.7292330400778813,0.7808805914050382,0.7817948621197888,0.12620158679783344,0.15381764573976398,0.30488249263726175
wiki-1k_train,5816,prince elector,0,bm25,0.7906600812964663,0.45065795110687934,0.7143564278656253,0.7818700924502158,0.43324238610387966,0.7519541345953951,0.008124261163175106,0.04192557116039097,0.19192620110698044
wiki-1k_train,1344825,new england,0,bm25,0.5806568359592291,0.24052481523089453,0.2984820379911836,0.5764110133592938,0.22372529669744207,0.314191618938088,0.09071010793559253,0.1179258287884295,0.2678401661105454
wiki-1k_train,11029,rca,1,l6,0.7617696690422274,0.8371494102327672,0.7372675560714687,0.7494063034171463,0.8375696062720741,0.7760711116541775,0.0005512710195034742,0.028311825823038816,0.16572680906392634
wiki-1k_train,82288,qinghai,1,l6,0.7915062369608191,0.7985459251128286,0.6927713880739872,0.7805561831251311,0.796998361779207,0.7292330400778813,7.867999374866486e-05,0.03057532012462616,0.1777114449068904
wiki-1k_train,639167,chilean war of independence,1,l6,0.43603147036550066,0.7606702797853415,0.727749218013728,0.41786000193345263,0.7660518084355032,0.7660518084355032,0.05027694487944245,0.07852172874845564,0.22987883584573865
wiki-1k_train,80536,daft punk,0,bm25,0.823060040491602,0.7631957987262974,0.4494739848693761,0.8142022780807967,0.7605498540869828,0.473130510388817,0.0014710749965161085,0.03175033815205097,0.17021457594819367
wiki-1k_train,254180,ghana national football team,1,l6,0.7280231453045327,0.7789838014428022,0.750752361713758,0.7312568390035658,0.790265643909219,0.790265643909219,0.08869429002515972,0.11581573798321187,0.2660160721279681
wiki-1k_train,97274,chinese buddhism,1,l6,0.33760552416375555,0.7640732016358278,0.7208532123445821,0.3042851937258359,0.7621414723103619,0.7587928550995602,0.005311566172167659,0.03610563720576465,0.18123141722753644
wiki-1k_train,4722,florence,0,bm25,0.17267850326357528,0.04128160565881625,0.0,0.12955981502167885,0.0,0.0,0.0014670179225504398,0.031711813993752,0.18186728400178254
wiki-1k_train,159099,samara oblast,1,l6,0.7893135943969993,0.8390421769508752,0.8066871472861542,0.7784483612706589,0.8411128344392244,0.8491443655643729,0.0007585329003632069,0.035774718737229705,0.17860540398396552
wiki-1k_train,25706,yekaterinburg,0,bm25,0.7637302585569228,0.7328164234861462,0.6927713880739872,0.7513207763833594,0.7292330400778813,0.7292330400778813,6.684986874461174e-05,0.027186072897166014,0.13654530188068748
wiki-1k_train,104011,connecticut river,1,l6,0.4424688520329202,0.8167978366477853,0.7404805392693525,0.41873493640123594,0.8200003687994356,0.7794531992308974,0.021617535036057234,0.04949738411232829,0.2028163429349661
wiki-1k_train,6033,indonesia,0,bm25,0.709495124104483,0.48467710810167414,0.32292186850551546,0.6946319502061122,0.4671021539859776,0.33991775632159527,0.0014692340046167374,0.03288480103947222,0.18128459295257926
wiki-1k_train,14011,vancouver,1,l6,0.24953770988390325,0.7938000203830767,0.17761437388414386,0.21047025427438815,0.7917012873320408,0.1869624988254146,0.001500180922448635,0.030500836903229356,0.1833819979801774
wiki-1k_train,4616,miami marlins,0,bm25,0.7879587955721291,0.7708773691160741,0.7385708708114654,0.7774430219068058,0.7674385467575282,0.7774430219068058,0.002228792989626527,0.02982009807601571,0.18206854700110853
wiki-1k_train,6482,joseph stalin,0,bm25,0.04830188214105973,0.04037584596173633,0.0,0.0,0.0,0.0,0.006368352100253105,0.036092902068048716,0.18751207599416375
wiki-1k_train,310032,travel literature,0,bm25,0.7382337867154408,0.7310811906421462,0.6927713880739872,0.7292330400778813,0.7292330400778813,0.7292330400778813,0.017948585795238614,0.046240842901170254,0.1977761418092996
wiki-1k_train,25193,christian democratic appeal,2,bge,0.2902472063303019,0.7521245932556871,0.783322518849422,0.2575606632655323,0.7513207763833594,0.8245500198414968,0.01721924403682351,0.0451506560202688,0.19411047198809683
wiki-1k_train,27720,detroit pistons,1,l6,0.8414544647002323,0.850710889211012,0.796451921322146,0.8338072128592939,0.8515664544617101,0.8383704434969959,0.002381577156484127,0.029760361183434725,0.17977219517342746
wiki-1k_train,21972,taranto,1,l6,0.7956650120867472,0.8459566814038697,0.772735983515107,0.78494242734928,0.8469349437118219,0.8134062984369548,0.00010955915786325932,0.03121624095365405,0.18082712311297655
wiki-1k_train,633954,port washington branch,1,l6,0.7878811710682904,0.8715302750518238,0.7609867255113478,0.7827699073751235,0.8787026675241665,0.8010386584329977,0.0231968411244452,0.05339995305985212,0.20170321012847126
wiki-1k_train,37908,yellowknife,1,l6,0.8771202560777818,0.8923128580284956,0.7940307023294318,0.8706786813945628,0.8987771199719495,0.8358217919257178,4.452490247786045e-05,0.020953101105988026,0.09089962299913168
wiki-1k_train,1870966,sahrawi arab democratic republic,2,bge,0.6935260258380739,0.7040697143265067,0.8935041498070899,0.6819790771659119,0.7008542696800987,0.9405306840074631,0.01661448599770665,0.04480484616942704,0.19079138804227114
wiki-1k_train,487985,derry gaa,0,bm25,0.7426398369191076,0.7340987980197647,0.6927713880739872,0.7292330400778813,0.7292330400778813,0.7292330400778813,0.0004713069647550583,0.03107119887135923,0.17913448391482234
wiki-1k_train,105462,unionism in ireland,1,l6,0.33796770924615455,0.8091566915106128,0.778271683955048,0.30805162035422845,0.8111439820388029,0.8192333515316295,0.01833468396216631,0.044766574865207076,0.1958277199883014
wiki-1k_train,510206,soviet armed forces,0,bm25,0.042573702534287786,0.03549100460671089,0.0,0.0,0.0,0.0,0.031516502844169736,0.06157480180263519,0.2121952627785504
wiki-1k_train,7560,los angeles,1,l6,0.3840114920964756,0.832211522169871,0.4280133655025088,0.3549879489833909,0.8344564450537488,0.45054038473948294,0.012383244931697845,0.04037661897018552,0.19186577084474266
wiki-1k_train,12705,thomas jefferson,2,bge,0.24744684593861113,0.19024818580908873,0.30619922410621747,0.21047025427438815,0.1579084322324807,0.32231497274338683,0.009280788945034146,0.03625162481330335,0.1856235289014876
wiki-1k_train,117619,hal roach,0,bm25,0.7766099284352256,0.7448359398421243,0.7028361580329575,0.7650465893403767,0.7398275347715343,0.7398275347715343,0.0006689510773867369,0.029033325146883726,0.1814533332362771
wiki-1k_train,305484,cardiff rfc,1,l6,0.4474816571217958,0.7813818137671955,0.6927713880739872,0.41873493640123594,0.7788083687787748,0.7292330400778813,0.0011553599033504725,0.030974838882684708,0.1825025947764516
wiki-1k_train,1090430,government of kerala,1,l6,0.04334572924709803,0.7276536678844822,0.6927713880739872,0.0,0.7292330400778813,0.7292330400778813,0.02686183387413621,0.06102692591957748,0.20183905097655952
wiki-1k_train,1777480,regent,0,bm25,0.7933505779946093,0.784692124409824,0.40698755057873004,0.7827699073751235,0.7827699073751235,0.42840794797761056,0.0010173709597438574,0.03238415298983455,0.18113385792821646
wiki-1k_train,1268117,british people,1,l6,0.4070365388661395,0.4674129519186226,0.46665351107606584,0.3868894268939611,0.4570981927409332,0.4912142221853325,0.04805635893717408,0.07696729782037437,0.22865651594474912
wiki-1k_train,1289085,americans,1,l6,0.23671847930218154,0.7735026190326291,0.7532634403167614,0.20487217334631352,0.7767911141697906,0.7929088845439594,0.03359984210692346,0.06137507501989603,0.21238609007559717
wiki-1k_train,1338779,bell system,0,bm25,0.7867138188401925,0.32846673500510015,0.40698755057873004,0.7827699073751235,0.30805162035422845,0.42840794797761056,0.026340953074395657,0.05400366918183863,0.1903910250402987
wiki-1k_train,1817436,sabrina carpenter,0,bm25,0.7042613772574201,0.4410086748014355,0.18225332825708174,0.6889792381955692,0.4200792498617405,0.191845608691665,0.0009846820030361414,0.029539148090407252,0.1830951210577041
wiki-1k_train,24242,danielle steel,0,bm25,0.7926085066848825,0.7840029343925621,0.7436314120063673,0.7827699073751235,0.7827699073751235,0.7827699073751235,0.0036131718661636114,0.03401032695546746,0.17661321093328297
wiki-1k_train,20898,lincolnshire,0,bm25,0.8967056976158495,0.5499589594697706,0.4804158230022439,0.891401070828072,0.534709726027253,0.5057008663181515,0.00044970796443521976,0.028762726113200188,0.17942433198913932
wiki-1k_train,16880,printmaking,1,l6,0.049939412156950226,0.7695790966685733,0.727749218013728,0.0,0.7660518084355032,0.7660518084355032,0.00021860701963305473,0.029478617943823338,0.18040501908399165
wiki-1k_train,37945,vicenza,1,l6,0.3171840074491299,0.4525193801266912,0.44245669017895617,0.28128318670560726,0.4328354521664205,0.46574388439890124,0.00012848596088588238,0.031825477024540305,0.18344695889391005
wiki-1k_train,4085,eric clapton,1,l6,0.35696311136155134,0.7867789529491183,0.3967503548816521,0.3236803196153558,0.7845538055855359,0.41763195250700225,0.0019462050404399633,0.03119799611158669,0.18250499293208122
wiki-1k_train,2130523,dj khaled,1,l6,0.8842869589696137,0.9398185650824273,0.8026465721337608,0.878595379928701,0.9455108694808034,0.8448911285618534,0.0013735080137848854,0.0305306448135525,0.18136813607998192
wiki-1k_train,18091,county donegal,1,l6,0.46802330885517185,0.7976727093801881,0.7873278567063529,0.4457349341003459,0.8003469789900088,0.8287661649540556,0.021447493927553296,0.05003968789242208,0.1976771808695048
wiki-1k_train,19675,lockheed corporation,1,l6,0.11623325537864362,0.7545526976724748,0.6927713880739872,0.07208773630547806,0.7522350470981098,0.7292330400778813,0.008157247910276055,0.03650885378010571,0.1812645939644426
wiki-1k_train,78817,southern rock,0,bm25,0.7371507304469902,0.7299957720537431,0.6927713880739872,0.7292330400778813,0.7292330400778813,0.7292330400778813,0.02387899486348033,0.05427636578679085,0.2124217168893665
wiki-1k_train,5400,george gershwin,1,l6,0.39212592754754155,0.7491445394129407,0.29067492155642277,0.36363364064135895,0.7469379726509436,0.30597360163833975,0.012871526880189776,0.040427418891340494,0.19349679304286838
wiki-1k_train,32411,the salvation army,1,l6,0.6052212155712287,0.8985791725212765,0.8643601930703477,0.5886839361451678,0.9048457058451224,0.9098528348108924,0.015829215990379453,0.04331740690395236,0.19646422495134175
wiki-1k_train,1322,bell labs,1,l6,0.38818532596546484,0.846877913826334,0.727749218013728,0.3572305499217163,0.8487016673265655,0.7660518084355032,0.00417797383852303,0.033138240687549114,0.1764799498487264
wiki-1k_train,188952,list of north carolina state parks,1,l6,0.6880792219349874,0.841774087067288,0.4517594525797912,0.6949813090965966,0.8613171038682135,0.4755362658734645,0.13939990103244781,0.16660994407720864,0.3146295410115272
wiki-1k_train,4720,falklands war,2,bge,0.04219320438457486,0.4465810140254937,0.7028361580329575,0.0,0.43224031243922356,0.7398275347715343,0.034479812951758504,0.062041803961619735,0.22083204588852823
wiki-1k_train,25242,gustav mahler,1,l6,0.12657313084996125,0.49651524741454456,0.33404629795746293,0.08083747290381353,0.47895261966141445,0.35162768206048733,0.0008132990915328264,0.03103676112368703,0.18278979393653572
wiki-1k_train,763957,monster movie,0,bm25,0.7507457247402928,0.7429113864649881,0.7028361580329575,0.7398275347715343,0.7398275347715343,0.7398275347715343,0.007715590065345168,0.03663138602860272,0.18454523500986397
wiki-1k_train,84315,cheap trick,1,l6,0.8802110347220599,0.8970299905194924,0.7375230361119436,0.8744032026990926,0.9012454507381522,0.7763400380125722,0.0015650559216737747,0.030349602922797203,0.16578706772997975
wiki-1k_train,107129,chinese taipei,1,l6,0.45959755360313603,0.7288825499529166,0.635989741988026,0.4326684057403646,0.7239146641031886,0.6694628863031853,0.005305218044668436,0.03261297405697405,0.18453807197511196
wiki-1k_train,7407,liechtenstein,1,l6,0.5502436883428753,0.8865257393800121,0.4748539595188611,0.5266178921692746,0.8893217709169159,0.49984627317774855,0.00015498301945626736,0.0298088900744915,0.1789261349476874
wiki-1k_train,83325,daily mail,1,l6,0.7332115421407313,0.8344324759337973,0.77486610215713,0.7210409588460674,0.8358217919257178,0.8156485285864528,0.006303142989054322,0.034038515063002706,0.1773166919592768
wiki-1k_train,526775,solan district,2,bge,0.8091515016793726,0.8226843547807423,0.8290441694937947,0.8042459008109046,0.8272029759198302,0.8726780731513628,0.01920538186095655,0.05176323186606169,0.1966916467063129
wiki-1k_train,5204,goths,1,l6,0.4669823355027706,0.8410805256007307,0.7921168522163292,0.43897923819556917,0.8419836319440248,0.8338072128592939,0.0001802649348974228,0.03310415102168918,0.1880079167895019
wiki-1k_train,1787,british empire,1,l6,0.044154570574184135,0.8121800865351114,0.43424328310388655,0.0,0.8156485285864528,0.4570981927409332,0.02387302089482546,0.05181031092070043,0.2042024559341371
wiki-1k_train,112402,scholastic corporation,1,l6,0.34052954369657645,0.7837140409593466,0.7705867829368627,0.30805162035422845,0.7827699073751235,0.8111439820388029,0.00801593204960227,0.03750749514438212,0.18909998913295567
wiki-1k_train,92302,ten pin bowling,2,bge,0.22558390570885434,0.14957311414050856,0.547590462691329,0.18867944506503656,0.11626320891643417,0.5764110133592938,0.014175736112520099,0.04210998909547925,0.19357471424154937
wiki-1k_train,2986,city university of new york,2,bge,0.024711220805144686,0.1392122179470155,0.6927713880739872,0.0,0.12456157661624138,0.7292330400778813,0.17967571411281824,0.2069054702296853,0.3552479001227766
wiki-1k_train,161918,vinnytsia oblast,0,bm25,0.8509602254871836,0.8426765126938334,0.8389499306948673,0.8433222562917754,0.8447177430888553,0.8831051902051236,0.0007082850206643343,0.0354483921546489,0.18076058779843152
wiki-1k_train,71995,centre national de la recherche scientifique,0,bm25,0.032535166607718144,0.026970844293291468,0.0,0.0,0.0,0.0,0.0949548848439008,0.12520765466615558,0.2718459509778768
wiki-1k_train,18192,opeth,1,l6,0.904414927951712,0.952672530119231,0.746576028502051,0.899414751161101,0.9613805433391004,0.7858695036863694,4.20701690018177e-05,0.01538847922347486,0.07232117396779358
wiki-1k_train,85636,neuwied,2,bge,0.8194878733288783,0.8148078635210917,0.8202994605539766,0.810016185429562,0.8163447984767531,0.863473116372607,4.212604835629463e-05,0.016419343184679747,0.07658493611961603
wiki-1k_train,26444,tampere,1,l6,0.911305346221921,0.9475494527375905,0.8345742811492495,0.9067002748453687,0.9538072727800596,0.8784992433149995,0.00021622981876134872,0.03091952297836542,0.18044750695116818
wiki-1k_train,6390,international brigades,1,l6,0.34930330589419745,0.8111979877420583,0.778271683955048,0.32318531703203845,0.8163447984767531,0.8192333515316295,0.03311704099178314,0.06144874216988683,0.21441236091777682
wiki-1k_train,134543,north london,0,bm25,0.7312238817257325,0.7251887615114386,0.6927713880739872,0.7292330400778813,0.7292330400778813,0.7292330400778813,0.05130609101615846,0.07812040206044912,0.222152252914384
wiki-1k_train,923020,serbian cyrillic alphabet,1,l6,0.7344383518950466,0.7791896016467423,0.7385708708114654,0.7210409588460674,0.7774430219068058,0.7774430219068058,0.001969611970707774,0.033561270916834474,0.17887383000925183
wiki-1k_train,834741,northeastern ontario,0,bm25,0.7728193626705406,0.761702068438685,0.7290666194196518,0.7621414723103619,0.7587928550995602,0.7674385467575282,0.0046870599035173655,0.03530097776092589,0.19287740485742688
wiki-1k_train,184241,hackensack river,1,l6,0.47469904046850875,0.8790446838205228,0.7762727350345855,0.45216763158781964,0.885874084116077,0.817129194773248,0.019440349889919162,0.050141524989157915,0.19999497686512768
wiki-1k_train,88748,old world warbler,1,l6,0.32005798096309745,0.6865507708868933,0.26160420562336906,0.29820998182892455,0.6910275333982344,0.275372848024599,0.06897175498306751,0.10378647781908512,0.26043781195767224
wiki-1k_train,391276,danish superliga,1,l6,0.04945674002748431,0.7335191664865084,0.7137547375641914,0.0,0.7292330400778813,0.7513207763833594,0.0018396270461380482,0.03133055614307523,0.1693136931862682
wiki-1k_train,8899,niue,1,l6,0.8318970949511985,0.9671741605396807,0.95,0.8230729823669503,0.9758950090855376,1.0,6.26209657639265e-05,0.02795096393674612,0.14079532399773598
wiki-1k_train,26219,puducherry,1,l6,0.8613848840858612,0.9157783928653447,0.7927336228010613,0.8541098348631756,0.9208988405475789,0.8344564450537488,6.948085501790047e-05,0.03240519994869828,0.1785310988780111
wiki-1k_train,8938,namibia,0,bm25,0.7418881425146574,0.7112690741092516,0.36850156215507807,0.72840791034035,0.7050875015126084,0.38789638121587167,0.0003612400032579899,0.031132197007536888,0.1817608990240842
wiki-1k_train,166642,royal rumble,1,l6,0.8809330299087662,0.9196696849467308,0.8684671994657569,0.8786646500408903,0.9269922728380595,0.9141759994376388,0.01469201291911304,0.0424430298153311,0.19339801976457238
wiki-1k_train,24861,atlantic league of professional baseball,0,bm25,0.7800857234072259,0.7536603761109051,0.6927713880739872,0.7774430219068058,0.7564511922106688,0.7292330400778813,0.036251374054700136,0.06394937401637435,0.2136166428681463
wiki-1k_train,1352,bornholm,1,l6,0.5091138594784046,0.8056992640508134,0.4934382558182902,0.4833023132669176,0.805899853034251,0.5194086903350423,6.350106559693813e-05,0.026952290209010243,0.13604577304795384
wiki-1k_train,16006,alappuzha district,0,bm25,0.7729073583543116,0.7641673266063663,0.727749218013728,0.7660518084355032,0.7660518084355032,0.7660518084355032,0.019432578003033996,0.05451028794050217,0.20067266887053847
wiki-1k_train,473460,spongebob squarepants,2,bge,0.8291085182135967,0.8424775343220317,0.8842650024718394,0.8201414570432155,0.8450900896248947,0.9308052657598309,6.524985656142235e-05,0.02612935588695109,0.12613066076301038
wiki-1k_train,210583,royal caribbean international,1,l6,0.3329562446127914,0.8224679832867191,0.7884033140074286,0.30805162035422845,0.8298982252709775,0.8298982252709775,0.04532054020091891,0.07450872706249356,0.23378469003364444
wiki-1k_train,75859,kim jong il,0,bm25,0.7362357204202508,0.41967896947011396,0.6410059491839983,0.7232774945130405,0.3987259861026806,0.6747431044042088,0.002952120965346694,0.03063670010305941,0.16813549911603332
wiki-1k_train,6879,keanu reeves,1,l6,0.22700737961722217,0.2743916912748545,0.245307067541465,0.18645216384155971,0.2448292689258676,0.25821796583312107,0.0004406350199133158,0.029559766175225377,0.18032793002203107
wiki-1k_train,152885,argentina national football team,2,bge,0.22659538369241633,0.31666168098619785,0.6927713880739872,0.20487217334631352,0.3053881776200696,0.7292330400778813,0.09140367293730378,0.11889549484476447,0.2534319180995226
wiki-1k_train,238499,lloyd bacon,0,bm25,0.7423057309525012,0.7340828003796391,0.1792454728117847,0.7292330400778813,0.7292330400778813,0.18867944506503656,0.0016654408536851406,0.031075072707608342,0.17882694979198277
wiki-1k_train,473275,annette andre,0,bm25,0.04955059588250991,0.04141580900084193,0.0,0.0,0.0,0.0,0.0016539448406547308,0.03159245289862156,0.1840153189841658
wiki-1k_train,196310,british film institute,0,bm25,0.2430347911564517,0.236912850476574,0.20632807155272945,0.2171874437397152,0.2171874437397152,0.2171874437397152,0.05880632484331727,0.08588834083639085,0.2211881608236581
wiki-1k_train,5896,second polish republic,2,bge,0.038574070774808046,0.72497399759055,0.7404805392693525,0.0,0.7292330400778813,0.7794531992308974,0.053096716990694404,0.08270513382740319,0.2323518549092114
wiki-1k_train,5002,geology,1,l6,0.33284370774383476,0.734381826850913,0.6927713880739872,0.29820998182892455,0.7292330400778813,0.7292330400778813,0.0016709240153431892,0.030757104977965355,0.18330580205656588
wiki-1k_train,226743,adventure film,0,bm25,0.736126954060346,0.7289159471971719,0.7208532123445821,0.7292330400778813,0.7292330400778813,0.7587928550995602,0.02637796592898667,0.05500518879853189,0.19849671074189246
wiki-1k_train,110572,jeddah,1,l6,0.8506966710870768,0.8519169009546536,0.7603296300405084,0.8428666807192402,0.8530354689092275,0.8003469789900088,9.183795191347599e-05,0.029149229172617197,0.1721385179553181
wiki-1k_train,543,amitabh bachchan,1,l6,0.3378137387114508,0.3690573867555996,0.17677635087779323,0.3029884533505275,0.3449808091164267,0.18608036934504552,9.150500409305096e-05,0.0313834510743618,0.18089733319357038
wiki-1k_train,26103,london school of economics,2,bge,0.0341699482694117,0.02847487712858542,0.15001301062085665,0.0,0.0,0.1579084322324807,0.07773063983768225,0.10569526883773506,0.2455160638783127
wiki-1k_train,208058,buryatia,2,bge,0.644649618430156,0.6224258971608899,0.7143564278656253,0.6259770672976975,0.6139006693866189,0.7519541345953951,4.043895751237869e-05,0.015244404086843133,0.07070859707891941
wiki-1k_train,68416,great purge,0,bm25,0.759282941052128,0.7520285947783173,0.3885170920490033,0.7519541345953951,0.7519541345953951,0.40896536005158246,0.019964314997196198,0.048510374035686255,0.19675142294727266
wiki-1k_train,895072,bandai namco entertainment,1,l6,0.7513140322120534,0.7683835033201116,0.750752361713758,0.7398275347715343,0.7664750386350381,0.790265643909219,0.00564367906190455,0.03621660824865103,0.18538806005381048
wiki-1k_train,12773,trojan war,1,l6,0.25811795768199025,0.34171975502321184,0.10502391119281482,0.22787418036654214,0.3236803196153558,0.11055148546612087,0.034883325919508934,0.06581017491407692,0.20856961980462074
wiki-1k_train,1182701,katy perry,0,bm25,0.7794716696625456,0.7687114532410794,0.7298884503577638,0.768303631955541,0.7650465893403767,0.768303631955541,0.0015027399640530348,0.029143280116841197,0.18027945887297392
wiki-1k_train,13957,vincent van gogh,0,bm25,0.6983007933221398,0.4268753179745395,0.6394386729951342,0.6839690039391599,0.40697556962070935,0.6730933399948782,0.005463581997901201,0.0362494271248579,0.18586641480214894
wiki-1k_train,28752,disneyland paris,0,bm25,0.8023086936842334,0.7950466741239459,0.42287882621763995,0.7939464903612943,0.7939464903612943,0.44513560654488415,0.007519146893173456,0.03565878886729479,0.1937452917918563
wiki-1k_train,6227,islamism,1,l6,0.20602658340044122,0.7335483847913274,0.6927713880739872,0.16498778973169592,0.7292330400778813,0.7292330400778813,0.0025548140984028578,0.03310269908979535,0.1794572661165148
wiki-1k_train,119284,thor,1,l6,0.14763839979516435,0.36544230785672577,0.33121345664094964,0.10284745002580738,0.341626511455858,0.34864574383257857,0.0002290499396622181,0.031270015984773636,0.17175895301625133
wiki-1k_train,273555,mersin,1,l6,0.35613870587915114,0.8512688209482955,0.8463639746690406,0.32227837423696465,0.8527039403403959,0.8909094470200427,9.14169941097498e-05,0.031241689808666706,0.1775111670140177
wiki-1k_train,17203,clint eastwood,1,l6,0.13217613428467584,0.19090884873015726,0.1230818242705949,0.08660499091446228,0.1567442126860612,0.12955981502167885,0.0003579319454729557,0.029032341903075576,0.1814940320327878
wiki-1k_train,609350,bulgarian cup,1,l6,0.8291888500879223,0.8838115608398511,0.8448991642003386,0.8233640308534738,0.8893675412635144,0.8893675412635144,0.011382143013179302,0.04196925810538232,0.18926208280026913
wiki-1k_train,117495,gauteng,1,l6,0.7708224463665408,0.7838574555734674,0.7208532123445821,0.7587928550995602,0.7819215299971001,0.7587928550995602,0.00011366093531250954,0.033131110947579145,0.1847185471560806
wiki-1k_train,1641154,team17,1,l6,0.4469269368276738,0.7656550058543785,0.727749218013728,0.41786000193345263,0.7660518084355032,0.7660518084355032,1.6111182048916817e-05,0.004863397218286991,0.020106300245970488
wiki-1k_train,1705,babur,1,l6,0.7840027706986916,0.8673528873531938,0.8260112263509938,0.7726645837693185,0.8719738813639288,0.8694855014220988,5.130213685333729e-05,0.019782741088420153,0.08973962417803705
wiki-1k_train,19435,dili,0,bm25,0.8308813653800211,0.8264830335013681,0.8109152479567956,0.8220051424133208,0.828336105078779,0.8535949978492585,6.497791036963463e-05,0.02883202792145312,0.13813382596708834
wiki-1k_train,154661,arabic literature,0,bm25,0.750500709018621,0.7418289742048462,0.7028361580329575,0.7398275347715343,0.7398275347715343,0.7398275347715343,0.008389686001464725,0.039541353937238455,0.1796161241363734
wiki-1k_train,108269,traditional chinese characters,0,bm25,0.7357132504512331,0.7281856355519363,0.37489844821243495,0.7292330400778813,0.7292330400778813,0.39462994548677366,0.029847969999536872,0.061681299936026335,0.2114436668343842
wiki-1k_train,7026,knight,0,bm25,0.04912844133762174,0.04019309122073168,0.0,0.0,0.0,0.0,0.0032147548627108335,0.0361729038413614,0.18442561593838036
wiki-1k_train,165900,vadodara,1,l6,0.7643314954479872,0.7947907693683244,0.4284098300266076,0.7519541345953951,0.7939464903612943,0.4509577158174817,8.752010762691498e-05,0.03320174920372665,0.17551468312740326
wiki-1k_train,131685,javanese language,0,bm25,0.8739539300332835,0.8626011201885748,0.7743990595395023,0.8706786813945628,0.8672960799136096,0.8151569047784235,0.012160612037405372,0.04318066989071667,0.19055638299323618
wiki-1k_train,9643,pope,0,bm25,0.049371340729002046,0.041567158685455956,0.0,0.0,0.0,0.0,0.002336135832592845,0.031336947809904814,0.18580302083864808
wiki-1k_train,1515,botany,1,l6,0.1183251442105283,0.7340138083064691,0.7186286326001353,0.07208773630547806,0.7292330400778813,0.7564511922106688,0.0005745268426835537,0.03180339280515909,0.18157638097181916
wiki-1k_train,34957,limehouse,2,bge,0.483997895728721,0.3887267862341044,0.7937539774764286,0.45686780214319,0.3670668639111887,0.835530502606767,6.060791201889515e-05,0.02282652398571372,0.11428422387689352
wiki-1k_train,88458,international security assistance force,0,bm25,0.034746624645043384,0.029081193295333853,0.0,0.0,0.0,0.0,0.07439285283908248,0.10202395683154464,0.24385701888240874
wiki-1k_train,152413,barranquilla,0,bm25,0.9078856871011972,0.8392664144259938,0.8230435859561092,0.9030603925237285,0.8422392233676604,0.8663616694274834,4.8318179324269295e-05,0.024199083214625716,0.11140513024292886
wiki-1k_train,479595,how i met your mother,1,l6,0.16209063974674454,0.728954299044714,0.6927713880739872,0.12456157661624138,0.7292330400778813,0.7292330400778813,0.025479195872321725,0.05639217095449567,0.20406675687991083
wiki-1k_train,7647,long island,1,l6,0.7701755511505674,0.783850426218906,0.2901187687390661,0.7674385467575282,0.7893596244431496,0.3053881776200696,0.03840919793583453,0.0692976659629494,0.21599877974949777
wiki-1k_train,6264,infantry,1,l6,0.1741252746035513,0.755830554580927,0.7143564278656253,0.13140130760032948,0.7519541345953951,0.7519541345953951,0.0025820389855653048,0.0311829277779907,0.18287233891896904
wiki-1k_train,29411,developing country,1,l6,0.4439171276203536,0.774453544966936,0.40698755057873004,0.42840794797761056,0.7827699073751235,0.42840794797761056,0.058731310069561005,0.0861748130992055,0.22467256896197796
wiki-1k_train,75908,carmarthenshire,1,l6,0.7492607382733788,0.8962916940746408,0.8113111956798424,0.7360976295859951,0.8998801038661832,0.8540117849261499,0.00011708401143550873,0.03143619513139129,0.1828875681385398
wiki-1k_train,71994,provinces of sweden,0,bm25,0.866776202649166,0.8333484544996115,0.8511130014075792,0.8627257080203212,0.8360291831070766,0.8959084225342939,0.01072740601375699,0.04148496803827584,0.19066063314676285
wiki-1k_train,27795,minnesota wild,1,l6,0.7408969746114387,0.765869229574548,0.7240343986948438,0.7292330400778813,0.7621414723103619,0.7621414723103619,0.0086300999391824,0.03759374702349305,0.23020801204256713
wiki-1k_train,704769,rolls royce limited,1,l6,0.3304950956166143,0.43551419696393023,0.39696700183677996,0.29969257088441825,0.41786000193345263,0.41786000193345263,0.01653260481543839,0.04494459670968354,0.1962165478616953
wiki-1k_train,2274,county fermanagh,1,l6,0.7941434092980538,0.8204973992641417,0.7627676917085753,0.7893596244431496,0.8256459264508378,0.8029133596932372,0.023382971063256264,0.056405789917334914,0.20339265395887196
wiki-1k_train,12626,steve ditko,1,l6,0.34183230275658216,0.7849126897463066,0.7755275585529154,0.30805162035422845,0.7827699073751235,0.8163447984767531,0.0029744559433311224,0.0317525330465287,0.18209395883604884
wiki-1k_train,639949,parthian empire,2,bge,0.2836495273744335,0.4349378775621792,0.7208532123445821,0.24783028761190434,0.41671768179225166,0.7587928550995602,0.0067047420889139175,0.041009546956047416,0.18736223597079515
wiki-1k_train,207327,toyota corolla,0,bm25,0.8692437953544967,0.5169262332552219,0.8327363090787774,0.8625322811600868,0.5003960623814379,0.8765645358723972,0.0005859679076820612,0.030588686000555754,0.18099758494645357
wiki-1k_train,1274160,great depression,0,bm25,0.736610200325595,0.7293269166054126,0.6927713880739872,0.7292330400778813,0.7292330400778813,0.7292330400778813,0.023690683068707585,0.051695992005988955,0.19225743506103754
wiki-1k_train,10688,postage stamp,2,bge,0.04974696011417214,0.216809132703604,0.40698755057873004,0.0,0.18405800663822208,0.42840794797761056,0.0009301251266151667,0.029575425200164318,0.18379022018052638
wiki-1k_train,24454,napoleon iii,1,l6,0.32633390072456764,0.4287462173864285,0.3885170920490033,0.2926437339643642,0.40896536005158246,0.40896536005158246,0.00622532912530005,0.036257286090403795,0.18553756619803607
wiki-1k_train,128712,university of leicester,0,bm25,0.8562385587643851,0.8018190709511277,0.8001272621992774,0.8613171038682135,0.810016185429562,0.8422392233676604,0.05714613292366266,0.08418392692692578,0.23785735480487347
wiki-1k_train,181363,masters of the universe,2,bge,0.03719118494999781,0.8101540929617155,0.83869167950371,0.0,0.8197929016651724,0.8828333468460106,0.06062356289476156,0.0882656779140234,0.23664781893603504
wiki-1k_train,80,albert einstein,1,l6,0.1991841198040262,0.6124489788543351,0.547590462691329,0.1579084322324807,0.601881351145725,0.5764110133592938,0.0029500650707632303,0.03323550708591938,0.17795257293619215
wiki-1k_train,10413,patriotism,1,l6,0.049594610941758224,0.7560407749539074,0.7143564278656253,0.0,0.7519541345953951,0.7519541345953951,0.0013853630516678095,0.028417635010555387,0.17086833296343684
wiki-1k_train,120973,international boxing organization,2,bge,0.4443105889292569,0.32389692550327936,0.7436314120063673,0.42840794797761056,0.30805162035422845,0.7827699073751235,0.05816959496587515,0.08604608080349863,0.22943035000935197
wiki-1k_train,145081,massif central,0,bm25,0.7641610964638681,0.7564290408906869,0.7187167411746893,0.7565439380786204,0.7565439380786204,0.7565439380786204,0.019005990121513605,0.05126385507173836,0.20859824819490314
wiki-1k_train,206583,perennial plant,0,bm25,0.7867387033530642,0.7599485860826687,0.7137547375641914,0.7785389285161468,0.7587928550995602,0.7513207763833594,0.010773136978968978,0.040886054979637265,0.18747114297002554
wiki-1k_train,24782,fredric march,1,l6,0.24930513218913677,0.36638873552911233,0.1919546892531133,0.21379498456252058,0.3408881945897728,0.2020575676348561,0.03032938693650067,0.059500247007235885,0.3990600488614291
wiki-1k_train,1365055,malagasy language,1,l6,0.8250469158095148,0.8725797558237395,0.8283751872957323,0.8197929016651724,0.8787026675241665,0.8719738813639288,0.014416125137358904,0.0467743871267885,0.19189053936861455
wiki-1k_train,317887,torah reading,2,bge,0.862007474099947,0.5603865627407068,0.8919063908898894,0.8570223270972976,0.547899703000519,0.9388488325156731,0.008235553046688437,0.03851143503561616,0.1903085820376873
wiki-1k_train,740767,union navy,1,l6,0.7776233009535041,0.8837241315800619,0.7999836998496679,0.7716792102721668,0.8905825044711999,0.8420881051049136,0.021880486980080605,0.049300523940473795,0.19993322086520493
wiki-1k_train,73024,nascar xfinity series,1,l6,0.30839865548752055,0.8155062048359479,0.7139306495862566,0.2796029432123853,0.8203488520036716,0.7515059469329017,0.030822142027318478,0.0589858980383724,0.2133273968938738
wiki-1k_train,25238,tahiti,0,bm25,0.8787614365914443,0.845515367202189,0.7146232947432043,0.8724264957409191,0.8465397062099491,0.7522350470981098,0.0001600910909473896,0.03183695301413536,0.18302666605450213
wiki-1k_train,56872,lahore,1,l6,0.8139492178736393,0.8881720719948093,0.8258476677964641,0.804336208851421,0.8913390255259,0.8693133345225939,0.000619478989392519,0.031305111944675446,0.18200641707517207
wiki-1k_train,5219,galois group,0,bm25,0.9049179282014012,0.8978688491459602,0.8511130014075792,0.9097390363678154,0.9099248456555862,0.8959084225342939,0.0409168500918895,0.07259070407599211,0.2191780840512365
wiki-1k_train,42749,key west,0,bm25,0.8059813197095167,0.7849880805941004,0.7169682089710968,0.8049855823195005,0.7895262830630062,0.7547033778643125,0.03775902302004397,0.0649598240852356,0.215643028030172
wiki-1k_train,1444121,john b,0,bm25,0.03827492349030906,0.032594538154869325,0.0,0.0,0.0,0.0,0.05592504399828613,0.08301875204779208,0.23848477215506136
wiki-1k_train,24145,nagoya,0,bm25,0.8048589629436379,0.8005274441694867,0.48315859468763767,0.7946566988903156,0.7999066623060118,0.5085879944080397,0.00022790394723415375,0.03295210190117359,0.17557814181782305
wiki-1k_train,93598,surabaya,1,l6,0.7662236112567234,0.8728220087926266,0.8196177501950864,0.7539493910785481,0.8757751129517208,0.8627555265211436,0.00010176002979278564,0.03294085315428674,0.17972283088602126
wiki-1k_train,24066,ecumenical patriarch of constantinople,0,bm25,0.34092226637576095,0.30798576884455936,0.21253903186256995,0.3067535244920385,0.28128318670560726,0.22372529669744207,0.0018243889790028334,0.03412818699143827,0.18481117417104542
wiki-1k_train,5065,guadeloupe,1,l6,0.7026909161241321,0.780493043416117,0.6986336457095379,0.6870892424423779,0.7779832390412436,0.7354038375889873,0.00015659700147807598,0.03067034692503512,0.17850207607261837
wiki-1k_train,123063,welsh government,2,bge,0.2019282984070543,0.7792453700916808,0.7884033140074286,0.1679240576010318,0.7827699073751235,0.8298982252709775,0.03199971397407353,0.060575803043320775,0.21053672512061894
wiki-1k_train,14451,yugoslavia,2,bge,0.2238181245410318,0.456862296763363,0.7427051190137993,0.18337877001891195,0.43693149278232746,0.7817948621197888,0.0014506489969789982,0.030451684957370162,0.18517017597332597
wiki-1k_train,301383,plains indians,1,l6,0.8540112699725225,0.8680775674453438,0.7436314120063673,0.8506103089079121,0.8733257345274601,0.7827699073751235,0.016113664023578167,0.04587082494981587,0.19802840100601315
wiki-1k_train,197016,australian hip hop,0,bm25,0.8495520141688268,0.8452312313285921,0.8061291127779867,0.8452083436081316,0.8485569608189334,0.8485569608189334,0.012474532006308436,0.040032238932326436,0.1836698220577091
wiki-1k_train,141405,peerage of scotland,1,l6,0.8218750997114705,0.851578885603932,0.8210646919005048,0.814242634063673,0.854236502740487,0.8642786230531629,0.006084540858864784,0.0365564099047333,0.18377827480435371
wiki-1k_train,159773,gambino crime family,2,bge,0.35676511180015436,0.5078588945717608,0.7326666900588804,0.33486747487322854,0.5006876654184858,0.7712280947988215,0.05368042108602822,0.08409288804978132,0.23629048117436469
wiki-1k_train,6138,ice hockey,1,l6,0.741078569427921,0.8467494209662896,0.8061291127779867,0.7292330400778813,0.8485569608189334,0.8485569608189334,0.006153828930109739,0.03409757977351546,0.18176279379986227
wiki-1k_train,26051,australian defence force,2,bge,0.6403971433261818,0.6798032542504879,0.7326666900588804,0.6303806207281962,0.6787852972063935,0.7712280947988215,0.035839468939229846,0.06369290500879288,0.21170592494308949
wiki-1k_train,1712787,korean state railway,1,l6,0.25741576002159644,0.6774559069779841,0.6249022008785126,0.2377806055787942,0.6851766011510785,0.6577917903984343,0.1045247670263052,0.13273275597020984,0.2828691601753235
wiki-1k_train,73768,monash university,1,l6,0.780788168389636,0.8508789234424995,0.7830056882163948,0.7819215299971001,0.861841255806393,0.8242165139119946,0.05653099506162107,0.0839245819952339,0.23481621709652245
wiki-1k_train,12699,television channel,1,l6,0.21907075417215857,0.32913991238561374,0.2191840759508031,0.18405800663822208,0.30805162035422845,0.2307200799482138,0.021518161054700613,0.050254818983376026,0.18600320792756975
wiki-1k_train,121064,italian renaissance,2,bge,0.18803282692756831,0.41437093759081345,0.7146232947432043,0.14783958478786519,0.39462994548677366,0.7522350470981098,0.009274915093556046,0.040435080183669925,0.1920448320452124
wiki-1k_train,681120,hell,2,bge,0.31004457156409737,0.5208086548596826,0.810167830501596,0.2740286484894888,0.5052709238697329,0.852808242633259,0.0010039748158305883,0.03267456474713981,0.17760381195694208
wiki-1k_train,81877,fc porto,2,bge,0.35516652427168816,0.25966488237761837,0.5963474485862164,0.32231497274338683,0.2303425111327448,0.6277341564065435,0.003722037188708782,0.0330161121673882,0.18020905321463943
wiki-1k_train,197769,south india,1,l6,0.16663076756146147,0.7247139499245829,0.6927713880739872,0.13481497274338683,0.7292330400778813,0.7292330400778813,0.0532358312048018,0.08400457724928856,0.23260380723513663
wiki-1k_train,173023,government of ireland,2,bge,0.04188693200276787,0.48756847005731585,0.7552035790280923,0.0,0.4757149489438538,0.7949511358190446,0.03485919791273773,0.061703362967818975,0.21483363583683968
wiki-1k_train,194810,legislative assembly of ontario,0,bm25,0.7590307770150958,0.757313261474456,0.6927713880739872,0.7513207763833594,0.7564511922106688,0.7292330400778813,0.018957195105031133,0.04540844401344657,0.200649379985407
wiki-1k_train,370139,region of southern denmark,0,bm25,0.7542721626269772,0.7474704518306078,0.7143564278656253,0.7519541345953951,0.7519541345953951,0.7519541345953951,0.04643941717222333,0.0777622233144939,0.23025682126171887
wiki-1k_train,21892,zagreb,1,l6,0.5099083425493307,0.8884922543326954,0.797915705702917,0.48431634487372077,0.8924420094201337,0.8399112691609654,0.0006909109652042389,0.033533190144225955,0.1797514569479972
wiki-1k_train,77940,coahuila,0,bm25,0.7855080235516929,0.7438363795993082,0.7028361580329575,0.7742569005070781,0.7398275347715343,0.7398275347715343,0.00013235583901405334,0.033058823784813285,0.18366465368308127
wiki-1k_train,108305,assyrian people,0,bm25,0.7770944454495031,0.5925553481760766,0.4643085968481733,0.7746006375602903,0.5876271085582889,0.48874589141912983,0.03896403987891972,0.06966162286698818,0.22198796994052827
wiki-1k_train,10456,percussion instrument,0,bm25,0.7405963315565529,0.7324796958096498,0.6927713880739872,0.7292330400778813,0.7292330400778813,0.7292330400778813,0.008170373039320111,0.03865966899320483,0.1878197870682925
wiki-1k_train,243438,tuam,1,l6,0.7632090454904316,0.9124526953086055,0.8448991642003386,0.7507752861570797,0.9166138193179528,0.8893675412635144,9.863893501460552e-05,0.02990589290857315,0.1794978289399296
wiki-1k_train,352646,private university,0,bm25,0.727928927421976,0.721802839948655,0.6927713880739872,0.7292330400778813,0.7292330400778813,0.7292330400778813,0.06985997408628464,0.09869402809999883,0.23533824924379587
wiki-1k_train,23335,alicia keys,1,l6,0.7150638350971871,0.8575747251141738,0.7979573341286526,0.7021752491602833,0.8601992347887222,0.8399550885564764,0.007102931849658489,0.03410052880644798,0.17733818083070219
wiki-1k_train,4559,fox news,1,l6,0.7614353737414898,0.788535589190291,0.7395259432071258,0.7519541345953951,0.7881243810886969,0.7784483612706589,0.011200091103091836,0.039042667020112276,0.19171317317523062
wiki-1k_train,762,aramaic,1,l6,0.3221954188289746,0.7440687942566767,0.7256979972545441,0.28658043405243383,0.7398275347715343,0.7638926286889938,0.00020504905842244625,0.032106209080666304,0.1831007010769099
wiki-1k_train,95338,quebec major junior hockey league,0,bm25,0.796299198971542,0.693582855640998,0.7698338814323221,0.8004450289270344,0.697998890656811,0.8103514541392864,0.07180436491034925,0.09921993082389235,0.25420032488182187
wiki-1k_train,422214,osun state,2,bge,0.7543653594082698,0.8142774698318257,0.8245351677681159,0.7565439380786204,0.8256183308603497,0.8679317555453852,0.07475972105748951,0.10449696611613035,0.2604617530014366
wiki-1k_train,10221,pablo picasso,2,bge,0.04975169940681507,0.19686409355152776,0.2258199016698704,0.0,0.16319409237540142,0.23770515965249517,0.0008996089454740286,0.02960149897262454,0.18115320103242993
wiki-1k_train,22149,bangkok,1,l6,0.6232777702889064,0.8585037335110024,0.7908495159791701,0.6036291654920813,0.85992678284018,0.8324731747149159,0.0006348341703414917,0.03147970023564994,0.18678523134440184
wiki-1k_train,1403468,adriatic sea,1,l6,0.7392571770985087,0.7776585689147064,0.7290666194196518,0.7292330400778813,0.7774430219068058,0.7674385467575282,0.014139645034447312,0.04390632105059922,0.20117808994837105
wiki-1k_train,9022,niger river,0,bm25,0.8184411394396287,0.8113801959105098,0.77486610215713,0.8156485285864528,0.8156485285864528,0.8156485285864528,0.026218337006866932,0.05503192008472979,0.20403493498452008
wiki-1k_train,70754,local government areas of western australia,0,bm25,0.7419671524572903,0.7375038089299667,0.7143564278656253,0.7519541345953951,0.7519541345953951,0.7519541345953951,0.14671607897616923,0.17596420110203326,0.32764811790548265
wiki-1k_train,7353,laos,1,l6,0.6920029245618917,0.9320613418135021,0.8813007758937824,0.6759441382354681,0.9375317527458404,0.9276850272566131,0.0004891480784863234,0.029190658126026392,0.16983510786667466
wiki-1k_train,79109,carnatic music,0,bm25,0.8249931377494429,0.7840776463256995,0.7137547375641914,0.8245500198414968,0.7895262830630062,0.7513207763833594,0.036510784877464175,0.07001264882273972,0.21916865394450724
wiki-1k_train,9106,new mexico,1,l6,0.6720864556142275,0.809876629618467,0.3195947140831429,0.6741963238891119,0.8244519699044711,0.33641548850857145,0.10409214603714645,0.13211033307015896,0.28285829187370837
wiki-1k_train,2032420,bangalore,1,l6,0.35601081441672255,0.6589466459258992,0.6380484460265894,0.32231497274338683,0.6521015102987411,0.6716299431858836,0.0006816890090703964,0.03817041008733213,0.18090603803284466
wiki-1k_train,1270810,donald duck,2,bge,0.1992035965037755,0.7798890696806974,0.8288051709538732,0.1579084322324807,0.7774430219068058,0.8724264957409191,0.002915714867413044,0.031274048844352365,0.18011267692781985
wiki-1k_train,102991,minister of state,0,bm25,0.7764744246791211,0.7704762507427383,0.7436314120063673,0.7827699073751235,0.7827699073751235,0.7827699073751235,0.0918517760001123,0.12396364496089518,0.26768037490546703
wiki-1k_train,366863,royal college of surgeons in ireland,1,l6,0.3646867900200312,0.7922993559628441,0.748718162034262,0.34491566386059425,0.8015130779959503,0.7881243810886969,0.06258111796341836,0.0922493520192802,0.24101009406149387
wiki-1k_train,750376,3000 metres steeplechase,2,bge,0.04873399918555302,0.2624222082936642,0.3885170920490033,0.0,0.2335107394799052,0.40896536005158246,0.004671968054026365,0.034737108973786235,0.1845167870633304
wiki-1k_train,98133,lenape,1,l6,0.804207004402899,0.8266962557719127,0.7703911785569423,0.7939464903612943,0.8264362117821538,0.8109380826915182,0.00015231501311063766,0.030411910032853484,0.18063307600095868
wiki-1k_train,1194068,david weber,2,bge,0.0467705861841606,0.18337041614471586,0.198920815846042,0.0,0.15170397398880528,0.20939033246951788,0.012319406028836966,0.04100230196490884,0.19073749496601522
wiki-1k_train,13415,tagalog language,0,bm25,0.7984314778665427,0.7675744887918254,0.7240343986948438,0.7915435376719904,0.7674385467575282,0.7621414723103619,0.014058347092941403,0.04570458619855344,0.19885166501626372
wiki-1k_train,764844,oklahoma sooners football,2,bge,0.28913188274365,0.4686423288250845,0.5673190746173418,0.25651972467347045,0.453001638220793,0.5971779732814124,0.017721565905958414,0.04548715706914663,0.19423637096770108
wiki-1k_train,849899,university of toronto,1,l6,0.18694525722725694,0.6247843392895504,0.5963474485862164,0.1579084322324807,0.6246209951882183,0.6277341564065435,0.06410204106941819,0.09126720507629216,0.24526802403852344
wiki-1k_train,448622,paris foreign missions society,1,l6,0.8120495579520254,0.8955532764616266,0.806519609051503,0.812504565371392,0.9069557929058336,0.848968009527898,0.044213380897417665,0.07221258385106921,0.22489508776925504
wiki-1k_train,927392,directv,1,l6,0.7355969311636565,0.8225177638247186,0.6856243483447734,0.7217098403629194,0.8220051424133208,0.7217098403629194,9.791995398700237e-05,0.02995444880798459,0.1785740728955716
wiki-1k_train,1063349,hawthorn football club,0,bm25,0.7216981149427173,0.5260557921373213,0.41119367955809943,0.7164978711846657,0.5170670274461511,0.4328354521664205,0.0388210320379585,0.0655658720061183,0.21627646801061928
wiki-1k_train,128187,bromsgrove,0,bm25,0.9055965423727893,0.9008817236081899,0.7809048852926547,0.9006547401402716,0.904541202861306,0.8220051424133208,9.198300540447235e-05,0.030464103911072016,0.1806367989629507
wiki-1k_train,1614640,durham university,1,l6,0.7409434245126537,0.8303690842340816,0.4500768347488787,0.739237515227159,0.8399112691609654,0.47376508920934607,0.05121419602073729,0.07929924689233303,0.22596728103235364
wiki-1k_train,477200,badulla,1,l6,0.8770539220603167,0.911150889844642,0.9093873708163933,0.8706132980313397,0.9191021992597828,0.9572498640172562,3.971601836383343e-05,0.01659434102475643,0.06916499300859869
wiki-1k_train,9748,posix,1,l6,0.8077283806562133,0.8324664251281535,0.7857031648529591,0.797641663871441,0.8358357562468424,0.8270559630031149,7.061590440571308e-05,0.02620378602296114,0.1131664349231869
wiki-1k_train,157369,altai krai,0,bm25,0.9082695671597577,0.8873225991168892,0.8698151660446838,0.9035185137149042,0.8906013621193882,0.9155949116259829,0.0002745380625128746,0.032892647897824645,0.18798602698370814
wiki-1k_train,22800,hmong people,1,l6,0.8121413815444964,0.8345418107776575,0.7452945748141527,0.8112171299807738,0.8419836319440248,0.7845206050675292,0.03516187705099583,0.0633567648474127,0.20647283201105893
wiki-1k_train,80219,motown,1,l6,0.42478256874224674,0.734506519521293,0.6927713880739872,0.39462994548677366,0.7292330400778813,0.7292330400778813,0.0003938819281756878,0.028092830907553434,0.16995328315533698
wiki-1k_train,1403378,freestyle swimming,1,l6,0.3391706885583731,0.7845969304732406,0.7240343986948438,0.3053881776200696,0.7828978460140223,0.7621414723103619,0.003207789035513997,0.030979015864431858,0.1691728769801557
wiki-1k_train,146323,kutaisi,1,l6,0.8385842070974361,0.8709769702614472,0.7646954585486265,0.8301167368545961,0.8758119777126347,0.8049425879459227,6.624404340982437e-05,0.027409007074311376,0.12408544518984854
wiki-1k_train,97591,futurama,2,bge,0.04996718629699041,0.3471686908425409,0.39588179770263904,0.0,0.3247452201816097,0.41671768179225166,5.2524032071232796e-05,0.018150468822568655,0.08003368601202965
wiki-1k_train,80765,thane,1,l6,0.860880333411914,0.8786420159324922,0.8681582135497364,0.8535949978492585,0.8819481786666774,0.9138507511049858,0.00012793601490557194,0.03374327998608351,0.18321306398138404
wiki-1k_train,125608,order of st michael and st george,2,bge,0.1623815724390317,0.3405045810896093,0.7644281153376137,0.13481497274338683,0.32770246095821787,0.8046611740395934,0.08323769294656813,0.11039599287323654,0.2652123258449137
wiki-1k_train,351608,royal college of physicians of edinburgh,0,bm25,0.23511792035136198,0.1572334869768938,0.06945313981691058,0.20663792246192236,0.13092598502616923,0.07310856822832693,0.05178268696181476,0.07935894117690623,0.23141846805810928
wiki-1k_train,81103,20th century fox,0,bm25,0.7578540295417127,0.7273522125174628,0.6927713880739872,0.7547033778643125,0.7292330400778813,0.7292330400778813,0.040896042017266154,0.0691870569717139,0.22435394395142794
wiki-1k_train,4334,finland,2,bge,0.4932476208117941,0.5450489713856552,0.8208087236510082,0.4671021539859776,0.5314233428084116,0.864009182790535,0.0017900059465318918,0.03513596090488136,0.1792065119370818
wiki-1k_train,21439,tina arena,0,bm25,0.9084093799697887,0.9002393106050243,0.8530401176257502,0.904541202861306,0.904541202861306,0.8979369659218424,0.0032038111239671707,0.032134444219991565,0.17705255490727723
wiki-1k_train,113621,internet forum,0,bm25,0.048369881676678175,0.03989610229169659,0.0,0.0,0.0,0.0,0.0057733370922505856,0.03578464617021382,0.17708337516523898
wiki-1k_train,90496,muromachi period,0,bm25,0.7684370012957206,0.7297032417989681,0.6927713880739872,0.7621414723103619,0.7292330400778813,0.7292330400778813,0.02340035093948245,0.0546323920134455,0.2090288510080427
wiki-1k_train,2547,county dublin,1,l6,0.7819313945584465,0.7993328596390227,0.7595542203016696,0.7774430219068058,0.8029133596932372,0.7995307582122839,0.02745130192488432,0.05554709699936211,0.20672791707329452
wiki-1k_train,488858,meath gaa,0,bm25,0.6216838702329891,0.4518211506226428,0.5952996138866944,0.601881351145725,0.4313989623426847,0.6266311725123099,0.00043683801777660847,0.03382676490582526,0.21120967203751206
wiki-1k_train,217759,latvian higher league,1,l6,0.40989008859575077,0.8179607920575199,0.7887250547192511,0.38673403330557476,0.8235410489933799,0.8302368997044749,0.030519267078489065,0.058553485199809074,0.2032654790673405
wiki-1k_train,189034,ecclesiastical latin,0,bm25,0.7917007638995059,0.7835508867139223,0.7436314120063673,0.7827699073751235,0.7827699073751235,0.7827699073751235,0.007231788011267781,0.03775945585221052,0.18728912808001041
wiki-1k_train,90382,spiritualism,1,l6,0.0493609065305089,0.7547062600226672,0.7143564278656253,0.0,0.7519541345953951,0.7519541345953951,0.002300325082615018,0.03473439207300544,0.17996781319379807
wiki-1k_train,814731,akb48,2,bge,0.7246079972632511,0.46748986598150716,0.7821132169469089,0.7101500273662253,0.45216763158781964,0.8232770704704305,6.239698268473148e-05,0.0218106210231781,0.09035515389405191
wiki-1k_train,14032,vice president of the united states,1,l6,0.7189418537131161,0.7603528320451739,0.547590462691329,0.7292330400778813,0.7774430219068058,0.5764110133592938,0.150123227853328,0.17777028284035623,0.31499404390342534
wiki-1k_train,75643,west germanic languages,0,bm25,0.8419351598570612,0.8086706477378973,0.7931156185107061,0.8469349437118219,0.8182235164135916,0.8348585458007433,0.05938350805081427,0.08748960006050766,0.23466109205037355
wiki-1k_train,1662573,tauranga,1,l6,0.8321736947735326,0.8691129351634526,0.8001272621992774,0.8233640308534738,0.8704923487493277,0.8422392233676604,7.831794209778309e-05,0.027792379958555102,0.17691343883052468
wiki-1k_train,479233,1500 metres,1,l6,0.04851766261839456,0.7316647163725999,0.6927713880739872,0.0,0.7292330400778813,0.7292330400778813,0.004242519848048687,0.03178782085888088,0.1431023699697107
wiki-1k_train,187769,chukchi sea,1,l6,0.5388487093831548,0.8915211151781919,0.8305495823003012,0.5173986886534154,0.8970333376746883,0.8742627182108433,0.01023952686227858,0.04073030571453273,0.1910327528603375
wiki-1k_train,38035,video game publisher,0,bm25,0.7286204179205447,0.7225502879379929,0.6927713880739872,0.7292330400778813,0.7292330400778813,0.7292330400778813,0.0668814938981086,0.0955706478562206,0.2363141649402678
wiki-1k_train,155722,al anbar governorate,1,l6,0.833445619758624,0.9179444057782806,0.8355659653780879,0.8290456601083888,0.9260967198790269,0.8795431214506189,0.01659554406069219,0.04740280797705054,0.2000544231850654
wiki-1k_train,70941,grozny,1,l6,0.22921934488257162,0.7557668737766905,0.7137547375641914,0.18867944506503656,0.7522350470981098,0.7513207763833594,9.476090781390667e-05,0.03212051303125918,0.18134025670588017
wiki-1k_train,88077,bryan adams,1,l6,0.3890344405931186,0.636011513032009,0.12586523534981642,0.35818632855360605,0.6259770672976975,0.13248972142085938,0.004746241960674524,0.03310413798317313,0.19098465703427792
wiki-1k_train,1683175,wwe network,1,l6,0.8889359792037701,0.9177001095408028,0.8353451957676299,0.8863663593586409,0.9242474577583808,0.8793107323869789,0.01199976704083383,0.039850519970059395,0.19279446103610098
wiki-1k_train,30883,aube,1,l6,0.48284760669520005,0.8439233989651167,0.8037754836493705,0.45565422603204897,0.8476074261953088,0.8460794564730216,5.860603414475918e-05,0.02770877815783024,0.12256555911153555
wiki-1k_train,289837,stephen hillenburg,2,bge,0.5251564706458894,0.5041082677541864,0.8681582135497364,0.501263534838845,0.48764394974479175,0.9138507511049858,0.0037643099203705788,0.033007919089868665,0.18030247977003455
wiki-1k_train,28823,gascony,1,l6,0.7866276727025265,0.8158137063290661,0.41119367955809943,0.7754257672978215,0.8156485285864528,0.4328354521664205,9.003211744129658e-05,0.03040361707098782,0.1679313280619681
wiki-1k_train,34394,rashtriya swayamsevak sangh,1,l6,0.15754095908318086,0.21725340854811473,0.094452301508879,0.1132492911881539,0.18544727254559895,0.09942347527250421,0.00016442290507256985,0.03198119695298374,0.17923665093258023
wiki-1k_train,19625,abbasid caliphate,2,bge,0.4769790685156394,0.7472493128485281,0.7644281153376137,0.44962376844558544,0.7431286951515454,0.8046611740395934,0.0005811268929392099,0.031001728726550937,0.1777021388988942
wiki-1k_train,110332,bbc america,0,bm25,0.7887195066777404,0.781933004472215,0.7436314120063673,0.7827699073751235,0.7827699073751235,0.7827699073751235,0.01952669001184404,0.04650561488233507,0.19876899803057313
wiki-1k_train,92668,reba mcentire,2,bge,0.24990622594847384,0.18568640949911044,0.3558899454288074,0.21047025427438815,0.1516475513271569,0.37462099518821834,0.00014243810437619686,0.02945667691528797,0.17578175012022257
wiki-1k_train,11644,singapore,1,l6,0.6937459201283198,0.7053428355266537,0.6639056905527375,0.6782787238394667,0.6988480953186711,0.6988480953186711,0.002189317950978875,0.030292124953120947,0.1768809868954122
wiki-1k_train,133621,keio university,2,bge,0.41326360065523615,0.76621486937994,0.8202994605539766,0.39459153998357466,0.7726645837693185,0.863473116372607,0.05195554601959884,0.07980999303981662,0.2239779399242252
wiki-1k_train,86063,antioquia department,1,l6,0.7380763533164238,0.7772384335003595,0.749891643220992,0.7292330400778813,0.7785389285161468,0.7893596244431496,0.018802613951265812,0.04955342598259449,0.20023934775963426
wiki-1k_train,1731034,koine greek,0,bm25,0.7952357246323712,0.733264571248448,0.7208532123445821,0.7862464632248243,0.7292330400778813,0.7587928550995602,0.006204020930454135,0.0347267750184983,0.18264144379645586
wiki-1k_train,109201,northern cyprus,1,l6,0.7952354898455056,0.8033731404458382,0.7698338814323221,0.7888062805473932,0.8052725341257979,0.8103514541392864,0.016011725179851055,0.045105860102921724,0.1938241811003536
wiki-1k_train,236830,travel channel,1,l6,0.3290069107483898,0.7649438628598269,0.727749218013728,0.29969257088441825,0.7660518084355032,0.7660518084355032,0.02210803097113967,0.04965788801200688,0.1938950049225241
wiki-1k_train,86499,slade,0,bm25,0.24454794098967247,0.042475652514429224,0.11833349778542931,0.20487217334631352,0.0,0.12456157661624138,0.00030143395997583866,0.028131854021921754,0.1869388280902058
wiki-1k_train,15015,eastern europe,0,bm25,0.7365839097839102,0.7297798064097222,0.6927713880739872,0.7292330400778813,0.7292330400778813,0.7292330400778813,0.025603620801120996,0.05375881982035935,0.20689867180772126
wiki-1k_train,1467096,university of nottingham,1,l6,0.4137841010237435,0.7622019577809083,0.41119367955809943,0.39462994548677366,0.7674385467575282,0.4328354521664205,0.05205562082119286,0.07898803381249309,0.23418208886869252
wiki-1k_train,518649,cinema of the philippines,1,l6,0.2761050860440367,0.7332802439833053,0.37489844821243495,0.2395628886308433,0.7292330400778813,0.39462994548677366,0.005560803925618529,0.03566931397654116,0.18790839985013008
wiki-1k_train,1529682,cumbernauld,1,l6,0.8368292423650454,0.8494082481350496,0.8371684402059906,0.8282745411460265,0.853195564148425,0.8812299370589375,4.7629931941628456e-05,0.01678729592822492,0.07543131383135915
wiki-1k_train,389454,congregation of christian brothers,0,bm25,0.7700246954254493,0.7636615497978048,0.727749218013728,0.7660518084355032,0.7660518084355032,0.7660518084355032,0.033197064185515046,0.06054344726726413,0.214881009189412
wiki-1k_train,20213,montreux,1,l6,0.8571982825761958,0.8982001985042072,0.8389991349086694,0.8497221514041745,0.9019112273465635,0.8831569841143889,0.0001360329333692789,0.031036765780299902,0.18012235476635396
wiki-1k_train,97540,davis cup,1,l6,0.158500006987144,0.7494781389763219,0.7156711294427264,0.11898664552048073,0.7488166296720917,0.7533380309923435,0.016383314970880747,0.04296009289100766,0.18054010509513319
wiki-1k_train,159101,ulyanovsk oblast,0,bm25,0.8767566173506386,0.8408602912788223,0.7436314120063673,0.8704923487493277,0.8422392233676604,0.7827699073751235,0.0007703411392867565,0.0338145752903074,0.1824467540718615
wiki-1k_train,10524,persian gulf,0,bm25,0.7417988248030309,0.7343878579670204,0.6927713880739872,0.7292330400778813,0.7292330400778813,0.7292330400778813,0.003566187107935548,0.030740660149604082,0.18333959416486323
wiki-1k_train,466077,planetary habitability,0,bm25,0.9101633151494168,0.8425036724703517,0.8260112263509938,0.9059489455786048,0.843923443968628,0.8694855014220988,0.0017520959954708815,0.033103623893111944,0.17945068306289613
wiki-1k_train,374708,centre right politics,1,l6,0.17186583905754102,0.8022764542786925,0.7436314120063673,0.14067777954659338,0.8111439820388029,0.7827699073751235,0.05164779582992196,0.08029240788891912,0.2192544147837907
wiki-1k_train,135038,order of ontario,1,l6,0.787654329137958,0.808108855626918,0.7821958293108,0.7827699073751235,0.8111439820388029,0.8233640308534738,0.024354703025892377,0.05084356712177396,0.2037340251263231
wiki-1k_train,129387,role playing video game,0,bm25,0.748717902075467,0.7405215528150562,0.7290666194196518,0.7547033778643125,0.7513207763833594,0.7674385467575282,0.10213882406242192,0.1300257679540664,0.27982768905349076
wiki-1k_train,593570,dutch golden age painting,0,bm25,0.7666853503377662,0.03252729110445273,0.0,0.7660518084355032,0.0,0.0,0.05088885989971459,0.08036667294800282,0.2299777138978243
wiki-1k_train,99196,herbaceous plant,0,bm25,0.7406219383904019,0.7320118771586542,0.6927713880739872,0.7292330400778813,0.7292330400778813,0.7292330400778813,0.008263747906312346,0.0413658837787807,0.19222938711754978
wiki-1k_train,32938,bas rhin,0,bm25,0.7884759920913993,0.77053395688981,0.7385708708114654,0.7774430219068058,0.7674385467575282,0.7774430219068058,0.0003463360480964184,0.031146801076829433,0.18251513503491879
wiki-1k_train,9755,physician,1,l6,0.18985698323285183,0.733629150249135,0.6927713880739872,0.14783958478786519,0.7292330400778813,0.7292330400778813,0.0021533588878810406,0.033331824000924826,0.1822957608383149
wiki-1k_train,1421273,gros de vaud district,0,bm25,0.9427013252875861,0.8431847717257196,0.8019195442566988,0.9507158515136982,0.8526827983850138,0.8441258360596829,0.04764839191921055,0.07668265188112855,0.22735758684575558
wiki-1k_train,13706,usb,1,l6,0.8652903205167763,0.8774525505048856,0.8001272621992774,0.8582722999346568,0.8803449669041805,0.8422392233676604,0.0002260599285364151,0.029347426956519485,0.16533448593690991
wiki-1k_train,226734,tom and jerry,0,bm25,0.8532801595662124,0.8439406656652857,0.7913259420797838,0.8471779732814124,0.8457038382942782,0.8329746758734566,0.005606018006801605,0.03452674695290625,0.18214189284481108
wiki-1k_train,100123,mendoza province,1,l6,0.7818197494861021,0.8223188673818603,0.7884033140074286,0.7726645837693185,0.8233640308534738,0.8298982252709775,0.008448617067188025,0.037731270072981715,0.19100645696744323
wiki-1k_train,1640988,exeter chiefs,1,l6,0.485804181983738,0.8439619832943781,0.8023078373378421,0.46272358652482126,0.8472233115534851,0.8445345656187812,0.01483572879806161,0.042744443751871586,0.19607250369153917
wiki-1k_train,133233,cupressaceae,0,bm25,0.049949947873293876,0.03772772718452578,0.0,0.0,0.0,0.0,2.1110055968165398e-05,0.005175971193239093,0.02108807093463838
wiki-1k_train,1608,book of judges,0,bm25,0.7705486942285851,0.7639615448514487,0.7543270516531914,0.7660518084355032,0.7660518084355032,0.794028475424412,0.030204840004444122,0.05783668998628855,0.20974057517014444
wiki-1k_train,1264172,english studies,0,bm25,0.7649776196098977,0.7583786240961016,0.727749218013728,0.7660518084355032,0.7660518084355032,0.7660518084355032,0.055482645984739065,0.08415014087222517,0.21721104998141527
wiki-1k_train,1594725,mysticism,1,l6,0.23292618937555568,0.7445643711393622,0.7028361580329575,0.1927779550785077,0.7398275347715343,0.7398275347715343,0.0007751011289656162,0.030119477305561304,0.18206149223260581
wiki-1k_train,157511,moravian silesian region,2,bge,0.45249028393626606,0.7669290780226596,0.7747104635541584,0.42979042459706085,0.768303631955541,0.8154846984780615,0.023611237993463874,0.05265993205830455,0.20317315799184144
wiki-1k_train,13850,volvo,1,l6,0.7643058828215895,0.8042701269663365,0.768284837965124,0.7519541345953951,0.8027253873229561,0.8087208820685516,0.00018332689069211483,0.03017298295162618,0.18135001580230892
wiki-1k_train,15277,belarusians,1,l6,0.4248364898354669,0.7698416183123091,0.6927713880739872,0.39462994548677366,0.7674385467575282,0.7292330400778813,0.00022288598120212555,0.033185559790581465,0.17986751114949584
wiki-1k_train,131074,philippine basketball association,1,l6,0.04170383794416352,0.7275240289264105,0.7146232947432043,0.0,0.7292330400778813,0.7522350470981098,0.03493230394087732,0.06420141994021833,0.21053291694261134
wiki-1k_train,17237,sui dynasty,1,l6,0.3018203670387717,0.8127534804830492,0.7542491658432295,0.26600046090076457,0.812401407140994,0.7939464903612943,0.0032638178672641516,0.0334805769380182,0.1854292748030275
wiki-1k_train,3249,dalai lama,2,bge,0.47223579116825914,0.7931392864314553,0.8052585215616948,0.44455652684669733,0.7916872150344928,0.8476405490123103,0.00034427293576300144,0.03321424894966185,0.18527359585277736
wiki-1k_train,13326,tigris,1,l6,0.6911294199912741,0.7621045286931176,0.7186286326001353,0.6749097630240656,0.7587928550995602,0.7564511922106688,0.00012617791071534157,0.03167104790918529,0.18100464693270624
wiki-1k_train,1814473,rigveda,1,l6,0.4868107777875404,0.8272485702266186,0.7436314120063673,0.4598268265748465,0.8298982252709775,0.7827699073751235,6.748107261955738e-05,0.03046586411073804,0.1365601250436157
wiki-1k_train,1156870,political radicalism,0,bm25,0.7888901376444372,0.7813584044828108,0.7734793466737415,0.7827699073751235,0.7827699073751235,0.8141887859723596,0.018785192165523767,0.04862633696757257,0.19810277502983809
wiki-1k_train,25280,apocalyptic and post apocalyptic fiction,1,l6,0.2567602104314157,0.41142187400345764,0.40075569273858314,0.22372529669744207,0.39462994548677366,0.4218480976195612,0.02336726919747889,0.054493938107043505,0.20218023238703609
wiki-1k_train,323708,chinese folk religion,0,bm25,0.3560753202737821,0.2651142207845375,0.31456249335833497,0.3254281339617121,0.2377806055787942,0.33111841406140524,0.01149380812421441,0.04020009213127196,0.18650259706191719
wiki-1k_train,13016,trajan,1,l6,0.388126499878786,0.8377972829982806,0.7940439684345002,0.35595040784605214,0.8383704434969959,0.8358357562468424,9.540515020489693e-05,0.03129113116301596,0.1807766540441662
wiki-1k_train,222183,mark millar,2,bge,0.2809068673521927,0.039048107986296376,0.40698755057873004,0.2467823704350504,0.0,0.42840794797761056,0.013782966183498502,0.042684712214395404,0.1948736901395023
wiki-1k_train,10968,romeo and juliet,1,l6,0.7007031804307351,0.8876958209953425,0.46687597350052634,0.6851448303814807,0.8912463536072155,0.4914483931584488,0.0006644439417868853,0.03238553088158369,0.18015552102588117
wiki-1k_train,109940,grand cayman,0,bm25,0.5352947932302957,0.5247202207073491,0.48199950533018765,0.5133633950931616,0.5099416639136047,0.507367900347566,0.009177910163998604,0.03718051523901522,0.19117204216308892
wiki-1k_train,129732,witney,2,bge,0.26136080731733435,0.6798746669008763,0.8045881965262307,0.22251592006821025,0.6737325850962601,0.8469349437118219,4.2340951040387154e-05,0.01468996680341661,0.07221290678717196
wiki-1k_train,118690,palmerston north,2,bge,0.7953132566217381,0.8171022946500022,0.8439644332692439,0.7931217909110777,0.8234690905068894,0.8883836139676252,0.03644476900808513,0.06792046222835779,0.2235204908065498
wiki-1k_train,179517,college board,1,l6,0.7319810129419011,0.7616832919302523,0.6927713880739872,0.7292330400778813,0.7674385467575282,0.7292330400778813,0.0456149538513273,0.07348583079874516,0.21136871189810336
wiki-1k_train,12198,sam raimi,0,bm25,0.862906135284579,0.8241329300039851,0.7531109166813105,0.8563127720676877,0.8243381887846856,0.792748333348748,0.0022264928556978703,0.03386219497770071,0.18836715002544224
wiki-1k_train,19019,berbers,0,bm25,0.7669063824901523,0.7643324547877905,0.7290666194196518,0.7547033778643125,0.7621414723103619,0.7674385467575282,0.00022642011754214764,0.035530330147594213,0.1831093360669911
wiki-1k_train,434541,def jam recordings,2,bge,0.7078503806954868,0.39033838038788915,0.7396119820903394,0.7023544621895235,0.37462099518821834,0.7785389285161468,0.03969689202494919,0.0657708530779928,0.21146056009456515
wiki-1k_train,1248,the bahamas,1,l6,0.41744928011177007,0.7561041288738503,0.7290666194196518,0.3868894268939611,0.7513207763833594,0.7674385467575282,0.00034708296880126,0.027754207840189338,0.1813856188673526
wiki-1k_train,319553,old irish,0,bm25,0.7706861822295756,0.7634481431908046,0.727749218013728,0.7660518084355032,0.7660518084355032,0.7660518084355032,0.030099482974037528,0.06094475113786757,0.2130775200203061
wiki-1k_train,252889,stockholm municipality,0,bm25,0.791114515473711,0.7816936092758128,0.7436314120063673,0.7827699073751235,0.7827699073751235,0.7827699073751235,0.008886659983545542,0.04215000197291374,0.17654003389179707
wiki-1k_train,138439,szeged,0,bm25,0.7643345181656502,0.7554776050598916,0.7143564278656253,0.7519541345953951,0.7519541345953951,0.7519541345953951,7.902691140770912e-05,0.03202535607852042,0.18034685892052948
wiki-1k_train,35022,london borough of haringey,1,l6,0.760367960004614,0.7668140826699312,0.7186286326001353,0.7533380309923435,0.7674385467575282,0.7564511922106688,0.020737590035423636,0.04791249590925872,0.1955207190476358
wiki-1k_train,182032,ahvaz,1,l6,0.8287607478537798,0.8746797639252349,0.857907372897542,0.8197929016651724,0.8828333468460106,0.9030603925237285,3.882194869220257e-05,0.012796662980690598,0.045663502998650074
wiki-1k_train,13954,vilnius,1,l6,0.7426817938488283,0.7658912008211487,0.7169682089710968,0.7292330400778813,0.7621414723103619,0.7547033778643125,0.0003209190908819437,0.029168260050937533,0.17909585707820952
wiki-1k_train,136151,nanchang,1,l6,0.8053323248607834,0.8846041480341108,0.8731470892967936,0.7951109054718065,0.8893675412635144,0.9191021992597828,3.8972822949290276e-05,0.01741784089244902,0.08459355775266886
wiki-1k_train,12030,sarawak,2,bge,0.40709787533997494,0.8052201581825028,0.85001220363693,0.3759482587322075,0.8038825984252668,0.8947496880388737,0.0001884731464087963,0.030130930012091994,0.17790402611717582
wiki-1k_train,21583,mainland china,1,l6,0.422585567857802,0.7538975161117042,0.6927713880739872,0.39462994548677366,0.7513207763833594,0.7292330400778813,0.00834044092334807,0.03554596891626716,0.18030420178547502
wiki-1k_train,15741,telugu language,1,l6,0.7527681093361985,0.7834712699841183,0.749891643220992,0.7431286951515454,0.7851434793305905,0.7893596244431496,0.012565112905576825,0.04868569504469633,0.19607553887180984
wiki-1k_train,489,amazon river,0,bm25,0.7902417947064737,0.7751090233619945,0.7646954585486265,0.7844438560162545,0.7762311606476924,0.8049425879459227,0.020136866020038724,0.04977972502820194,0.20218270807527006
wiki-1k_train,11435,san francisco bay,1,l6,0.794396951222864,0.8613566859009512,0.81988794685558,0.7893596244431496,0.8671294212937528,0.8630399440585053,0.02223620400764048,0.05024678120389581,0.2023425882216543
wiki-1k_train,6649,john the baptist,0,bm25,0.44016568809562506,0.22919181418504034,0.22760316326989405,0.41786000193345263,0.20292288896310093,0.23958227712620428,0.02871383191086352,0.05735294986516237,0.21109033492393792
wiki-1k_train,14868,civil and political rights,0,bm25,0.754405202774924,0.7479238256342813,0.7143564278656253,0.7519541345953951,0.7519541345953951,0.7519541345953951,0.04439062415622175,0.07330288109369576,0.22304100124165416
wiki-1k_train,37861,gaeltacht,0,bm25,0.8246825513902735,0.48138556027148466,0.42851687952964074,0.8154846984780615,0.46666967817476734,0.45107039950488503,5.2351970225572586e-05,0.02241457300260663,0.09377984888851643
wiki-1k_train,248820,palatine of hungary,1,l6,0.9045235393356634,0.9080679060926069,0.8158826089986491,0.9002045121460902,0.9124886048820875,0.8588237989459464,0.0025072949938476086,0.03288100194185972,0.18690312700346112
wiki-1k_train,1727920,malacca,1,l6,0.7722427062116075,0.8349441480626378,0.8064862216670282,0.7603093882509202,0.8356504016001154,0.8489328649126613,0.0001821001060307026,0.03173070610500872,0.1777882892638445
wiki-1k_train,121664,sahara,1,l6,0.2178830434791414,0.8163646978698874,0.7385708708114654,0.17681469438255504,0.8156485285864528,0.7774430219068058,0.0003279801458120346,0.03066881699487567,0.18037500604987144
wiki-1k_train,377463,rascal flatts,2,bge,0.6643112403324023,0.46606595463918454,0.7884114543111033,0.6467087314936963,0.44718266987908606,0.8299067940116877,0.000218310859054327,0.030809571035206318,0.17590227490291
wiki-1k_train,110662,eastern wu,0,bm25,0.8803463324000518,0.8275239866267918,0.7747034293962609,0.8774105618502612,0.8302368997044749,0.8154772941013273,0.012025685980916023,0.042176932794973254,0.18827192392200232
wiki-1k_train,11420,steven spielberg,1,l6,0.35696060722783896,0.5891684282450452,0.3091567272636265,0.3236803196153558,0.5764110133592938,0.3254281339617121,0.0019144329708069563,0.030098055955022573,0.17868637409992516
wiki-1k_train,13685,university of texas at austin,0,bm25,0.12951373766899238,0.03151555330362696,0.0,0.09689890921500267,0.0,0.0,0.05784732103347778,0.08526765904389322,0.2306470419280231
wiki-1k_train,1685919,subroutine,1,l6,0.8030809806276744,0.8084763653876075,0.7698740876826827,0.792748333348748,0.8103937765080871,0.8103937765080871,5.037197843194008e-05,0.019178407033905387,0.0841326299123466
wiki-1k_train,1274158,nelson rockefeller,1,l6,0.25543558296306573,0.42338746663630883,0.14380252886812872,0.21684304899596712,0.4013143274130543,0.15137108301908286,0.0020949640311300755,0.029132175957784057,0.18529220717027783
wiki-1k_train,23083,hiroshima,1,l6,0.47833376809271516,0.7952590832489717,0.7143564278656253,0.4509577158174817,0.7939464903612943,0.7519541345953951,0.0002595589030534029,0.03067836770787835,0.17062339186668396
wiki-1k_train,14139,w,0,bm25,0.047735765201374784,0.03848253742234786,0.0,0.0,0.0,0.0,0.008541021030396223,0.04344553407281637,0.18860722915269434
wiki-1k_train,166211,canterbury bankstown bulldogs,2,bge,0.1416303307474414,0.20534404663526265,0.7388201156403141,0.09689890921500267,0.17194457570232746,0.7777053848845412,0.0015401497948914766,0.029096602695062757,0.18177877669222653
wiki-1k_train,161907,luhansk oblast,1,l6,0.8453616726732404,0.8713202854799484,0.8594712533568922,0.837432309366782,0.8749298475557545,0.9047065824809393,0.0007181530818343163,0.035590143175795674,0.18042122921906412
wiki-1k_train,721863,gracillariidae,1,l6,0.43847229313825814,0.7510385450213405,0.7143564278656253,0.40896536005158246,0.7519541345953951,0.7519541345953951,1.7718877643346786e-05,0.005267492728307843,0.01977601391263306
wiki-1k_train,110381,mendip hills,1,l6,0.7629335488884962,0.7900847327239832,0.7885046017512776,0.7533380309923435,0.7895262830630062,0.8300048439487133,0.010949889896437526,0.0398593710269779,0.19999210396781564
wiki-1k_train,27264,derbyshire,1,l6,0.2217360213418353,0.7813969877616336,0.7186286326001353,0.1809104392527093,0.7785389285161468,0.7564511922106688,0.00046876794658601284,0.029876237967982888,0.18183967494405806
wiki-1k_train,672596,free state of prussia,1,l6,0.4706866310272762,0.7588103712156594,0.714877327864101,0.4598268265748465,0.7692164805808992,0.7525024503832642,0.08641655906103551,0.11743471212685108,0.26756250904873013
wiki-1k_train,161341,olympique de marseille,2,bge,0.04472462763798886,0.037361192906935396,0.3209923300968287,0.0,0.0,0.3378866632598197,0.02123788883909583,0.050882015842944384,0.20129279396496713
wiki-1k_train,114943,la palma,0,bm25,0.829452712839013,0.8271524620360745,0.7436314120063673,0.8233640308534738,0.8298982252709775,0.7827699073751235,0.010424315929412842,0.042755178874358535,0.19000862771645188
wiki-1k_train,37957,smolensk,1,l6,0.23758980331297475,0.7691100819721425,0.7543270516531914,0.1975017220297684,0.7660518084355032,0.794028475424412,0.00013568787835538387,0.031825761776417494,0.18419528077356517
wiki-1k_train,108695,cuban revolution,0,bm25,0.7921993687269019,0.7842422357790729,0.7436314120063673,0.7827699073751235,0.7827699073751235,0.7827699073751235,0.005110659869387746,0.03350798599421978,0.17843943485058844
wiki-1k_train,479110,fa cup final,2,bge,0.041302618617329145,0.2973669170110789,0.47539990255053677,0.0,0.2765170284313188,0.5004209500531966,0.03522656997665763,0.06206708587706089,0.2025125059299171
wiki-1k_train,129109,distinguished service order,1,l6,0.0380417368917697,0.3206293471595443,0.2672190273703269,0.0,0.3035974700437556,0.28128318670560726,0.05638327798806131,0.08387169614434242,0.23575028195045888
wiki-1k_train,16266,luc besson,1,l6,0.2692598043147084,0.7686489935012598,0.727749218013728,0.23089955595200973,0.7660518084355032,0.7660518084355032,0.00033648195676505566,0.032309141010046005,0.1775183731224388
wiki-1k_train,399420,mid north,0,bm25,0.7428256617084146,0.736085415739684,0.7028361580329575,0.7398275347715343,0.7398275347715343,0.7398275347715343,0.04451559903100133,0.07448874693363905,0.22234461503103375
wiki-1k_train,759288,the sarah jane adventures,1,l6,0.7020661468722612,0.7837906115576573,0.7336531739352001,0.6883827465733775,0.7822754765929384,0.7722664988791581,0.007081551011651754,0.03497400600463152,0.1866058351006359
wiki-1k_train,34119,island records,0,bm25,0.7777786630719297,0.7716005974358522,0.7385708708114654,0.7774430219068058,0.7774430219068058,0.7774430219068058,0.049378519877791405,0.0776455570012331,0.2287693170364946
wiki-1k_train,10963,rice university,1,l6,0.2515896022753591,0.8233075568259159,0.7925099396082085,0.22417164114891486,0.8324731747149159,0.8342209890612722,0.05296400282531977,0.08168953284621239,0.23284039180725813
wiki-1k_train,14608,thirteen colonies,1,l6,0.7406323232638898,0.7574639410034214,0.6927713880739872,0.7292330400778813,0.7547033778643125,0.7292330400778813,0.008004164090380073,0.035564009100198746,0.1870949410367757
wiki-1k_train,283712,treat williams,1,l6,0.27257846261981633,0.43437051525499704,0.2847079423401973,0.23958227712620428,0.41786000193345263,0.29969257088441825,0.020116434199735522,0.050430147210136056,0.2001754492521286
wiki-1k_train,266655,riverside records,1,l6,0.44886376279676404,0.8357410048856643,0.8001272621992774,0.42840794797761056,0.8422392233676604,0.8422392233676604,0.03481652494519949,0.061655904864892364,0.2142875089775771
wiki-1k_train,203968,greater western sydney,0,bm25,0.7368914214457449,0.7299417982364897,0.6927713880739872,0.7292330400778813,0.7292330400778813,0.7292330400778813,0.02314664702862501,0.050504026003181934,0.1968263469170779
wiki-1k_train,1313526,babylon,0,bm25,0.7426963734603351,0.7340218013636237,0.6927713880739872,0.7292330400778813,0.7292330400778813,0.7292330400778813,0.0002753220032900572,0.03211312601342797,0.18351224507205188
wiki-1k_train,7836,lleida,1,l6,0.7868899559172449,0.8794175745575292,0.8302802002245114,0.77569976690817,0.882268498534436,0.8739791581310647,8.656596764922142e-05,0.03047096892260015,0.17436893982812762
wiki-1k_train,119662,departments of honduras,2,bge,0.045561904648800104,0.4494318290712629,0.7240343986948438,0.0,0.4328354521664205,0.7621414723103619,0.017193089006468654,0.045565163949504495,0.1936989591922611
wiki-1k_train,140457,volhynia,1,l6,0.3017543367348871,0.8180891110582634,0.7169682089710968,0.26503322641727456,0.8187616898047779,0.7547033778643125,9.657302871346474e-05,0.034526116913184524,0.17733903788030148
wiki-1k_train,1276229,guinness,1,l6,0.33269752673150954,0.48105290912982573,0.15210688219505222,0.29770683677444,0.4622019700060365,0.16011250757373918,0.00044623413123190403,0.02893693116493523,0.17997926729731262
wiki-1k_train,110281,new york harbor,0,bm25,0.7604262209705109,0.7554608003844658,0.39696700183677996,0.7660518084355032,0.7660518084355032,0.41786000193345263,0.09379623713903129,0.12068175617605448,0.27072751009836793
wiki-1k_train,5195,gothic fiction,1,l6,0.76207429043274,0.77897346180444,0.7666526950820605,0.7513207763833594,0.7774430219068058,0.8070028369284847,0.006274410989135504,0.035834562964737415,0.18668873514980078
wiki-1k_train,100816,world hockey association,0,bm25,0.03477989596098426,0.0294696258918344,0.0,0.0,0.0,0.0,0.07809792901389301,0.10534617211669683,0.2565617449581623
wiki-1k_train,5103,ganges,0,bm25,0.04951289354000375,0.04103268332639301,0.0,0.0,0.0,0.0,0.001792876049876213,0.03300569509156048,0.18403328605927527
wiki-1k_train,429845,ypres salient,0,bm25,0.24623590723901567,0.14741209005481518,0.12437968577486076,0.20663792246192236,0.11180943051733987,0.13092598502616923,0.00025740591809153557,0.03232985292561352,0.18354907492175698
wiki-1k_train,4088,episcopal polity,1,l6,0.4465887066628238,0.7689690112517198,0.727749218013728,0.41786000193345263,0.7660518084355032,0.7660518084355032,0.0013953770976513624,0.032386613078415394,0.18442967208102345
wiki-1k_train,11072,royal navy,1,l6,0.4841272089678897,0.8951646904950576,0.746934140063583,0.4623952671880994,0.9022217667550745,0.7862464632248243,0.020437014056369662,0.04742158902809024,0.1984833290334791
wiki-1k_train,17962,korn,1,l6,0.27149955277529747,0.48942545453061737,0.31110211822927025,0.23318898051376014,0.47129675844314345,0.32747591392554765,0.00011278782039880753,0.031251114793121815,0.18811318092048168
wiki-1k_train,1254149,united states dollar,1,l6,0.4351666419949815,0.7583513785541326,0.7028361580329575,0.42537942133051376,0.7707535197977036,0.7398275347715343,0.11077177594415843,0.1395447610411793,0.2923693440388888
wiki-1k_train,8394,minnesota twins,1,l6,0.15803682097757926,0.8017916256065282,0.7666526950820605,0.11626320891643417,0.8015480128212682,0.8070028369284847,0.009171988815069199,0.03678706497885287,0.19003572687506676
wiki-1k_train,305914,prussian navy,1,l6,0.8541795933530125,0.8960137822013742,0.8483914536291918,0.8485878688834885,0.9006547401402716,0.8930436353991493,0.0075494160410016775,0.03665527002885938,0.19074951694346964
wiki-1k_train,665122,l,0,bm25,0.04654457911863167,0.037325180200523195,0.0,0.0,0.0,0.0,0.013420314062386751,0.04922701697796583,0.19419217691756785
wiki-1k_train,13888,vangelis,1,l6,0.31583219450423083,0.8968253190657863,0.8077719967667436,0.27985469550947795,0.9009198003957227,0.8502863123860459,0.0001080899965018034,0.032857751939445734,0.18156480905599892
wiki-1k_train,126682,virginia military institute,1,l6,0.6101411409392801,0.6392473271442642,0.547590462691329,0.5994130203795224,0.6367042563444187,0.5764110133592938,0.041295388946309686,0.06935695209540427,0.22198889800347388
wiki-1k_train,133726,northern ireland executive,1,l6,0.4538256759853495,0.7748466001644244,0.7290666194196518,0.4328354521664205,0.7774430219068058,0.7674385467575282,0.030928316991776228,0.05760971596464515,0.20988261396996677
wiki-1k_train,154029,deccan plateau,0,bm25,0.7639911771717851,0.7546193958861418,0.7143564278656253,0.7519541345953951,0.7519541345953951,0.7519541345953951,0.0013326918706297874,0.03552755294367671,0.18243522779084742
wiki-1k_train,1116,akira toriyama,0,bm25,0.7935700357020248,0.4480225902012827,0.1574009468592653,0.7827699073751235,0.42840794797761056,0.1656852072202793,0.00022029387764632702,0.032177334651350975,0.1794616668485105
wiki-1k_train,172058,action adventure game,1,l6,0.7576041498993731,0.7725013078991562,0.7169682089710968,0.7547033778643125,0.7774430219068058,0.7547033778643125,0.039779911981895566,0.06826588697731495,0.21240741689689457
wiki-1k_train,55300,progressive conservative party of canada,1,l6,0.3077540999831375,0.7269025932760017,0.6927713880739872,0.28128318670560726,0.7292330400778813,0.7292330400778813,0.04012965317815542,0.06728094210848212,0.2119913420174271
wiki-1k_train,374325,morobe province,1,l6,0.7507262377275437,0.8045254555741251,0.7661239797087792,0.7398275347715343,0.8051828855332474,0.8064462944302939,0.00791575200855732,0.03901107097044587,0.18758414685726166
wiki-1k_train,23079,queensland,1,l6,0.4408505138410552,0.7404944079580238,0.7296406880808981,0.41200137213033394,0.7352921469864098,0.7680428295588402,0.00201459601521492,0.029382386012002826,0.1828825119882822
wiki-1k_train,2120001,miyagi prefecture,2,bge,0.1728057694067814,0.38723801887548653,0.7169682089710968,0.12955981502167885,0.36441177809110414,0.7547033778643125,0.0009959200397133827,0.03230025223456323,0.180384439881891
wiki-1k_train,114890,senate of the philippines,1,l6,0.45391023545145215,0.7643467971382221,0.6927713880739872,0.42753837771925435,0.7621414723103619,0.7292330400778813,0.008698779158294201,0.03743311623111367,0.19320115516893566
wiki-1k_train,4831,federico fellini,1,l6,0.22476045270847392,0.4768616968969329,0.3454883744187288,0.18405800663822208,0.458142605973879,0.3636719730723461,0.0003438850399106741,0.030422691954299808,0.18165450007654727
wiki-1k_train,111289,australian national university,0,bm25,0.5988876712807452,0.26511771199976736,0.22589157529985449,0.5984987496647718,0.25197917128100444,0.2377806055787942,0.1191457009408623,0.14684303384274244,0.3026131468359381
wiki-1k_train,165585,rebellion,1,l6,0.45646773219842496,0.784731067966701,0.7436314120063673,0.42840794797761056,0.7827699073751235,0.7827699073751235,0.0019755600951611996,0.03382559213787317,0.19002407090738416
wiki-1k_train,214810,biographical film,0,bm25,0.04259048009500976,0.0356994974012683,0.0,0.0,0.0,0.0,0.031081012915819883,0.0599868968129158,0.2097370228730142
wiki-1k_train,126571,lublin voivodeship,0,bm25,0.7655602827155735,0.49725926282019023,0.4217390422287873,0.7533380309923435,0.4803935262583299,0.44393583392503927,0.0004361311439424753,0.03586172917857766,0.19672711822204292
wiki-1k_train,7755,louis xiv of france,1,l6,0.04446951123893763,0.7529705232650552,0.37489844821243495,0.0,0.7533380309923435,0.39462994548677366,0.021838103188201785,0.05015056720003486,0.1974337543360889
wiki-1k_train,13630,united states declaration of independence,0,bm25,0.730651418761608,0.7263022036433187,0.7028361580329575,0.7398275347715343,0.7398275347715343,0.7398275347715343,0.14387798006646335,0.17208458995446563,0.32427241606637836
wiki-1k_train,918270,bremen,1,l6,0.7426359183183564,0.7585233993803102,0.7186286326001353,0.7292330400778813,0.7547033778643125,0.7564511922106688,0.0004971690941601992,0.0309921451844275,0.18349818815477192
wiki-1k_train,83187,duke of aquitaine,0,bm25,0.7467033968463471,0.623069497755712,0.717070709058349,0.7347306969865673,0.6139006693866189,0.754811272692999,0.0048190460074692965,0.03784306603483856,0.18667398486286402
wiki-1k_train,9865,plymouth,0,bm25,0.7483264546828999,0.5185944957699313,0.27166864707298477,0.7353881765587329,0.5023146039439512,0.28596699691893135,0.001047477126121521,0.030833003111183643,0.1791704362258315
wiki-1k_train,122086,ian mcewan,0,bm25,0.8488591693307977,0.7854176544126239,0.7436314120063673,0.841435064026798,0.7827699073751235,0.7827699073751235,0.0018199621699750423,0.029651850229129195,0.1805011280812323
wiki-1k_train,11428,stephen king,1,l6,0.044641174180141116,0.7613452922981445,0.3967503548816521,0.0,0.7621414723103619,0.41763195250700225,0.021155085880309343,0.05009290180169046,0.1973854589741677
wiki-1k_train,314278,professional darts corporation,0,bm25,0.15393048714700036,0.10549635251585025,0.1404476055484719,0.11626320891643417,0.07208773630547806,0.14783958478786519,0.026934687979519367,0.05365402577444911,0.20656825392507017
wiki-1k_train,1062661,international wrestling revolution group,2,bge,0.22957552476836357,0.8023300100758431,0.8048190746173418,0.20525031196112625,0.8142695410489318,0.8471779732814124,0.0787144519854337,0.10840694000944495,0.2553629148751497
wiki-1k_train,503034,carnian,0,bm25,0.7777165810339585,0.7669744853338689,0.727749218013728,0.7660518084355032,0.7660518084355032,0.7660518084355032,2.8535956516861916e-05,0.00942082586698234,0.04371721390634775
wiki-1k_train,155036,tver oblast,0,bm25,0.9456147621119513,0.8857223839646087,0.870869512494914,0.942986576853057,0.8894865978618589,0.9167047499946464,0.0007745500188320875,0.03234128491021693,0.17406721599400043
wiki-1k_train,446428,bhutan,1,l6,0.6650852763354241,0.8440802851191882,0.4969174287652311,0.6475249522714213,0.8465397062099491,0.5230709776476117,0.00022423290647566319,0.03582036285661161,0.17676086793653667
wiki-1k_train,10976,ringo starr,0,bm25,0.688395688512801,0.28338739593038365,0.30619922410621747,0.6721790692801276,0.25444750204720706,0.32231497274338683,0.0005944040603935719,0.028412875020876527,0.17038733302615583
wiki-1k_train,20434,algonquian languages,0,bm25,0.8545941264228819,0.8261760610367979,0.8214329521680176,0.8513425135082666,0.8302368997044749,0.8646662654400186,0.016579895978793502,0.04976034490391612,0.19826428382657468
wiki-1k_train,3544,double bass,1,l6,0.20347095242080823,0.7546503894562409,0.6927713880739872,0.16498778973169592,0.7533380309923435,0.7292330400778813,0.01243775780312717,0.04195118090137839,0.19032833073288202
wiki-1k_train,25445,ellesmere island,0,bm25,0.9122575083583131,0.5449627631155932,0.7695153761580839,0.912277558625796,0.5336449985334122,0.810016185429562,0.018163471948355436,0.04946728888899088,0.2061139529105276
wiki-1k_train,717881,albert pyun,2,bge,0.5431668740238057,0.3617204890853698,0.8081196186224222,0.5200915717391879,0.3377862783504969,0.8506522301288655,0.0034216002095490694,0.03412409219890833,0.18593245721422136
wiki-1k_train,71381,faith no more,2,bge,0.049096472533118135,0.759837611269579,0.7698740876826827,0.0,0.7565439380786204,0.8103937765080871,0.0033351059537380934,0.03277469705790281,0.18456029705703259
wiki-1k_train,117555,new york metropolitan area,0,bm25,0.7189648245093496,0.7149188851355552,0.6927713880739872,0.7292330400778813,0.7292330400778813,0.7292330400778813,0.1622966299764812,0.18987903697416186,0.3408653028309345
wiki-1k_train,682338,fc dallas,1,l6,0.4901773509741896,0.809544857098081,0.8001272621992774,0.46482657752921686,0.8091280279258244,0.8422392233676604,0.005261898972094059,0.034110531909391284,0.18687078799121082
wiki-1k_train,245828,olympique lyonnais,1,l6,0.46056054151348896,0.7891010377673671,0.750752361713758,0.43224031243922356,0.7870011969173207,0.790265643909219,0.00024520489387214184,0.03094261372461915,0.18094885582104325
wiki-1k_train,35568,edmonton,1,l6,0.5059671062495193,0.8775109562149853,0.7881578936170957,0.4802268676384731,0.8794821227125812,0.8296398880179955,0.0009137589950114489,0.029415684984996915,0.1839156118221581
wiki-1k_train,20021,braunschweig,1,l6,0.7185175154118331,0.8385773534700728,0.7784043973964333,0.7037561389107907,0.8399112691609654,0.8193730498909825,0.00018242490477859974,0.033523485995829105,0.1794935828074813
wiki-1k_train,606000,cieszyn county,2,bge,0.7365417651509295,0.7291758299620237,0.7379515584613011,0.7292330400778813,0.7292330400778813,0.7767911141697906,0.025591829791665077,0.05585172865539789,0.20540432468988
wiki-1k_train,38408,bill murray,0,bm25,0.6069208223366191,0.14982334466150152,0.0,0.5886839361451678,0.11492318876927099,0.0,0.00927425711415708,0.037248419132083654,0.1991109410300851
wiki-1k_train,114257,kingdom of romania,1,l6,0.7395124709495591,0.777708787746598,0.6927713880739872,0.7292330400778813,0.7774430219068058,0.7292330400778813,0.012535687070339918,0.041781876934692264,0.1923290251288563
wiki-1k_train,332492,armoured warfare,1,l6,0.742232297733495,0.7599903623967448,0.6927713880739872,0.7292330400778813,0.7564511922106688,0.7292330400778813,0.002075748983770609,0.033261365024372935,0.19252329599112272
wiki-1k_train,15319,jagiellonian university,1,l6,0.32777961196650046,0.7680173343724482,0.7374196026153077,0.30612818669514397,0.7762311606476924,0.7762311606476924,0.0641630650497973,0.09545263089239597,0.24598317500203848
wiki-1k_train,229404,swiss air force,1,l6,0.25774058757827184,0.8186845696121742,0.7831212793454513,0.22961941387634557,0.8270559630031149,0.8243381887846856,0.046801354037597775,0.07660168898291886,0.22505291388370097
wiki-1k_train,5781,hawick,1,l6,0.4970104568603287,0.8634902742250107,0.817189273049286,0.4705690936315069,0.8679317555453852,0.8601992347887222,4.9452995881438255e-05,0.01809692708775401,0.0819244070444256
wiki-1k_train,20183,poitiers,1,l6,0.36466014068925395,0.7970175667382453,0.4250502482827498,0.3312824263203559,0.7956131204838925,0.44742131398184193,0.0002124400343745947,0.03219563700258732,0.18262059311382473
wiki-1k_train,9603,polish language,1,l6,0.8435010974545281,0.8582136816755536,0.8143618462774257,0.8399112691609654,0.8640162600754276,0.8572229960815008,0.017420358024537563,0.049727462232112885,0.19730355497449636
wiki-1k_train,192096,middle tennessee,0,bm25,0.7383853518572697,0.41352175119498524,0.6927713880739872,0.7292330400778813,0.39462994548677366,0.7292330400778813,0.01700694113969803,0.04411336500197649,0.19387597707100213
wiki-1k_train,79820,jewish philosophy,0,bm25,0.7909221145754368,0.7833111201415086,0.7436314120063673,0.7827699073751235,0.7827699073751235,0.7827699073751235,0.010371234035119414,0.03950624284334481,0.1914008022285998
wiki-1k_train,411516,greek resistance,0,bm25,0.8254346328488384,0.47457502414440667,0.40698755057873004,0.8192333515316295,0.458142605973879,0.42840794797761056,0.011003233026713133,0.04134554788470268,0.19392024702392519
wiki-1k_train,77789,mississauga,1,l6,0.43370492263913424,0.8452556531525796,0.7946432912589483,0.40396942914174944,0.8454367223157155,0.8364666223778403,0.00023817108012735844,0.028526528039947152,0.1803368788678199
wiki-1k_train,1313521,south los angeles,0,bm25,0.8656635672623343,0.813815200597039,0.8001272621992774,0.8719738813639288,0.8233640308534738,0.8422392233676604,0.06014236714690924,0.08696409408003092,0.23656452517025173
wiki-1k_train,388950,rivers state,1,l6,0.03191589065592412,0.7194573922877477,0.6927713880739872,0.0,0.7292330400778813,0.7292330400778813,0.10220142314210534,0.1317578600719571,0.2825724540743977
wiki-1k_train,109985,binghamton university,1,l6,0.46650028913661795,0.8202785612880324,0.8001272621992774,0.4508542696800987,0.8298982252709775,0.8422392233676604,0.05447141802869737,0.08358806697651744,0.23059091693721712
wiki-1k_train,1585,boston red sox,1,l6,0.5923924360204946,0.8078467983815774,0.7717435498902092,0.5764110133592938,0.8106138171170219,0.8123616314633781,0.01971119618974626,0.04640081222169101,0.18960268422961235
wiki-1k_train,264823,leeds rhinos,0,bm25,0.6088215459900503,0.1382137076863466,0.0,0.5886839361451678,0.10098988347696067,0.0,0.0016304580494761467,0.02942135906778276,0.1903880639001727
wiki-1k_train,22226,altai mountains,2,bge,0.7777535057016056,0.7872251090922724,0.8596035151400463,0.768945726925619,0.7872056637115799,0.9048458054105751,0.010277386056259274,0.03976364992558956,0.18720637308433652
wiki-1k_train,164723,piedmont triad,0,bm25,0.8429503316070996,0.8305748720595049,0.742776587827705,0.8348585458007433,0.8314368146211863,0.7818700924502158,0.0005892959889024496,0.033121920889243484,0.17826457391493022
wiki-1k_train,9041,nairobi,1,l6,0.8139977547088876,0.8948526207016277,0.842946013913183,0.804336208851421,0.8987771199719495,0.8873115935928243,0.0004492660518735647,0.03318663011305034,0.18466474302113056
wiki-1k_train,71649,east dunbartonshire,1,l6,0.8118679060134352,0.8524514622796692,0.8074827189321181,0.8103937765080871,0.8601992347887222,0.8499818094022296,0.03414134797640145,0.06284752790816128,0.2132186689414084
wiki-1k_train,88210,hampton roads,1,l6,0.25743849051083145,0.41333841260576765,0.23439093853178716,0.22372529669744207,0.39462994548677366,0.2467273037176707,0.02166972798295319,0.04911298817023635,0.21242576511576772
wiki-1k_train,128218,hungarian revolution of 1956,1,l6,0.3791807471320043,0.6227367174471935,0.5592497393379093,0.35029530205040144,0.6153804610584124,0.5886839361451678,0.013920960947871208,0.04592143697664142,0.19335796893574297
wiki-1k_train,212288,social liberalism,0,bm25,0.7470553662585571,0.7401081702285625,0.7028361580329575,0.7398275347715343,0.7398275347715343,0.7398275347715343,0.023249508813023567,0.05119012692011893,0.20109277172014117
wiki-1k_train,211013,england cricket team,1,l6,0.15500718356236431,0.8009606271780185,0.7509185260888689,0.12456157661624138,0.8103514541392864,0.7904405537777568,0.06431369413621724,0.09108360204845667,0.2413033831398934
wiki-1k_train,79,actinopterygii,0,bm25,0.7527911888549668,0.7406097775984106,0.7028361580329575,0.7398275347715343,0.7398275347715343,0.7398275347715343,2.401997335255146e-05,0.006530635990202427,0.026707151904702187
wiki-1k_train,438884,downtown calgary,1,l6,0.8477940920396655,0.869517246263735,0.7734793466737415,0.8408786400350713,0.8704923487493277,0.8141887859723596,0.004486626014113426,0.03212283900938928,0.2155754880513996
wiki-1k_train,1099352,greyhound racing in the united kingdom,2,bge,0.13839576364917391,0.2664231940843052,0.6952618486137686,0.10960699793469089,0.24996191667202022,0.7318545774881775,0.08108475198969245,0.10845378809608519,0.25772470887750387
wiki-1k_train,99045,puntland,1,l6,0.36346922990982894,0.9145265126174725,0.8017272717701965,0.3300044548865011,0.9217764407752884,0.843923443968628,5.1341019570827484e-05,0.016371029196307063,0.0733396359719336
wiki-1k_train,274498,sierra madre occidental,1,l6,0.4916696405341937,0.8057707316616481,0.7374196026153077,0.46537554458166686,0.8049425879459227,0.7762311606476924,0.0015832881908863783,0.032325664069503546,0.18110169912688434
wiki-1k_train,134029,parliament of england,0,bm25,0.23902026501468668,0.12994062578329846,0.1230818242705949,0.20487217334631352,0.09689890921500267,0.12955981502167885,0.02312903990969062,0.04995629587210715,0.20620367396622896
wiki-1k_train,35023,streatham,2,bge,0.3401802224090554,0.4218086445038982,0.47537625926236593,0.3054797622165089,0.4001709599030955,0.5003960623814379,9.250501170754433e-05,0.030243210960179567,0.18101539998315275
wiki-1k_train,2402726,tampa bay vipers,0,bm25,0.42031443020814074,0.25105952320276553,0.24585302398675504,0.3927363269149892,0.2222375949853211,0.2587926568281632,0.010654604993760586,0.038509229896590114,0.191280028084293
wiki-1k_train,13373,tristan da cunha,1,l6,0.5576885446470559,0.9027873138022241,0.45995522605873845,0.5352235812618628,0.9073822162574208,0.48416339585130364,0.002867283998057246,0.0341832481790334,0.18525915988720953
wiki-1k_train,2938,charles i of england,0,bm25,0.35278041322229897,0.2628489481680327,0.2832994827374783,0.3254281339617121,0.2377806055787942,0.29820998182892455,0.02628626790829003,0.05376805295236409,0.20612431992776692
wiki-1k_train,103786,president of colombia,2,bge,0.7361823388597889,0.7574906130189254,0.7791206848429096,0.7292330400778813,0.7587928550995602,0.820127036676747,0.02781051187776029,0.056399749824777246,0.2110358488280326
wiki-1k_train,88775,riemannian geometry,0,bm25,0.8400339042694568,0.5415317724969261,0.796451921322146,0.8319492935258079,0.5270925872946826,0.8383704434969959,0.0011665381025522947,0.03377960296347737,0.18346145213581622
wiki-1k_train,809,australian rules football,0,bm25,0.7852354420452938,0.7192926550426658,0.46664678765541784,0.784709726027253,0.7221745106188069,0.4912071449004399,0.042224404169246554,0.06917173718102276,0.2061980590224266
wiki-1k_train,1032451,english rugby union system,0,bm25,0.035324313983309444,0.029717670541701782,0.0,0.0,0.0,0.0,0.07026179600507021,0.09710434614680707,0.23938164091669023
wiki-1k_train,35036,twickenham,1,l6,0.19995393942506867,0.3663883727975619,0.3002821225280372,0.1579084322324807,0.3414097710708755,0.316086444766355,0.00021176901645958424,0.028503847075626254,0.1792489669751376
wiki-1k_train,89567,felix the cat,2,bge,0.7911120519312866,0.5577862126529344,0.863015459244413,0.7810327759256238,0.5445044640154939,0.9084373255204348,0.0030688829720020294,0.03352144593372941,0.17655823496170342
wiki-1k_train,170548,university of denver,1,l6,0.41203877022716534,0.7460387703987206,0.6927713880739872,0.39462994548677366,0.7522350470981098,0.7292330400778813,0.060273346956819296,0.08710571797564626,0.23435014090500772
wiki-1k_train,22672,epiphyte,0,bm25,0.7427406100564788,0.7346814840778398,0.6927713880739872,0.7292330400778813,0.7292330400778813,0.7292330400778813,0.0001397810410708189,0.03674100199714303,0.22707934491336346
wiki-1k_train,82044,the wall street journal,1,l6,0.04120893254409622,0.7483242787543984,0.7143564278656253,0.0,0.7519541345953951,0.7519541345953951,0.03596124495379627,0.06558202905580401,0.20453286892734468
wiki-1k_train,123639,daraa,1,l6,0.4955138219944527,0.827516256835906,0.7821958293108,0.4690020714559607,0.8298982252709775,0.8233640308534738,3.143702633678913e-05,0.008972309064120054,0.04120631003752351
wiki-1k_train,20906,lepidoptera,1,l6,0.2905951305080726,0.4863477091617013,0.3921851767744719,0.25328511171912094,0.4678226704058239,0.4128265018678652,9.849597699940205e-05,0.030950637999922037,0.19143553683534265
wiki-1k_train,7769,lusitania,0,bm25,0.6047545505412906,0.12315347526320145,0.12586523534981642,0.5839847115317984,0.08899422667526374,0.13248972142085938,7.541012018918991e-05,0.027776498114690185,0.12192257214337587
wiki-1k_train,385089,eerste divisie,1,l6,0.4484931746287132,0.8106653193375746,0.7666526950820605,0.4197978591264418,0.8114473607486276,0.8070028369284847,0.0010336199775338173,0.03352352580986917,0.16417530993930995
wiki-1k_train,24704,columbidae,0,bm25,0.04995216502472344,0.034305473827211906,0.0,0.0,0.0,0.0,1.940201036632061e-05,0.006365747191011906,0.02028015092946589
wiki-1k_train,2266,cenozoic,0,bm25,0.7643253930044986,0.7558629183645554,0.7409515865173615,0.7519541345953951,0.7519541345953951,0.779949038439328,0.00011743488721549511,0.03213915880769491,0.1891983449459076
wiki-1k_train,677582,hillary clinton,0,bm25,0.04955319820823118,0.04152210210270882,0.0,0.0,0.0,0.0,0.0015807619784027338,0.029994370881468058,0.17689745291136205
wiki-1k_train,90428,woody woodpecker,0,bm25,0.8984428582772194,0.5565843707605738,0.4833750057378173,0.8934168512673035,0.5426013305245729,0.5088157955134919,0.0011126839090138674,0.0326184700243175,0.1835200961213559
wiki-1k_train,9454,oakland athletics,1,l6,0.24221730075067754,0.2609341728686345,0.217528306047737,0.20487217334631352,0.23209032547910108,0.2289771642607758,0.009242971194908023,0.036613785196095705,0.19166237022727728
wiki-1k_train,211320,lake district national park,0,bm25,0.030379667649562653,0.025495593187410195,0.0,0.0,0.0,0.0,0.11618718109093606,0.14510956802405417,0.2960887181106955
wiki-1k_train,161909,dnipropetrovsk oblast,2,bge,0.4567506804213574,0.7841368443891071,0.7884033140074286,0.42840794797761056,0.7827699073751235,0.8298982252709775,0.0008788038976490498,0.035225471714511514,0.18550329585559666
wiki-1k_train,1964,chemistry,1,l6,0.04930389726311123,0.7342632866684253,0.6927713880739872,0.0,0.7292330400778813,0.7292330400778813,0.0025575358886271715,0.031259429873898625,0.1837039098609239
wiki-1k_train,115785,buffalo soldier,0,bm25,0.7914634317526856,0.784287658605632,0.7436314120063673,0.7827699073751235,0.7827699073751235,0.7827699073751235,0.008272392908111215,0.035653091967105865,0.19078570697456598
wiki-1k_train,409207,local government in the republic of ireland,1,l6,0.22203757650115413,0.7434665825457002,0.7143564278656253,0.19746916426257816,0.7519541345953951,0.7519541345953951,0.0808482258580625,0.10855462588369846,0.25982630369253457
wiki-1k_train,232564,british indian army,0,bm25,0.8201763694991326,0.4699508957004129,0.7396119820903394,0.8224686995656383,0.46005360429920805,0.7785389285161468,0.05204891902394593,0.07968899211846292,0.2330083621200174
wiki-1k_train,9137,new orleans saints,1,l6,0.7480055166632669,0.7654092388622928,0.6927713880739872,0.7533380309923435,0.7767911141697906,0.7292330400778813,0.09904453298076987,0.12638641777448356,0.2803314388729632
wiki-1k_train,9492,oxford english dictionary,1,l6,0.4558399247512418,0.7752387881249557,0.748718162034262,0.43324238610387966,0.7772360519436531,0.7881243810886969,0.023156300885602832,0.05298790382221341,0.20169791881926358
wiki-1k_train,497039,primera b nacional,0,bm25,0.7979731746030664,0.7774750965271227,0.7143564278656253,0.7939464903612943,0.779949038439328,0.7519541345953951,0.02387071098200977,0.05125778308138251,0.19017482711933553
wiki-1k_train,78081,nfl europe,0,bm25,0.8015564408854238,0.7963346327137445,0.7603414661853767,0.7956131204838925,0.797641663871441,0.8003594380898702,0.015889164060354233,0.04245366505347192,0.18579369108192623
wiki-1k_train,2070217,nintendo switch,1,l6,0.8034767211167386,0.81870857927172,0.7240343986948438,0.7946566988903156,0.819086098084685,0.7621414723103619,0.0049581320490688086,0.03228536807000637,0.17130762594752014
wiki-1k_train,77289,oviedo,1,l6,0.42485171185916004,0.7595699679983712,0.37489844821243495,0.39462994548677366,0.7564511922106688,0.39462994548677366,0.00015440699644386768,0.02992790611460805,0.16518939286470413
wiki-1k_train,7611,larry niven,2,bge,0.1606192945630482,0.19940190581597347,0.40698755057873004,0.1169082244349629,0.1656852072202793,0.42840794797761056,0.0016291409265249968,0.029382225824519992,0.1836609267629683
wiki-1k_train,235972,hallmark channel,1,l6,0.7804639529316454,0.8283953551651254,0.7493888114985768,0.7712280947988215,0.8302368997044749,0.7888303278932388,0.008293193997815251,0.03889079694636166,0.18824747391045094
wiki-1k_train,19574,sussex,1,l6,0.8341607062313899,0.8763603708240609,0.8649477827594481,0.8258107533957808,0.8784992433149995,0.9104713502731032,0.0013146798592060804,0.030037210788577795,0.18284355197101831
wiki-1k_train,70946,opus number,1,l6,0.733136797752512,0.752434089196294,0.7467104568707302,0.7292330400778813,0.7564511922106688,0.7860110072323476,0.042924121022224426,0.07215008814819157,0.22276048897765577
wiki-1k_train,956,arabian sea,0,bm25,0.7395723930025534,0.7316119830590987,0.6927713880739872,0.7292330400778813,0.7292330400778813,0.7292330400778813,0.012098546139895916,0.042204684112221,0.18909916817210615
wiki-1k_train,179671,kranj,1,l6,0.7770769700762133,0.8170675440236986,0.8120437639781741,0.7653762474755381,0.8192333515316295,0.8547829094507097,4.73889522254467e-05,0.017428262159228325,0.07777599291875958
wiki-1k_train,11448,scotland,0,bm25,0.6484310069789192,0.21030455418051563,0.14785916735223614,0.6314411661674039,0.1780321598283387,0.1556412287918275,0.005392458057031035,0.03309491206891835,0.18748538894578815
wiki-1k_train,805510,wexford senior hurling championship,1,l6,0.5102249943185022,0.8848802064264487,0.8037754836493705,0.49211767018855496,0.8934023661116092,0.8460794564730216,0.030259542167186737,0.05752276303246617,0.20763280102983117
wiki-1k_train,36957,piraeus,0,bm25,0.7935941797489603,0.7843729014456349,0.7436314120063673,0.7827699073751235,0.7827699073751235,0.7827699073751235,0.00013470090925693512,0.03349594888277352,0.18089275085367262
wiki-1k_train,228293,northern thailand,1,l6,0.604926876386993,0.6340657308469334,0.5955341270945407,0.5886839361451678,0.6268780285205692,0.6268780285205692,0.01718019088730216,0.04557841387577355,0.19871311075985432
wiki-1k_train,23327,toshiba,0,bm25,0.777720979622609,0.7695080939858678,0.727749218013728,0.7660518084355032,0.7660518084355032,0.7660518084355032,0.00010308600030839443,0.030084735015407205,0.18252810486592352
wiki-1k_train,19017,alsace,1,l6,0.8090381454716358,0.8143655457862248,0.7186286326001353,0.7990731186744062,0.8134646153576117,0.7564511922106688,0.0003058928996324539,0.031695656944066286,0.18808606290258467
wiki-1k_train,344485,public university,1,l6,0.03372850420414333,0.7213218472196172,0.6927713880739872,0.0,0.7292330400778813,0.7292330400778813,0.08375920285470784,0.11041372385807335,0.2573801570106298
wiki-1k_train,1558158,mahayana,2,bge,0.19404292751021585,0.16401616115693843,0.4029802724830298,0.1516475513271569,0.12955981502167885,0.4241897605084525,8.02918802946806e-05,0.03272008174099028,0.18046160181984305
wiki-1k_train,76587,super furry animals,1,l6,0.7950447854529271,0.8555004527320214,0.7640336057703594,0.788133793514558,0.8601992347887222,0.8042459008109046,0.014400603948161006,0.04571198206394911,0.19553719204850495
wiki-1k_train,26910,mysore,1,l6,0.7063728487987204,0.8739021795045614,0.8288051709538732,0.6910275333982344,0.8775629180406226,0.8724264957409191,0.000364948995411396,0.03455830900929868,0.17663164716213942
wiki-1k_train,1148665,2015 pan american games,1,l6,0.7515026619198212,0.8044250012593517,0.7956911259584704,0.7564511922106688,0.8176587059105442,0.8375696062720741,0.08769568800926208,0.11444992711767554,0.25603129202499986
wiki-1k_train,1932345,indian super league,1,l6,0.33066908540501727,0.7599310925959202,0.7290666194196518,0.3035052708721371,0.7621414723103619,0.7674385467575282,0.03221433190628886,0.059304687893018126,0.21025101304985583
wiki-1k_train,555050,maltese people,1,l6,0.7804642071984405,0.7878363983948307,0.7482312195919536,0.7774430219068058,0.7917012873320408,0.7876118100967933,0.03614760283380747,0.0636737197637558,0.22294993698596954
wiki-1k_train,121447,cambuslang,1,l6,0.5101575097744009,0.8244512952012518,0.7680715937239241,0.4844045528067781,0.8290456601083888,0.8084964144462359,4.9622030928730965e-05,0.02431949507445097,0.0925252758897841
wiki-1k_train,73560,voivode,1,l6,0.049962000227863686,0.19050625198625176,0.0,0.0,0.1579084322324807,0.0,0.0001443659421056509,0.036117378855124116,0.18995632603764534
wiki-1k_train,151629,carpathian ruthenia,1,l6,0.5315288789653191,0.8992662636147486,0.8528915206234834,0.5069551444707004,0.9030603925237285,0.8977805480247194,0.00028742197901010513,0.031635448802262545,0.1830520119983703
wiki-1k_train,23266,penang,1,l6,0.5601342904880197,0.9102000890467975,0.8301631128657742,0.5370513889161443,0.9144030778483005,0.8738559082797623,0.00023401714861392975,0.030763368122279644,0.1813271651044488
wiki-1k_train,4647,frank capra,1,l6,0.3333155423424621,0.43706682160388266,0.39696700183677996,0.29969257088441825,0.41786000193345263,0.41786000193345263,0.0051314691081643105,0.0364855423104018,0.1842670610640198
wiki-1k_train,101622,brandenburg prussia,0,bm25,0.25010553685399334,0.20009267815953097,0.0,0.21100863473925052,0.16738288678587748,0.0,0.001284850062802434,0.03250164515338838,0.1821623749565333
wiki-1k_train,112935,callichthyidae,0,bm25,0.7777331374503771,0.7741202086070076,0.727749218013728,0.7660518084355032,0.7660518084355032,0.7660518084355032,1.8073013052344322e-05,0.004078658996149898,0.05619521113112569
wiki-1k_train,27673,kumbakonam,1,l6,0.8578131321298049,0.8809911003074808,0.8137804153533668,0.8503566748913787,0.8853146120576745,0.8566109635298598,8.60861036926508e-05,0.033678269013762474,0.16742395027540624
wiki-1k_train,18788,ames research center,1,l6,0.5023950097211762,0.8160006975283449,0.7640336057703594,0.4856154063572433,0.8223096453971371,0.8042459008109046,0.03942215512506664,0.06700046919286251,0.22049106820486486
wiki-1k_train,32955,bananarama,1,l6,0.8119517266892436,0.8434264099976587,0.4134115358818983,0.8020882299557058,0.8471779732814124,0.43517003777041924,4.9445778131484985e-05,0.017553384881466627,0.07703810068778694
wiki-1k_train,242902,eastern shore of virginia,2,bge,0.2823445842436066,0.5177269136181324,0.7821958293108,0.25025842871902654,0.5054655156124666,0.8233640308534738,0.021633907221257687,0.0499310411978513,0.20027972129173577
wiki-1k_train,90776,the all american rejects,1,l6,0.6060583474208711,0.6561039354057436,0.6210396541950325,0.5942566357917078,0.6537259517842448,0.6537259517842448,0.03747574286535382,0.06596311600878835,0.22082337294705212
wiki-1k_train,105401,landgraviate of hesse kassel,0,bm25,0.8499394921637952,0.8236850142098918,0.7755275585529154,0.8422392233676604,0.8233640308534738,0.8163447984767531,0.0006911070086061954,0.03132493398152292,0.18403016403317451
wiki-1k_train,843489,jihadism,1,l6,0.7935836649272419,0.8171094642302453,0.7436314120063673,0.7827699073751235,0.8163447984767531,0.7827699073751235,0.00017336406745016575,0.030565117252990603,0.1815441600047052
wiki-1k_train,18207,cathedral,1,l6,0.049189206779098125,0.44828721961569273,0.1574009468592653,0.0,0.42840794797761056,0.1656852072202793,0.003032905049622059,0.03254501521587372,0.1870332022663206
wiki-1k_train,36683,eastern bloc,0,bm25,0.7398633667767541,0.7318102901663353,0.6927713880739872,0.7292330400778813,0.7292330400778813,0.7292330400778813,0.011692069936543703,0.04407048993743956,0.2010313670616597
wiki-1k_train,15712,nvidia,1,l6,0.7818998542428652,0.8301274600513069,0.8217066961734824,0.7704532898203513,0.8304559201059316,0.8649544170247183,0.00011133309453725815,0.0318598379381001,0.18090536817908287
wiki-1k_train,14076,wim wenders,2,bge,0.4728355289985107,0.805568219369607,0.8230750141981082,0.44513560654488415,0.8049425879459227,0.8663947517874824,0.0001539001241326332,0.03244280512444675,0.17772518331184983
wiki-1k_train,9681,philology,0,bm25,0.7426395261373965,0.7350276884177402,0.6927713880739872,0.7292330400778813,0.7292330400778813,0.7292330400778813,0.0005030541215091944,0.029542263131588697,0.19075031601823866
wiki-1k_train,219237,ascot racecourse,0,bm25,0.742625748519149,0.7349916558649745,0.6927713880739872,0.7292330400778813,0.7292330400778813,0.7292330400778813,0.0005401300732046366,0.028852514224126935,0.1854338520206511
wiki-1k_train,1031987,television in the philippines,0,bm25,0.7596891251757008,0.42632698135915964,0.3885170920490033,0.7519541345953951,0.40896536005158246,0.40896536005158246,0.01838071900419891,0.048006956931203604,0.19690943812020123
wiki-1k_train,6502,jersey,1,l6,0.19616986323749772,0.4303169007925106,0.3091567272636265,0.1550301528081101,0.40942425324896603,0.3254281339617121,0.004055605968460441,0.03158851992338896,0.1828856449574232
wiki-1k_train,106031,archibald prize,2,bge,0.5419231354771938,0.7982588046621251,0.8305495823003012,0.5199230360116103,0.797641663871441,0.8742627182108433,0.0075892978347837925,0.03598466096445918,0.18937748298048973
wiki-1k_train,225142,welsh rugby union,0,bm25,0.13757881090275056,0.12011825133035364,0.0,0.09689890921500267,0.08660499091446228,0.0,0.016244339989498258,0.04412679607048631,0.18149480619467795
wiki-1k_train,15420,fidel castro,0,bm25,0.6823957521545808,0.6153072905864592,0.11303731324445669,0.6659396630861905,0.6036291654920813,0.11898664552048073,0.0008941511623561382,0.02947729523293674,0.18105520005337894
wiki-1k_train,84194,conceptual art,0,bm25,0.7579125060777541,0.7514215188476024,0.7143564278656253,0.7519541345953951,0.7519541345953951,0.7519541345953951,0.027193351881578565,0.05458531994372606,0.21100001502782106
wiki-1k_train,133570,south africa national rugby union team,0,bm25,0.6520663460422415,0.2566709679466862,0.3921851767744719,0.6580654697576563,0.24658787729751724,0.4128265018678652,0.14116345695219934,0.1686168301384896,0.3056035079061985
wiki-1k_train,6815,jet propulsion laboratory,1,l6,0.04855453690464542,0.11001599500062431,0.06945313981691058,0.0,0.07310856822832693,0.07310856822832693,0.005381518974900246,0.03513488103635609,0.18615207099355757
wiki-1k_train,1357000,las estrellas,0,bm25,0.7771825952374886,0.768626605861452,0.39696700183677996,0.7660518084355032,0.7660518084355032,0.41786000193345263,0.002056205878034234,0.03310486185364425,0.18144398392178118
wiki-1k_train,205081,broadway theatre,1,l6,0.7614204939222331,0.8308815047330078,0.802947926427725,0.7515059469329017,0.8324731747149159,0.8452083436081316,0.009492625948041677,0.03769591008313,0.1890844078734517
wiki-1k_train,15850,university of glasgow,1,l6,0.5861766079149991,0.8037697609295467,0.7240343986948438,0.5764110133592938,0.8114473607486276,0.7621414723103619,0.05347321112640202,0.08013696409761906,0.234246940119192
wiki-1k_train,197853,kingdom of saxony,0,bm25,0.7857546958883481,0.7628158610516378,0.7290666194196518,0.7774430219068058,0.7621414723103619,0.7674385467575282,0.010720198974013329,0.04270507302135229,0.19033261900767684
wiki-1k_train,14293,wellington,1,l6,0.3610499062634806,0.7886971952359484,0.32138177935992274,0.3277697968506034,0.7862464632248243,0.3382966098525503,0.00120048807002604,0.02983805607073009,0.1811233211774379
wiki-1k_train,457924,college of justice,1,l6,0.04094273710611213,0.7783109645773945,0.7436314120063673,0.0,0.7827699073751235,0.7827699073751235,0.03940523718483746,0.06665433826856315,0.21753391530364752
wiki-1k_train,128345,newry,1,l6,0.7424338679305726,0.7995211950054382,0.727749218013728,0.7289016198703616,0.797641663871441,0.7660518084355032,8.234987035393715e-05,0.029925084905698895,0.18161983485333622
wiki-1k_train,1407356,greek mythology,1,l6,0.24272337753762285,0.6623506325700727,0.1230818242705949,0.20487217334631352,0.6555461570818661,0.12955981502167885,0.006840874208137393,0.03740824619308114,0.17953286739066243
wiki-1k_train,103335,lecco,0,bm25,0.8234513056049184,0.4709046265098551,0.7884033140074286,0.8141887859723596,0.45565422603204897,0.8298982252709775,5.158502608537674e-05,0.022014576010406017,0.09198120515793562
wiki-1k_train,23918,boston university,1,l6,0.7082699464382365,0.7921638651821761,0.742825453497245,0.7032959651039772,0.796998361779207,0.7819215299971001,0.054753809003159404,0.08320093411020935,0.27762186992913485
wiki-1k_train,269840,parliament of victoria,0,bm25,0.7503004146883477,0.7425602564522975,0.7028361580329575,0.7398275347715343,0.7398275347715343,0.7398275347715343,0.009516296908259392,0.03856404894031584,0.18764314078725874
wiki-1k_train,161933,namie amuro,0,bm25,0.7138633272629602,0.7101726546708942,0.3531362776904938,0.6988279737074585,0.7033809435134024,0.3717223975689409,7.857196033000946e-05,0.027170746820047498,0.1689882450737059
wiki-1k_train,20681,u2,1,l6,0.4673452038018967,0.8431447096795365,0.8219626644229789,0.43938618288297815,0.8431290436969756,0.8652238572873463,0.00026106485165655613,0.02851383574306965,0.18212995771318674
wiki-1k_train,90437,greek war of independence,0,bm25,0.1671629953744357,0.0318621068724669,0.06848334949020415,0.1360218232525521,0.0,0.07208773630547806,0.06020930898375809,0.09057006612420082,0.24967085616663098
wiki-1k_train,114728,bacolod,2,bge,0.8308247919653061,0.5631788240640777,0.8530401176257502,0.8219428968787836,0.5517063183077824,0.8979369659218424,5.07100485265255e-05,0.026473117992281914,0.12096822587773204
wiki-1k_train,129948,irish army,1,l6,0.45178618516318586,0.7814580324548451,0.7436314120063673,0.42840794797761056,0.7827699073751235,0.7827699073751235,0.020850585075095296,0.04879912594333291,0.20043376507237554
wiki-1k_train,126860,maghreb,2,bge,0.049968769553853126,0.041185510008190464,0.6927713880739872,0.0,0.0,0.7292330400778813,0.00011314498260617256,0.031934072030708194,0.18114531901665032
wiki-1k_train,9765,pythonidae,0,bm25,0.049931596268517724,0.03949027385365265,0.0,0.0,0.0,0.0,2.428400330245495e-05,0.003731057047843933,0.017750496044754982
wiki-1k_train,2113,chile,0,bm25,0.73642571459799,0.38131126727131,0.3004182165078524,0.7229530862331335,0.35703572894722646,0.31622970158721303,0.001377201173454523,0.028553497279062867,0.18134558107703924
wiki-1k_train,748790,serbian superliga,2,bge,0.7116961572362906,0.8066708539933474,0.8175430326276876,0.6969359679316052,0.8063509291914694,0.8605716132923027,0.0013266010209918022,0.03160293004475534,0.1687734741717577
wiki-1k_train,17645,raphael,1,l6,0.1183713106175194,0.3316319789696574,0.08227474136873916,0.07208773630547806,0.3053881776200696,0.08660499091446228,0.0004092259332537651,0.03099829889833927,0.18262676312588155
wiki-1k_train,120677,spencer gulf,0,bm25,0.769960026359795,0.3298017804547475,0.7240343986948438,0.7587928550995602,0.3035974700437556,0.7621414723103619,0.0032530089374631643,0.03137904894538224,0.1821014320012182
wiki-1k_train,108913,harghita county,0,bm25,0.8844935360725099,0.8213938104678797,0.83140320586494,0.8843715804982171,0.8258771208452139,0.8751612693315158,0.022360994014889002,0.05211257399059832,0.19755394221283495
wiki-1k_train,88958,morelos,1,l6,0.446729699683721,0.7582107013760186,0.7290666194196518,0.41763195250700225,0.7547033778643125,0.7674385467575282,7.569300942122936e-05,0.03209275007247925,0.18322993000037968
wiki-1k_train,15351,governor general of canada,2,bge,0.766289046806751,0.7854264918207388,0.7952357863502652,0.7660518084355032,0.792748333348748,0.8370903014213318,0.05375613202340901,0.08295218809507787,0.2345345939975232
wiki-1k_train,396742,music education,1,l6,0.036971194613823,0.4272025825129129,0.2847079423401973,0.0,0.41786000193345263,0.29969257088441825,0.05903749098069966,0.08955861208960414,0.2265652499627322
wiki-1k_train,182986,downtown seattle,1,l6,0.24773643826028638,0.7850717935736335,0.7436314120063673,0.20939033246951788,0.7827699073751235,0.7827699073751235,0.0044364959467202425,0.03206301177851856,0.18729229597374797
wiki-1k_train,10946,real time computing,0,bm25,0.030869110534633672,0.025629369057770815,0.0,0.0,0.0,0.0,0.10332014807499945,0.1316184070892632,0.2700348780490458
wiki-1k_train,35538,london borough of bromley,2,bge,0.8114462939319311,0.8006930586686768,0.8197676123721342,0.8070028369284847,0.8029133596932372,0.862913276181194,0.021091881906613708,0.04891607980243862,0.2025572108104825
wiki-1k_train,14314,world trade organization,1,l6,0.03387784256965607,0.7718094735225085,0.7436314120063673,0.0,0.7827699073751235,0.7827699073751235,0.08135605999268591,0.1101184468716383,0.25231133098714054
wiki-1k_train,479034,edmund goulding,0,bm25,0.79322693042343,0.33417912031152314,0.32249697400389116,0.7827699073751235,0.30805162035422845,0.3394704989514644,0.0014603370800614357,0.030579728074371815,0.18051960109733045
wiki-1k_train,22120,hanna barbera,2,bge,0.7339591633701561,0.7935275605181689,0.7981649505317655,0.720086626962289,0.7917012873320408,0.8401736321387006,0.0004251040518283844,0.02965165814384818,0.17262093094177544
wiki-1k_train,488649,british classic races,2,bge,0.13355771217820156,0.0351037234900158,0.15001301062085665,0.09689890921500267,0.0,0.1579084322324807,0.03818720183335245,0.06695271586067975,0.2247297028079629
wiki-1k_train,7022,kansas city royals,1,l6,0.46286439560550585,0.7983064855132784,0.77486610215713,0.4482947514229148,0.8070028369284847,0.8156485285864528,0.06532007502391934,0.092072136932984,0.25092959008179605
wiki-1k_train,133309,mumbai suburban railway,0,bm25,0.8614131861157533,0.8390749194389314,0.7755275585529154,0.8569389219551033,0.8425628606360388,0.8163447984767531,0.010363094042986631,0.043946210062131286,0.19342865701764822
wiki-1k_train,37830,mayor,0,bm25,0.04864275822646076,0.04064123816354013,0.0,0.0,0.0,0.0,0.004887560149654746,0.03370181517675519,0.18005488207563758
wiki-1k_train,102670,caryophyllaceae,2,bge,0.3377906452988949,0.19103225188511058,0.5547854759552084,0.3029884533505275,0.16117024649330172,0.5839847115317984,2.3206928744912148e-05,0.005793643882498145,0.023981341859325767
wiki-1k_train,233552,fawcett comics,1,l6,0.34168635366115585,0.7848771292379952,0.7695153761580839,0.30805162035422845,0.7827699073751235,0.810016185429562,0.0035701801534742117,0.03246580623090267,0.18542813323438168
wiki-1k_train,92119,american hockey league,0,bm25,0.11307598596724973,0.03272144343365516,0.0,0.07855756257578417,0.0,0.0,0.054478072095662355,0.08147195912897587,0.2357603160198778
wiki-1k_train,79532,tulane university,2,bge,0.3291046478329944,0.725704470387489,0.7571484436902466,0.3053881776200696,0.7292330400778813,0.796998361779207,0.05064546689391136,0.07847762177698314,0.22991152596659958
wiki-1k_train,146760,bilateralism,1,l6,0.42478270307453025,0.7327646222281474,0.6927713880739872,0.39462994548677366,0.7292330400778813,0.7292330400778813,0.0004065530374646187,0.03514861292205751,0.17562423995696008
wiki-1k_train,15425,cannabis,1,l6,0.2691178722430748,0.40060351972315006,0.31960441026701236,0.2307200799482138,0.378089955612364,0.33642569501790776,0.0002251549158245325,0.029186666710302234,0.17004705895669758
wiki-1k_train,8877,north sea,2,bge,0.7531744161110693,0.7791760001937307,0.7988069548047431,0.7513207763833594,0.7860110072323476,0.8408494261102559,0.04477017209865153,0.07419629418291152,0.211572834989056
wiki-1k_train,448,andrew jackson,1,l6,0.15320374180901444,0.352161527882814,0.06848334949020415,0.11055148546612087,0.3277697968506034,0.07208773630547806,0.006906677968800068,0.034984681056812406,0.18972624279558659
wiki-1k_train,1117181,african american neighborhood,0,bm25,0.7836711639832314,0.777655247899225,0.7436314120063673,0.7827699073751235,0.7827699073751235,0.7827699073751235,0.045006381114944816,0.07218990218825638,0.22593002207577229
wiki-1k_train,132661,hokkaido railway company,0,bm25,0.7847049277888929,0.7782412296818917,0.7436314120063673,0.7827699073751235,0.7827699073751235,0.7827699073751235,0.039356339955702424,0.06785440188832581,0.2204470371361822
wiki-1k_train,2473,columbia university,1,l6,0.5860595150409421,0.8076873780553547,0.7862800220068308,0.5764110133592938,0.8156485285864528,0.827663181059822,0.054791487054899335,0.08162796916440129,0.2375844931229949
wiki-1k_train,164285,hellboy,1,l6,0.841259531111372,0.8889590461792987,0.8115893252349248,0.8329377546380594,0.8947600582304176,0.8543045528788682,4.41940501332283e-05,0.015602577943354845,0.07051688083447516
wiki-1k_train,11145,rijksmuseum,1,l6,0.6391230533598683,0.7796782064834251,0.7771383219963415,0.6201549580251001,0.779949038439328,0.8180403389435174,5.7440949603915215e-05,0.026806307956576347,0.11889206198975444
wiki-1k_train,1407349,the jackson 5,1,l6,0.12603265106402978,0.21152542265167765,0.10758682662874619,0.08899422667526374,0.18544727254559895,0.1132492911881539,0.036848512943834066,0.06341874902136624,0.21645383280701935
wiki-1k_train,9379,old testament,1,l6,0.04368144863753551,0.7290972747324188,0.1792454728117847,0.0,0.7292330400778813,0.18867944506503656,0.025573834078386426,0.055344886146485806,0.2023710231296718
wiki-1k_train,1909580,scottish league two,1,l6,0.2429650731247499,0.7184521116420536,0.6927713880739872,0.22372529669744207,0.7292330400778813,0.7292330400778813,0.10880675609223545,0.135184793965891,0.27793753310106695
wiki-1k_train,111964,csx transportation,1,l6,0.1530631718827331,0.2531348067830649,0.1960617381871835,0.11055148546612087,0.22372529669744207,0.20638077703914054,0.007270117057487369,0.03486940707080066,0.185392240062356
wiki-1k_train,10329,porsche,1,l6,0.9184515420729915,0.9474774166332351,0.8710278381837779,0.9142364192284438,0.9538072727800596,0.9168714086145031,0.00026321690529584885,0.031127552036195993,0.18014687788672745
wiki-1k_train,18137,arecaceae,2,bge,0.7276176584461533,0.7251210824631361,0.7698338814323221,0.7133418167363828,0.7233462918856604,0.8103514541392864,2.7927104383707047e-05,0.005900772986933589,0.024468504125252366
wiki-1k_train,13676,2000 united states presidential election,0,bm25,0.027764843727351114,0.02346916653422842,0.0,0.0,0.0,0.0,0.14511812897399068,0.17315393988974392,0.3263258580118418
wiki-1k_train,26442,norman conquest of england,1,l6,0.045515663251804596,0.3203084545779171,0.07462968444699496,0.0,0.29820998182892455,0.07855756257578417,0.017982297111302614,0.05209433217532933,0.20050119026564062
wiki-1k_train,6326,irish civil war,2,bge,0.4667142624718753,0.472089058092292,0.8052585215616948,0.4500969231524111,0.4622019700060365,0.8476405490123103,0.04846354806795716,0.07575204223394394,0.22276325803250074
wiki-1k_train,75046,the cult,1,l6,0.04969793450800575,0.21630858799405633,0.0,0.0,0.18405800663822208,0.0,0.0011402489617466927,0.03226174088194966,0.18874200992286205
wiki-1k_train,746557,islam,0,bm25,0.664498550477568,0.3671142038520695,0.6030502942092953,0.6476230022084469,0.34329972515463125,0.6347897833782057,0.0027668902184814215,0.03357833414338529,0.18612163234502077
wiki-1k_train,11138,rhodesia,1,l6,0.4719162628545889,0.8015483271804503,0.2672190273703269,0.4442052741876672,0.8003469789900088,0.28128318670560726,0.0002873761113733053,0.03204587707296014,0.18246652907691896
wiki-1k_train,15463,hesse,1,l6,0.153995529443042,0.8626814259122949,0.746934140063583,0.10960699793469089,0.8642786230531629,0.7862464632248243,0.0004760830197483301,0.03043908905237913,0.18154672114178538
wiki-1k_train,22402,paramaribo,0,bm25,0.7855186444774732,0.7648647458086254,0.7355440554817241,0.7742569005070781,0.7638926286889938,0.7742569005070781,6.291992031037807e-05,0.0268240999430418,0.12380447401665151
wiki-1k_train,23936,leicestershire,1,l6,0.26637134390546163,0.7658731088237427,0.7437529537133212,0.22787418036654214,0.7621414723103619,0.7828978460140223,0.00039891782216727734,0.029833778738975525,0.18277612491510808
wiki-1k_train,32442,doris lessing,1,l6,0.23921062451945244,0.7778443040899996,0.7290666194196518,0.20187478776506568,0.7774430219068058,0.7674385467575282,0.00956084206700325,0.03989809309132397,0.18597792810760438
wiki-1k_train,7607,lake champlain,2,bge,0.4727997928038263,0.48345223205232896,0.8103836954637661,0.4473184354059925,0.4662930104931453,0.8530354689092275,0.008184127043932676,0.036216048058122396,0.1900879789609462
wiki-1k_train,103543,huntingdon,1,l6,0.17509869556004493,0.8111244801850075,0.3245451858830651,0.13173883416331533,0.810016185429562,0.341626511455858,0.0001904729288071394,0.03004383109509945,0.179026358993724
wiki-1k_train,1900776,bengaluru fc,2,bge,0.6241572809143333,0.7024010362425746,0.7887250547192511,0.6051615661593538,0.695829034897346,0.8302368997044749,0.002833722159266472,0.03279730211943388,0.1898750881664455
wiki-1k_train,1973651,grand duchy of baden,1,l6,0.810201403253035,0.8217456151478001,0.7290666194196518,0.8029133596932372,0.8233489860102374,0.7674385467575282,0.00984015385620296,0.04001540574245155,0.19171955971978605
wiki-1k_train,7276,latvia,1,l6,0.42879377219482695,0.8417107064257797,0.4226075994078003,0.39888373576273095,0.8419214464850568,0.4448501046397898,0.0005410660523921251,0.030118454014882445,0.1855803281068802
wiki-1k_train,1387,american league championship series,2,bge,0.24537445880991143,0.2401329499160563,0.2672190273703269,0.22372529669744207,0.22372529669744207,0.28128318670560726,0.08909257291816175,0.11629858100786805,0.25952458195388317
wiki-1k_train,5590,herodotus,2,bge,0.11844155809038834,0.19831612304371404,0.6927713880739872,0.07208773630547806,0.1659049302756885,0.7292330400778813,0.00014697294682264328,0.03268380602821708,0.1758411389309913
wiki-1k_train,9780,polygonaceae,0,bm25,0.7885185317799908,0.7586935909387074,0.7385708708114654,0.7774430219068058,0.7621414723103619,0.7774430219068058,2.8528040274977684e-05,0.008361698128283024,0.027253122068941593
wiki-1k_train,8882,northwest territories,2,bge,0.2863485657300005,0.805346703855902,0.8530019918509827,0.25216355560091297,0.805899853034251,0.8978968335273503,0.012404352892190218,0.039679840905591846,0.19340629479847848
wiki-1k_train,81156,spring and autumn period,0,bm25,0.7361976076608098,0.7284036275642551,0.6927713880739872,0.7292330400778813,0.7292330400778813,0.7292330400778813,0.027409303933382034,0.05990621680393815,0.20847444096580148
wiki-1k_train,189807,metropolitan borough of wigan,1,l6,0.8001966653887606,0.8111054707065477,0.7290666194196518,0.7915435376719904,0.8114473607486276,0.7674385467575282,0.006511360174044967,0.035945664159953594,0.18396838731132448
wiki-1k_train,87882,hammersmith,1,l6,0.7669048469161122,0.7875795595658148,0.7427051190137993,0.7547033778643125,0.7851434793305905,0.7817948621197888,0.00022817007265985012,0.02991302590817213,0.18005261407233775
wiki-1k_train,17047,montreal canadiens,0,bm25,0.680503159142662,0.648257221229283,0.6404865076946562,0.6643495983998846,0.6387215109534029,0.6741963238891119,0.0023211960215121508,0.031473667128011584,0.18452671612612903
wiki-1k_train,864775,leeds,1,l6,0.3200616873639847,0.8466367345520734,0.2883384708403462,0.28465214752100854,0.8479050530819181,0.3035141798319434,0.0013078250922262669,0.032427911181002855,0.18273228011094034
wiki-1k_train,167358,silverstone,0,bm25,0.5014354993204855,0.34382656749445434,0.41253491352984845,0.4752347418697789,0.3179256513126222,0.4342472773998405,0.00013456586748361588,0.029430839931592345,0.17939505679532886
wiki-1k_train,97923,president of argentina,1,l6,0.613089646858958,0.7860168140084411,0.7644281153376137,0.5994130203795224,0.7895262830630062,0.8046611740395934,0.02350758295506239,0.05192821705713868,0.18501975294202566
wiki-1k_train,25611,peshawar,1,l6,0.5258835475593604,0.8672241053662688,0.7996755119837563,0.5009832413421336,0.8693062572377012,0.8417636968250066,0.00017875712364912033,0.030482269125059247,0.17687616706825793
wiki-1k_train,1407055,snorri sturluson,2,bge,0.4469378690166219,0.4377755102361899,0.7824102980991612,0.41786000193345263,0.41786000193345263,0.8235897874728013,0.00010279100388288498,0.03243086813017726,0.17641787393949926
wiki-1k_train,213595,rede globo,1,l6,0.04993466258825378,0.7335834808242278,0.7208532123445821,0.0,0.7292330400778813,0.7587928550995602,0.00021886499598622322,0.03077733307145536,0.16748826601542532
wiki-1k_train,2175,comedy film,0,bm25,0.7359881703235719,0.7282586839675487,0.6927713880739872,0.7292330400778813,0.7292330400778813,0.7292330400778813,0.027425911044701934,0.0586777760181576,0.20216003712266684
wiki-1k_train,17512,cape of good hope,0,bm25,0.8336918990784503,0.36932738066160564,0.33121345664094964,0.8298982252709775,0.34864574383257857,0.34864574383257857,0.01875998405739665,0.0473281592130661,0.19909076509065926
wiki-1k_train,21907,special air service,1,l6,0.7626665546286938,0.7664026790821435,0.7028361580329575,0.7638926286889938,0.7742569005070781,0.7398275347715343,0.058956947876140475,0.08659955486655235,0.22621036507189274
wiki-1k_train,781,archbishop of canterbury,2,bge,0.8260360210062049,0.8244417018620533,0.8614584085432746,0.8176252355446262,0.8242165139119946,0.9067983247823943,0.0025984530802816153,0.03143305308185518,0.18351881811395288
wiki-1k_train,1584920,voluntary association,0,bm25,0.7577530340381381,0.751145138082078,0.7143564278656253,0.7519541345953951,0.7519541345953951,0.7519541345953951,0.027333921985700727,0.05468647996895015,0.20696873986162245
wiki-1k_train,187188,llandeilo,1,l6,0.5363679266367533,0.9069037041761584,0.8489275501078257,0.5119997100299705,0.915047654615051,0.8936079474819218,5.243602208793163e-05,0.02043420122936368,0.08245204202830791
wiki-1k_train,358658,rhine province,0,bm25,0.7984777393520519,0.733882338458956,0.6946939970533874,0.790265643909219,0.7312568390035658,0.7312568390035658,0.008296268992125988,0.039433547062799335,0.1823658540379256
wiki-1k_train,189862,city of wakefield,0,bm25,0.8221062864565454,0.8161172749158632,0.7884033140074286,0.8233640308534738,0.8233640308534738,0.8298982252709775,0.04577385983429849,0.07294458290562034,0.22683812584728003
wiki-1k_train,8610,mindanao,1,l6,0.31716242388467075,0.7787714243983213,0.6927713880739872,0.28128318670560726,0.7763400380125722,0.7292330400778813,0.00020322692580521107,0.0314214420504868,0.17951803095638752
wiki-1k_train,239821,railways in melbourne,2,bge,0.26502191608259845,0.5070190881008753,0.7603414661853767,0.22907719596217996,0.49176328205442577,0.8003594380898702,0.010302654933184385,0.04022190487012267,0.19801982399076223
wiki-1k_train,97945,sergipe,1,l6,0.7587901324120032,0.8373784943865993,0.835453431876047,0.7461320253227977,0.8411128344392244,0.8794246651326811,4.17360570281744e-05,0.013811280950903893,0.05913022393360734
wiki-1k_train,119644,texas hill country,2,bge,0.46004175843718775,0.484138274739079,0.7771383219963415,0.4414151506852533,0.473130510388817,0.8180403389435174,0.04141236795112491,0.06826969888061285,0.22258408088237047
wiki-1k_train,337441,united states soccer league system,0,bm25,0.7701267369437426,0.76585125624482,0.3245451858830651,0.7827699073751235,0.7827699073751235,0.341626511455858,0.1489172379951924,0.1760051588062197,0.316782166948542
wiki-1k_train,80187,dionne warwick,1,l6,0.3055230776170331,0.8060905233481827,0.7577595806778689,0.2691435891745935,0.8042459008109046,0.797641663871441,0.0005998020060360432,0.029169261921197176,0.18361424678005278
wiki-1k_train,15355,avignon,1,l6,0.4605691481768449,0.7913136703312915,0.750752361713758,0.43224031243922356,0.790265643909219,0.790265643909219,0.00020973500795662403,0.03346863086335361,0.1772948680445552
wiki-1k_train,1310225,region of murcia,1,l6,0.5334210087829663,0.8469968236110745,0.8042450059560954,0.5150497728371668,0.853195564148425,0.8465736904801004,0.02346508903428912,0.054063660092651844,0.19965954101644456
wiki-1k_train,254991,elite ice hockey league,0,bm25,0.736669629351058,0.7300150260010255,0.6927713880739872,0.7292330400778813,0.7292330400778813,0.7292330400778813,0.0249699829146266,0.052202349761500955,0.20461299805901945
wiki-1k_train,91502,historic counties of england,0,bm25,0.03929220892406661,0.03335561372046516,0.0,0.0,0.0,0.0,0.04892597603611648,0.0760514319408685,0.22845970606431365
wiki-1k_train,1205882,grenada,1,l6,0.8731143859210572,0.8857970468464943,0.7875771015352014,0.8664775135567375,0.8881141737049972,0.829028527931791,0.00014163902960717678,0.028548017842695117,0.18042288511060178
wiki-1k_train,88824,audioslave,1,l6,0.8388894503357943,0.8981752537319807,0.8342417218852839,0.8304472181995936,0.904541202861306,0.8781491809318778,2.911500632762909e-05,0.00915946695022285,0.041114813880994916
wiki-1k_train,120183,san francisco chronicle,2,bge,0.6007095424778904,0.7449898259314394,0.7771383219963415,0.5839847115317984,0.7429500715833809,0.8180403389435174,0.0157690669875592,0.04183259001001716,0.1934411721304059
wiki-1k_train,106926,bukidnon,1,l6,0.4782879650801119,0.8393575782672243,0.7755275585529154,0.4508542696800987,0.8422392233676604,0.8163447984767531,3.0174851417541504e-05,0.013775253901258111,0.06395384483039379
wiki-1k_train,4383,fiji,1,l6,0.6825557335330205,0.7169180915761548,0.6861861195713123,0.6659396630861905,0.7105423256198249,0.7223011784961182,0.00039225397631525993,0.036529708886519074,0.22557229595258832
wiki-1k_train,272146,aaron kwok,1,l6,0.34590087486195753,0.6988707471707881,0.46913543559428716,0.3117994886212762,0.6920183070060348,0.493826774309776,0.0010408188682049513,0.028821695828810334,0.16861410276032984
wiki-1k_train,127768,bridlington,1,l6,0.43965738152611955,0.8659520289345637,0.8448991642003386,0.4101939892974256,0.8694855014220988,0.8893675412635144,6.135599687695503e-05,0.022936861030757427,0.11400939896702766
wiki-1k_train,1313596,eurasia,1,l6,0.45292498532209524,0.7703440518301938,0.7240343986948438,0.4241897605084525,0.7674385467575282,0.7621414723103619,0.0002001060638576746,0.03157041594386101,0.18096974096260965
wiki-1k_train,1522224,rhodes,1,l6,0.42443915210162153,0.7340357142688323,0.39588179770263904,0.39462994548677366,0.7292330400778813,0.41671768179225166,0.0016405300702899694,0.031202388228848577,0.1785917659290135
wiki-1k_train,25771,new jersey devils,1,l6,0.7739089707476645,0.8040631927823276,0.7208532123445821,0.7785389285161468,0.815910891564188,0.7587928550995602,0.08248774986714125,0.11058673984371126,0.26264946279115975
wiki-1k_train,23005,regions of france,2,bge,0.042135582934781014,0.2143725671018205,0.6927713880739872,0.0,0.18867944506503656,0.7292330400778813,0.034264269983395934,0.0647993681486696,0.21784367295913398
wiki-1k_train,5326,georgian architecture,0,bm25,0.7409836154765145,0.7315453812215199,0.6927713880739872,0.7292330400778813,0.7292330400778813,0.7292330400778813,0.0066704468335956335,0.0418859098572284,0.18655747501179576
wiki-1k_train,98483,artistic gymnastics,1,l6,0.3127216395989538,0.7310732631543387,0.37489844821243495,0.28128318670560726,0.7292330400778813,0.39462994548677366,0.01658662990666926,0.04314337088726461,0.18440293287858367
wiki-1k_train,21138,haredi judaism,1,l6,0.7426503658730492,0.7701840295517761,0.6927713880739872,0.7292330400778813,0.7674385467575282,0.7292330400778813,0.00043138000182807446,0.0316617249045521,0.17822349886409938
wiki-1k_train,21307,louis xv of france,0,bm25,0.12867889124519905,0.1076271457953145,0.0,0.08771905456884238,0.07310856822832693,0.0,0.018157821148633957,0.046137638157233596,0.19506875309161842
wiki-1k_train,5558,h,0,bm25,0.04761659393184765,0.03959444238793025,0.0,0.0,0.0,0.0,0.009029568871483207,0.03942160774022341,0.18942573387175798
wiki-1k_train,377397,2 4 0,0,bm25,0.03527573388395599,0.029046141392208957,0.0,0.0,0.0,0.0,0.07890297821722925,0.11228551808744669,0.2679351812694222
wiki-1k_train,13571,university of washington,0,bm25,0.037654099250417176,0.031647442922275636,0.0,0.0,0.0,0.0,0.05909815011546016,0.08785119815729558,0.2393432091921568
wiki-1k_train,1953248,bebe rexha,2,bge,0.5019200346615726,0.39970048187405216,0.749447639475096,0.47573085761619827,0.3771642461607162,0.7888922520790485,8.713989518582821e-05,0.030884868931025267,0.1794473440386355
wiki-1k_train,1749453,devolver digital,0,bm25,0.7413683865522873,0.7337277106684011,0.6927713880739872,0.7292330400778813,0.7292330400778813,0.7292330400778813,0.0052723989356309175,0.033985618967562914,0.1878971210680902
wiki-1k_train,697193,africa,2,bge,0.17131949541211,0.4009595787058171,0.575672286961924,0.12955981502167885,0.3790929398978532,0.6059708283809726,0.006614997982978821,0.03445280692540109,0.18767774105072021
wiki-1k_train,83858,skien,0,bm25,0.7777214902940047,0.7631382595481786,0.7640336057703594,0.7660518084355032,0.7660518084355032,0.8042459008109046,4.9374066293239594e-05,0.026017373194918036,0.08903376618400216
wiki-1k_train,12024,sports car club of america,2,bge,0.15505386873561108,0.2193576927912612,0.7143564278656253,0.12283107815689163,0.19746916426257816,0.7519541345953951,0.05195972905494273,0.08144296007230878,0.22327804821543396
wiki-1k_train,260827,human eye,1,l6,0.21022549034837762,0.7513537178675294,0.7143564278656253,0.17308120689779505,0.7519541345953951,0.7519541345953951,0.016551626147702336,0.05122170504182577,0.19696549815125763
wiki-1k_train,228427,gaelic games,0,bm25,0.8107980660646459,0.7915783716455074,0.7969882054868409,0.8072651999062199,0.7946566988903156,0.8389349531440431,0.02534447703510523,0.05541309202089906,0.20760977105237544
wiki-1k_train,2265093,purba bardhaman district,1,l6,0.7957561988628497,0.8826511759612589,0.8824417580334788,0.7897820826600822,0.8894865978618589,0.9288860610878724,0.019282310036942363,0.05253735603764653,0.2125109820626676
wiki-1k_train,4614,faroese language,2,bge,0.4622261244057707,0.5292723474316787,0.8269677313118613,0.4373008428858743,0.5161303893518145,0.8704923487493277,0.012344797840341926,0.042505472898483276,0.19230596092529595
wiki-1k_train,9140,normandy,1,l6,0.3170526404212846,0.7629204578086474,0.37489844821243495,0.28128318670560726,0.7587928550995602,0.39462994548677366,0.0006099909078329802,0.029082257766276598,0.18330491404049098
wiki-1k_train,98277,gerhart hauptmann,0,bm25,0.8383686961543153,0.810641683285395,0.7436314120063673,0.8298982252709775,0.810016185429562,0.7827699073751235,0.00012595392763614655,0.03228612896054983,0.18192047788761556
wiki-1k_train,157866,california state assembly,1,l6,0.20397095803705273,0.744149306063784,0.6927713880739872,0.1795575065268067,0.7533380309923435,0.7292330400778813,0.0930920229293406,0.12063035112805665,0.2802512338384986
wiki-1k_train,241273,chagatai khanate,0,bm25,0.9529547883901871,0.8873130007950061,0.9247197152984296,0.9505210778570188,0.8910517618644819,0.9733891739983469,0.00014535197988152504,0.033185271080583334,0.18062620400451124
wiki-1k_train,29173,2008 summer olympics,0,bm25,0.7619837655676069,0.43032541115980516,0.7603296300405084,0.7587928550995602,0.41671768179225166,0.8003469789900088,0.03596180700697005,0.06307448307052255,0.20272857998497784
wiki-1k_train,1695677,j balvin,0,bm25,0.9955463423343621,0.9603503005051022,0.8908299181888879,0.9984153549405195,0.9696820726211719,0.9377157033567242,0.011192254023626447,0.041180385975167155,0.18981215194799006
wiki-1k_train,416799,australian touring car championship,1,l6,0.041279331957544,0.2626791496068035,0.128862873780525,0.0,0.23958227712620428,0.13564513029528946,0.0388941690325737,0.06656108307652175,0.22299994016066194
wiki-1k_train,394002,prison break,1,l6,0.2228111836154032,0.6093287432174491,0.5694423693605463,0.18512658436526822,0.6005160042737561,0.5994130203795224,0.010787371080368757,0.03935926919803023,0.17631773184984922
wiki-1k_train,23286,atlantic records,1,l6,0.23572793173989748,0.7275701961813473,0.37489844821243495,0.20487217334631352,0.7292330400778813,0.39462994548677366,0.03908322285860777,0.06674936204217374,0.21955305384472013
wiki-1k_train,22478,brisbane river,1,l6,0.80009852720586,0.8127596016216334,0.8006664932601508,0.7949511358190446,0.8154846984780615,0.8428068350106851,0.020667480072006583,0.04838231019675732,0.20242184400558472
wiki-1k_train,22243,institute of electrical and electronics engineers,2,bge,0.1617571887842839,0.41487649950830097,0.7028361580329575,0.12775083730793385,0.4013143274130543,0.7398275347715343,0.042401921935379505,0.07226746692322195,0.22070295200683177
wiki-1k_train,1242724,nasa,1,l6,0.7646517707141679,0.8988617260789186,0.7004439315156243,0.7525129012548123,0.9022217667550745,0.737309401595394,0.0008549459744244814,0.029948380077257752,0.18152838596142828
wiki-1k_train,1010760,royal malaysia police,1,l6,0.7782304627480187,0.8056294909790261,0.7622792796773075,0.7726645837693185,0.8091280279258244,0.8023992417655869,0.02317586005665362,0.052106247982010245,0.19976118090562522
wiki-1k_train,179918,qikiqtaaluk region,0,bm25,0.7738515876620548,0.7576341551005299,0.7385708708114654,0.7674385467575282,0.7587928550995602,0.7774430219068058,0.0211538418661803,0.05362073704600334,0.20281604072079062
wiki-1k_train,5757,house music,0,bm25,0.41168003165972034,0.14905423966691525,0.2672190273703269,0.39462994548677366,0.12456157661624138,0.28128318670560726,0.06040484900586307,0.08810137514956295,0.22848746203817427
wiki-1k_train,1070,associate justice of the supreme court of the united states,2,bge,0.19180142415685797,0.3319824345873627,0.7658397625773873,0.17308120689779505,0.3251334553852236,0.806147118502513,0.14761419012211263,0.17546345409937203,0.3262087891343981
wiki-1k_train,982,australian army,1,l6,0.5135401108165676,0.8186918014519621,0.5152901624875074,0.4937094599367939,0.8224686995656383,0.5424106973552709,0.02233996009454131,0.051547090988606215,0.20368767995387316
wiki-1k_train,597692,indigenous peoples of mexico,0,bm25,0.7853664417496622,0.7786230851990408,0.40698755057873004,0.7827699073751235,0.7827699073751235,0.42840794797761056,0.036296906881034374,0.06591140967793763,0.21958280401304364
wiki-1k_train,104267,northern mindanao,0,bm25,0.8813430479991213,0.8705946626482315,0.8320234087458255,0.8787026675241665,0.87581411446929,0.87581411446929,0.013377408031374216,0.04464523820206523,0.19531993195414543
wiki-1k_train,128473,north somerset,1,l6,0.7632368925202249,0.8054697397891653,0.749891643220992,0.7592464655257143,0.8103514541392864,0.7893596244431496,0.03428133390843868,0.06119133275933564,0.21300031105056405
wiki-1k_train,613031,ss501,2,bge,0.9176054946103619,0.9088890893504735,0.9455976615187656,0.9133023019725268,0.9160152884682016,0.9953659594934374,2.260785549879074e-05,0.008079062914475799,0.035667782882228494
wiki-1k_train,265376,breda,0,bm25,0.8271006485800715,0.8078725975603107,0.42287882621763995,0.8180403389435174,0.8064432651145916,0.44513560654488415,0.00013235514052212238,0.028978841146454215,0.17566118715330958
wiki-1k_train,76166,strike action,1,l6,0.20338746969956628,0.7899030772813367,0.7467104568707302,0.16498778973169592,0.7904405537777568,0.7860110072323476,0.011958895018324256,0.0393122429959476,0.17844140389934182
wiki-1k_train,12673,tennis,1,l6,0.3098955047769151,0.8417332258556101,0.7718793371028224,0.2740286484894888,0.8422392233676604,0.812504565371392,0.0015546069480478764,0.03022720874287188,0.18005169089883566
wiki-1k_train,418014,public housing in hong kong,0,bm25,0.7640974247550895,0.7581709394916631,0.727749218013728,0.7660518084355032,0.7660518084355032,0.7660518084355032,0.063715151976794,0.09137502801604569,0.23335817782208323
wiki-1k_train,129417,canadian rockies,1,l6,0.772068449809832,0.792392966010487,0.7604227774806827,0.7621414723103619,0.7917012873320408,0.8004450289270344,0.007377329980954528,0.036487049888819456,0.18762771598994732
wiki-1k_train,88916,laura ingalls wilder,0,bm25,0.7939873456693141,0.5490721330590066,0.7606035912192284,0.7836827054720401,0.5342014225251389,0.8006353591781352,0.0018335420172661543,0.030196106992661953,0.17932844697497785
wiki-1k_train,505866,european handball federation,2,bge,0.3115350657281687,0.4296468827045122,0.7290666194196518,0.28128318670560726,0.4128265018678652,0.7674385467575282,0.02314151218160987,0.05104803713038564,0.20356851117685437
wiki-1k_train,2316294,facebook watch,1,l6,0.8490561400036776,0.8938566462243386,0.4903238698842238,0.8422392233676604,0.897738626803766,0.5161303893518145,0.003949634963646531,0.03316816803999245,0.18436901876702905
wiki-1k_train,27064,carolina hurricanes,2,bge,0.17670410932930594,0.19804012463068357,0.6927713880739872,0.13481497274338683,0.16498778973169592,0.7292330400778813,0.0053854468278586864,0.03418990992940962,0.1965326890349388
wiki-1k_train,27797,anaheim ducks,1,l6,0.4548672573098538,0.7835596602808069,0.745017748185048,0.4264950935480455,0.7805561831251311,0.78422920861584,0.0011180741712450981,0.029396750265732408,0.18445103825069964
wiki-1k_train,487988,waterford gaa,0,bm25,0.7426213171382613,0.7342038182314352,0.37489844821243495,0.7292330400778813,0.7292330400778813,0.39462994548677366,0.0005527520552277565,0.031556688947603106,0.1841635932214558
wiki-1k_train,13944,vermont,0,bm25,0.2706281380661866,0.04165558645489705,0.07462968444699496,0.2325579905798662,0.0,0.07855756257578417,0.0010833130218088627,0.02993715018965304,0.17938438709825277
wiki-1k_train,34959,mayfair,1,l6,0.24212360192905874,0.4551188206506911,0.4163819976715816,0.2022850321689863,0.4351407852060135,0.43829683965429644,0.0001633460633456707,0.02861556108109653,0.1731144569348544
wiki-1k_train,14004,v6 engine,1,l6,0.8695060313698687,0.900324868587732,0.8530401176257502,0.8667833912415088,0.9068742492326708,0.8979369659218424,0.015310454880818725,0.04356414079666138,0.19438439584337175
wiki-1k_train,256206,habsburg monarchy,1,l6,0.3450122363024219,0.7879425121178718,0.775907213436004,0.3108430017272862,0.7860110072323476,0.8167444351957938,0.0010662439744919538,0.03239179286174476,0.18471713596954942
wiki-1k_train,136688,graphics processing unit,1,l6,0.33574163225581793,0.476113670131283,0.33121345664094964,0.3145196578674093,0.4690020714559607,0.34864574383257857,0.0632639720570296,0.09421850298531353,0.2423527620267123
wiki-1k_train,116506,army national guard,1,l6,0.3742886014263796,0.7461458134532937,0.7186286326001353,0.35605941293030413,0.7533380309923435,0.7564511922106688,0.06890583015047014,0.09632183820940554,0.24665884603746235
wiki-1k_train,989455,the big bang theory,0,bm25,0.046471845796507594,0.03886292669956,0.0,0.0,0.0,0.0,0.013538178987801075,0.04273500619456172,0.19185923016630113
wiki-1k_train,19163,archbishop,1,l6,0.19953748737964597,0.33395733612845446,0.2672190273703269,0.1579084322324807,0.3085013388383948,0.28128318670560726,0.0017406321130692959,0.03337946720421314,0.18302282225340605
wiki-1k_train,221624,moderator of the united church of canada,0,bm25,0.918552841611928,0.8883955886745604,0.8705878260502581,0.9299616647418645,0.9040672398509572,0.9164082379476401,0.07715358794666827,0.10591036803089082,0.25871817395091057
wiki-1k_train,108857,scottish government,1,l6,0.3221255355225962,0.8076732305022961,0.7790003503594638,0.2935516184113501,0.811481345018779,0.8200003687994356,0.028634736081585288,0.05615371419116855,0.21215624012984335
wiki-1k_train,123005,weston super mare,2,bge,0.3578891285843784,0.37720880238038923,0.6465048627188813,0.3254281339617121,0.3541204210816339,0.6805314344409277,0.004720753990113735,0.03428321797400713,0.18620854010805488
wiki-1k_train,123776,isthmian league,1,l6,0.7739818494742084,0.8073754552721104,0.7627676917085753,0.7674385467575282,0.8103514541392864,0.8029133596932372,0.019238055916503072,0.04713603598065674,0.18917331681586802
wiki-1k_train,175968,defenceman,1,l6,0.3171787626730955,0.7348104273310937,0.37489844821243495,0.28128318670560726,0.7292330400778813,0.39462994548677366,0.0001441489439457655,0.02850050199776888,0.17900164891034365
wiki-1k_train,876550,first czechoslovak republic,2,bge,0.4354496805696344,0.4309037131659562,0.7436314120063673,0.42840794797761056,0.42840794797761056,0.7827699073751235,0.1362336950842291,0.1649883461650461,0.3162654780317098
wiki-1k_train,138121,royal geographical society,0,bm25,0.7567027254358225,0.7292753357928292,0.6927713880739872,0.7513207763833594,0.7292330400778813,0.7292330400778813,0.02966820797882974,0.056778643978759646,0.21035278611816466
wiki-1k_train,605577,inner carniola,0,bm25,0.7421169033662641,0.7335093501335982,0.6927713880739872,0.7292330400778813,0.7292330400778813,0.7292330400778813,0.002431803848594427,0.03441403480246663,0.18578003579750657
wiki-1k_train,57935,barisan nasional,0,bm25,0.8234375482616169,0.7849572146301255,0.8120437639781741,0.8141887859723596,0.7827699073751235,0.8547829094507097,0.000151732936501503,0.03148831194266677,0.18150562280789018
wiki-1k_train,238938,alanya,0,bm25,0.933420629511927,0.9210332045030222,0.8834635815047712,0.9299616647418645,0.9299616647418645,0.9299616647418645,2.2171996533870697e-05,0.006416612071916461,0.025810207007452846
wiki-1k_train,30539,lyric poetry,0,bm25,0.7408247435244313,0.732810518048808,0.6927713880739872,0.7292330400778813,0.7292330400778813,0.7292330400778813,0.007153108948841691,0.03660205379128456,0.18372920085676014
wiki-1k_train,139861,canis,2,bge,0.6418177065620682,0.8108749288406953,0.8137489407069818,0.6229915657995347,0.8103937765080871,0.8565778323231388,8.71480442583561e-05,0.03229936119168997,0.17945766798220575
wiki-1k_train,150848,chubut province,0,bm25,0.838992663011988,0.8123359585370078,0.7886109000118663,0.8326413451777768,0.8134062984369548,0.8301167368545961,0.007489888928830624,0.03862662706524134,0.18570449179969728
wiki-1k_train,128382,shah rukh khan,0,bm25,0.6885283555948273,0.44335280232303725,0.355591493072086,0.6728038322847978,0.42443803542117936,0.3743068348127221,0.0023171899374574423,0.03597630886361003,0.18237402592785656
wiki-1k_train,4330,association football,0,bm25,0.32420209849320725,0.15742295845471993,0.2832994827374783,0.29820998182892455,0.12955981502167885,0.29820998182892455,0.038439115043729544,0.06616329797543585,0.2112646559253335
wiki-1k_train,345433,sathyaraj,2,bge,0.16104053910089106,0.149567267527016,0.7436314120063673,0.1169082244349629,0.1169082244349629,0.7827699073751235,5.5259792134165764e-05,0.02851927187293768,0.12404488073661923
wiki-1k_train,71489,provinces of ireland,2,bge,0.33916924840255946,0.44623572328461486,0.7436314120063673,0.30805162035422845,0.42840794797761056,0.7827699073751235,0.013745604082942009,0.04247104609385133,0.19750617700628936
wiki-1k_train,25712,ancient greece,1,l6,0.04787310329576653,0.1507241265044946,0.09205396375425254,0.0,0.11626320891643417,0.09689890921500267,0.007980329217389226,0.0364926322363317,0.18760500219650567
wiki-1k_train,92229,poole,1,l6,0.11785451158571159,0.610633810277218,0.5685738121815331,0.07208773630547806,0.5994130203795224,0.5984987496647718,0.0022527039982378483,0.03155515296384692,0.1791164290625602
wiki-1k_train,983467,list of philadelphia flyers seasons,1,l6,0.2423364393387064,0.8335059735691676,0.8001272621992774,0.21379498456252058,0.8422392233676604,0.8422392233676604,0.05002876999787986,0.0772177898325026,0.2322858099360019
wiki-1k_train,8880,new brunswick,1,l6,0.3828512192314556,0.8225594343512893,0.6884760568197479,0.3659753035302503,0.8344564450537488,0.7247116387576293,0.07623575697652996,0.10374107398092747,0.25711337593384087
wiki-1k_train,84843,ibaraki prefecture,0,bm25,0.7424894904271897,0.7335829334689922,0.6927713880739872,0.7292330400778813,0.7292330400778813,0.7292330400778813,0.001023569842800498,0.03336326195858419,0.1815499090589583
wiki-1k_train,206994,later tang,1,l6,0.7810890250361145,0.8469403651708491,0.8037754836493705,0.7827699073751235,0.8582722999346568,0.8460794564730216,0.060552608920261264,0.08892065891996026,0.2413918860256672
wiki-1k_train,136518,south sulawesi,1,l6,0.770972306981778,0.8002942750343209,0.7908495159791701,0.7674385467575282,0.805899853034251,0.8324731747149159,0.035575115121901035,0.06729118013754487,0.2197537801694125
wiki-1k_train,80983,nynorsk,1,l6,0.8383664939815675,0.8384327999599477,0.7884033140074286,0.8298982252709775,0.8422392233676604,0.8298982252709775,3.0978117138147354e-05,0.009839005069807172,0.042066941037774086
wiki-1k_train,1319358,chinsurah subdivision,1,l6,0.8854645168874866,0.956440436232334,0.8480949391007258,0.8797262084188946,0.9641077252861525,0.8927315148428693,0.0010455548763275146,0.035924535943195224,0.18983779870904982
wiki-1k_train,15016,kfc,1,l6,0.8472311883821452,0.9249242111730003,0.5568602883794527,0.8392180444302395,0.9299616647418645,0.5861687246099502,9.00421291589737e-05,0.02962580812163651,0.1734659990761429
wiki-1k_train,1490,big bang,0,bm25,0.1918086885179425,0.03963707126057306,0.12515189245514957,0.15170397398880528,0.0,0.13173883416331533,0.008166909916326404,0.036636331817135215,0.1767663019709289
wiki-1k_train,13201,toronto transit commission,1,l6,0.7477481148251075,0.7887795694252057,0.7028361580329575,0.7398275347715343,0.790265643909219,0.7398275347715343,0.02036592294462025,0.04792352486401796,0.20013512182049453
wiki-1k_train,146540,united states court of appeals for the tenth circuit,0,bm25,0.23878480398874374,0.23045769282069545,0.12759224817164863,0.22073207141269946,0.21680616596329977,0.134307629654367,0.12766697793267667,0.15573634300380945,0.3052676348015666
wiki-1k_train,271144,gipuzkoa,0,bm25,0.7645986131113562,0.7531693135627742,0.7186286326001353,0.7522350470981098,0.7522350470981098,0.7564511922106688,6.614695303142071e-05,0.030696752946823835,0.13400036399252713
wiki-1k_train,76422,supermarionation,0,bm25,0.7885289778393326,0.777150797377028,0.7290666194196518,0.7774430219068058,0.7774430219068058,0.7674385467575282,2.0724022760987282e-05,0.005649392958730459,0.02473448612727225
wiki-1k_train,209566,royal institute of british architects,0,bm25,0.34764137686297186,0.1248215153598038,0.0,0.3254281339617121,0.09689890921500267,0.0,0.054949267068877816,0.08223027316853404,0.23859138088300824
wiki-1k_train,84172,brantford,1,l6,0.2718122747689586,0.8073770091940311,0.7646954585486265,0.2335107394799052,0.8064432651145916,0.8049425879459227,8.071213960647583e-05,0.03078168723732233,0.17601418704725802
wiki-1k_train,11439,sun microsystems,0,bm25,0.19896980791188185,0.16344214406618762,0.0,0.1579084322324807,0.12955981502167885,0.0,0.003909578081220388,0.036126327235251665,0.18738343217410147
wiki-1k_train,91304,palembang,1,l6,0.8490265162803587,0.9067408963631794,0.8584077579456912,0.8411052257073319,0.9133221485136932,0.9035871136270435,6.501399911940098e-05,0.03026411309838295,0.13863358600065112
wiki-1k_train,1469459,christchurch central city,1,l6,0.7361271029349301,0.870324273821828,0.83869167950371,0.7356415894792696,0.8828333468460106,0.8828333468460106,0.062099223025143147,0.0895825601182878,0.24386285594664514
wiki-1k_train,7545,liverpool,1,l6,0.6999990312360269,0.8549379816607284,0.4571430244726257,0.6847475795534865,0.8563087253667503,0.4812031836553955,0.0018659359775483608,0.031229682033881545,0.18251642188988626
wiki-1k_train,56289,dalarna county,2,bge,0.7723008584436784,0.7647860892702655,0.7786806879222314,0.7660518084355032,0.7660518084355032,0.8196638820234016,0.02168422588147223,0.05159266898408532,0.19899774971418083
wiki-1k_train,545847,wwe brand extension,0,bm25,0.7393048852429213,0.7323348366431439,0.6927713880739872,0.7292330400778813,0.7292330400778813,0.7292330400778813,0.013717396184802055,0.04129877220839262,0.19785641110502183
wiki-1k_train,115212,stockport,2,bge,0.5216168317669272,0.7609398035200244,0.797915705702917,0.4964976559669467,0.7564511922106688,0.8399112691609654,0.00020231399685144424,0.027806913945823908,0.18082671402953565
wiki-1k_train,128064,whanganui,1,l6,0.8537560736710796,0.877516476764873,0.8230435859561092,0.8460794564730216,0.8828333468460106,0.8663616694274834,5.1541952416300774e-05,0.029675034107640386,0.13277179305441678
wiki-1k_train,3855,european parliament,1,l6,0.22631299757721848,0.816148294354964,0.8007233466832782,0.19045812751812718,0.8187616898047779,0.8428666807192402,0.017879504011943936,0.04516198020428419,0.1934080400969833
wiki-1k_train,127805,kettering,1,l6,0.24264792145646175,0.4746721146692542,0.4634455077747747,0.20292288896310093,0.4560540943088541,0.4878373766050261,0.0004654389340430498,0.030997001798823476,0.18065047496929765
wiki-1k_train,28306,grand national,1,l6,0.03580273847969756,0.2787650437697622,0.14727864516770459,0.0,0.2618855964932565,0.1550301528081101,0.06979777105152607,0.0984548470005393,0.24581420491449535
wiki-1k_train,32557,long distance running,0,bm25,0.7306511739129385,0.4061460947639204,0.6927713880739872,0.7292330400778813,0.39462994548677366,0.7292330400778813,0.05682348390109837,0.08791709784418344,0.23441617097705603
wiki-1k_train,9172,national hockey league,1,l6,0.11841150114823766,0.7233595047540126,0.6927713880739872,0.08660499091446228,0.7292330400778813,0.7292330400778813,0.06914442614652216,0.09681889018975198,0.24938046606257558
wiki-1k_train,783967,professional bull riders,1,l6,0.5789930794349448,0.9000634771217618,0.8899299643112687,0.5615472298657649,0.9068742492326708,0.936768383485546,0.01748451590538025,0.04478566884063184,0.19527965411543846
wiki-1k_train,29906,juno award,0,bm25,0.04341148166019454,0.03673816908480972,0.0,0.0,0.0,0.0,0.027406679932028055,0.055166083853691816,0.20798818883486092
wiki-1k_train,17565,congo river,1,l6,0.7269462872473439,0.8013021406973296,0.7290666194196518,0.718245685531022,0.8046611740395934,0.7674385467575282,0.020863003097474575,0.05083375796675682,0.19363803206942976
wiki-1k_train,72102,mickey spillane,0,bm25,0.33456535051520087,0.3265737694834784,0.3209923300968287,0.29969257088441825,0.29969257088441825,0.3378866632598197,0.0005233569536358118,0.029854978900402784,0.18351576384156942
wiki-1k_train,810570,indian armed forces,0,bm25,0.767703441853271,0.7643362298939261,0.7298884503577638,0.7650465893403767,0.768303631955541,0.768303631955541,0.03932670294307172,0.06727860495448112,0.21629903302527964
wiki-1k_train,19697,groningen,1,l6,0.7345022638513915,0.7617893870230645,0.7186286326001353,0.7205873484199132,0.7587928550995602,0.7564511922106688,0.00020356616005301476,0.033115265192463994,0.18267819611355662
wiki-1k_train,243139,maryland house of delegates,1,l6,0.766580797007848,0.7702173158701868,0.7028361580329575,0.7638926286889938,0.7742569005070781,0.7398275347715343,0.04009568481706083,0.06740403897128999,0.21989033767022192
wiki-1k_train,113048,bandai,1,l6,0.8200160643191753,0.8975508625361172,0.7701909903213637,0.8105696085729641,0.9012454507381522,0.8107273582330145,9.0454937890172e-05,0.031153887044638395,0.18044918798841536
wiki-1k_train,389537,mount lofty ranges,0,bm25,0.8231733637324734,0.36133863229932395,0.7436314120063673,0.8192333515316295,0.341626511455858,0.7827699073751235,0.02020789892412722,0.052346005802974105,0.19818193092942238
wiki-1k_train,13717,university of victoria,1,l6,0.21231190825337481,0.7750078669375647,0.7436314120063673,0.18405800663822208,0.7827699073751235,0.7827699073751235,0.05733310314826667,0.08512547006830573,0.22854260494932532
wiki-1k_train,27885,montpellier,1,l6,0.6204242163391126,0.8278607514756743,0.7666526950820605,0.6005160042737561,0.8275651311227963,0.8070028369284847,0.00022919592447578907,0.0289192209020257,0.17366558592766523
wiki-1k_train,79893,hunan,1,l6,0.7293078833228619,0.8104565535282273,0.7509185260888689,0.7151325243126967,0.8096995464022713,0.7904405537777568,0.00024773506447672844,0.03189994487911463,0.1821185671724379
wiki-1k_train,619318,supreme court of nigeria,0,bm25,0.8273499416064566,0.8155546102737687,0.7755275585529154,0.8233640308534738,0.8192333515316295,0.8163447984767531,0.01887490600347519,0.04953345702961087,0.19475178909488022
wiki-1k_train,2107240,fraternities and sororities,0,bm25,0.7424206310392591,0.4159000794109259,0.6927713880739872,0.7292330400778813,0.39462994548677366,0.7292330400778813,0.0012799559626728296,0.03283616481348872,0.18245620699599385
wiki-1k_train,5719,hampshire,1,l6,0.049458406863260036,0.32507818552444434,0.15001301062085665,0.0,0.29820998182892455,0.1579084322324807,0.0019015679135918617,0.028865496860817075,0.1755531767848879
wiki-1k_train,2614,chicago cubs,1,l6,0.8433587492963713,0.8795156271960942,0.8600681815747298,0.8375696062720741,0.8837963177621657,0.9053349279733998,0.008223032113164663,0.035576409194618464,0.17628010618500412
wiki-1k_train,4630,folklore,1,l6,0.328633914667497,0.7553879405249958,0.6927713880739872,0.2935516184113501,0.7513207763833594,0.7292330400778813,0.0009038918651640415,0.031495047733187675,0.18821448390372097
wiki-1k_train,1855447,2013 ncaa division i fbs football season,2,bge,0.03366905243050602,0.028062906497031616,0.37489844821243495,0.0,0.0,0.39462994548677366,0.08015537494793534,0.10767139797098935,0.24540944304317236
wiki-1k_train,2326,the church of jesus christ of latter day saints,2,bge,0.03564606270975914,0.24279892658701868,0.40075569273858314,0.0,0.22372529669744207,0.4218480976195612,0.07240375899709761,0.09957252815365791,0.2522087059915066
wiki-1k_train,1529445,indiana high school athletic association,1,l6,0.18508443550790943,0.7988313136336092,0.5645438040021225,0.1656852072202793,0.8163447984767531,0.5942566357917078,0.13921100879088044,0.16653190669603646,0.3119013688992709
wiki-1k_train,169797,sacramento valley,0,bm25,0.7750891570894312,0.7679983654430652,0.2847079423401973,0.7660518084355032,0.7660518084355032,0.29969257088441825,0.01025394513271749,0.03758737491443753,0.19273891509510577
wiki-1k_train,490295,rieti,2,bge,0.8467053385369974,0.5454258902547112,0.8590545321579355,0.8386673289083486,0.5347036920358049,0.9042679285873005,5.387188866734505e-05,0.02360593294724822,0.09410289977677166
wiki-1k_train,4763,food and drug administration,1,l6,0.2703528934061809,0.7248844991578692,0.641379494553899,0.2377806055787942,0.7244421984950015,0.6751363100567358,0.02278698794543743,0.05486466293223202,0.2057076790370047
wiki-1k_train,147205,doctor of science,0,bm25,0.7584012088340032,0.7516590869375441,0.7143564278656253,0.7519541345953951,0.7519541345953951,0.7519541345953951,0.024784912820905447,0.05284482170827687,0.20809404901228845
wiki-1k_train,96233,durango,1,l6,0.7446548729668698,0.7919479373557146,0.40411045026398806,0.7312568390035658,0.7905401325524977,0.42537942133051376,0.0001401021145284176,0.03246215311810374,0.17904841620475054
wiki-1k_train,10928,rugby league,2,bge,0.1669954141558952,0.35084415779226213,0.4029802724830298,0.12955981502167885,0.33081562217654314,0.4241897605084525,0.0221672379411757,0.04891572310589254,0.1821043728850782
wiki-1k_train,179993,plovdiv province,0,bm25,0.7915150056419668,0.7828684403926466,0.7695153761580839,0.7827699073751235,0.7827699073751235,0.810016185429562,0.008056111168116331,0.040969304041936994,0.19032524432986975
wiki-1k_train,20192,prince,0,bm25,0.04802979741909035,0.03920018844625091,0.0,0.0,0.0,0.0,0.00724749406799674,0.03972767619416118,0.18392763612791896
wiki-1k_train,93199,boutros boutros ghali,0,bm25,0.8139977820401604,0.7681768224697797,0.727749218013728,0.8042459008109046,0.7660518084355032,0.7660518084355032,9.712507016956806e-05,0.02595261810347438,0.13555968296714127
wiki-1k_train,305743,melkite greek catholic church,1,l6,0.5476315527666072,0.8742359096244515,0.8021702883886965,0.5314233428084116,0.8820145191456581,0.8443897772512595,0.03161058505065739,0.05987930786795914,0.21889098407700658
wiki-1k_train,90205,mombasa,0,bm25,0.8300950307350157,0.8004782744479224,0.7256979972545441,0.8211916289353883,0.7992296169817101,0.7638926286889938,0.00012286100536584854,0.02917412086389959,0.1659532419871539
wiki-1k_train,22979,taiwanese hokkien,0,bm25,0.7642242668057367,0.7558984485705117,0.7143564278656253,0.7519541345953951,0.7519541345953951,0.7519541345953951,0.0004673679359257221,0.029910386074334383,0.1768175649922341
wiki-1k_train,4760,fyodor dostoevsky,1,l6,0.04993286931835885,0.4484936075855607,0.40698755057873004,0.0,0.42840794797761056,0.42840794797761056,0.00024485494941473007,0.030981124145910144,0.18237186293117702
wiki-1k_train,71667,isle of lewis,0,bm25,0.7872723592998807,0.7252002537866521,0.7186286326001353,0.7774430219068058,0.7210409588460674,0.7564511922106688,0.004861584864556789,0.0366484138648957,0.1871983737219125
wiki-1k_train,257905,districts of germany,2,bge,0.6381894145358891,0.4713647498477876,0.8260646275686688,0.6280585646864507,0.46038457595977456,0.8695417132301777,0.036939866840839386,0.06981389573775232,0.2181602797936648
wiki-1k_train,12277,sovereignty,0,bm25,0.764168110343302,0.7556905372670386,0.7143564278656253,0.7519541345953951,0.7519541345953951,0.7519541345953951,0.0006825129967182875,0.03140750201418996,0.18121335399337113
wiki-1k_train,500199,washington metropolitan area,0,bm25,0.7640746166252133,0.7585106795278108,0.727749218013728,0.7660518084355032,0.7660518084355032,0.7660518084355032,0.06801520800217986,0.09568931185640395,0.2486917390488088
wiki-1k_train,99278,further education,0,bm25,0.04267305826440793,0.036066041158722445,0.0,0.0,0.0,0.0,0.02913324092514813,0.05540393176488578,0.1988090118393302
wiki-1k_train,14738,bristol,1,l6,0.24408938890751708,0.44491769725913055,0.29307627189647506,0.20487217334631352,0.4241534306591542,0.3085013388383948,0.0019524600356817245,0.02907116897404194,0.18105969694443047
wiki-1k_train,2042546,kelsea ballerini,2,bge,0.7853628660798025,0.8576074178946205,0.8979233614381474,0.7741072874778796,0.8625475535346487,0.9451824857243658,5.5680051445961e-05,0.0168403759598732,0.07128045801073313
wiki-1k_train,27540,metro manila,1,l6,0.19810101982049813,0.38173915889481025,0.2500008069839266,0.1567779671544664,0.3585032248140495,0.26315874419360696,0.003055501962080598,0.032226386945694685,0.18229853198863566
wiki-1k_train,84161,guelph,1,l6,0.3164167788177367,0.801121485365413,0.7186286326001353,0.2805032638519085,0.8003469789900088,0.7564511922106688,0.0002234010025858879,0.033546102000400424,0.18215451203286648
wiki-1k_train,133624,negeri sembilan,2,bge,0.4989564853945947,0.3391092127829326,0.7742467898069656,0.472628121044961,0.314191618938088,0.8149966208494375,0.00014688796363770962,0.034222444985061884,0.18256205692887306
wiki-1k_train,146479,all female band,1,l6,0.042732282943939354,0.7795342213256709,0.7436314120063673,0.0,0.7827699073751235,0.7827699073751235,0.030482331989333034,0.05912657896988094,0.20971050299704075
wiki-1k_train,31185,sengoku period,2,bge,0.044095690845245866,0.1288140790025989,0.21882538557610753,0.0,0.09689890921500267,0.2303425111327448,0.02442536293528974,0.054771689930930734,0.20684352982789278
wiki-1k_train,179453,university of lisbon,0,bm25,0.7642530439408861,0.7579280486295554,0.727749218013728,0.7660518084355032,0.7660518084355032,0.7660518084355032,0.06498579704202712,0.09544145502150059,0.2407563680317253
wiki-1k_train,157174,jabalpur,2,bge,0.8537486942411883,0.8492365452793847,0.878395320317806,0.8460794564730216,0.852808242633259,0.9246266529661116,7.538008503615856e-05,0.030758470064029098,0.14069009013473988
wiki-1k_train,13129,tampa bay buccaneers,1,l6,0.2418026222465094,0.7808103452277799,0.7137547375641914,0.20487217334631352,0.7794531992308974,0.7513207763833594,0.010931682074442506,0.03740751603618264,0.19341657403856516
wiki-1k_train,195044,snooker world rankings,1,l6,0.7272701875759786,0.8079192653585824,0.7821815367097256,0.7292330400778813,0.820127036676747,0.8233489860102374,0.07447548490017653,0.10186217492446303,0.24022489390335977
wiki-1k_train,4595,fa cup,2,bge,0.04584338611596916,0.16145963727561186,0.6227688492277728,0.0,0.12955981502167885,0.6555461570818661,0.014993129996582866,0.04192185401916504,0.18035269109532237
wiki-1k_train,576921,mersin province,0,bm25,0.8363278378567901,0.8082760640190805,0.7603296300405084,0.8301315118260246,0.8092484702450529,0.8003469789900088,0.008714759023860097,0.03987289685755968,0.18969059200026095
wiki-1k_train,77031,list of towns and cities in norway,0,bm25,0.609696040212947,0.13313128768038948,0.094452301508879,0.6092666288800563,0.1132492911881539,0.09942347527250421,0.11017140792682767,0.14100931002758443,0.2882972857914865
wiki-1k_train,580126,roman aqueduct,2,bge,0.8444101959159689,0.8470815182519439,0.9363427417468887,0.8386211690296865,0.8496862158820808,0.9856239386809356,0.008716883137822151,0.03869365411810577,0.19116687308996916
wiki-1k_train,9751,pleistocene,0,bm25,0.8031805914161934,0.755291113650393,0.7156711294427264,0.7929088845439594,0.7522350470981098,0.7533380309923435,0.00029893917962908745,0.03367280121892691,0.18041227920912206
wiki-1k_train,177120,antarctic peninsula,0,bm25,0.8566669248831166,0.8110864163221694,0.7811941631272803,0.8499818094022296,0.8103937765080871,0.8223096453971371,0.0030229741241782904,0.032563247019425035,0.18527802010066807
wiki-1k_train,223269,obie award,0,bm25,0.8425528019562643,0.8355686568685834,0.8001272621992774,0.8422392233676604,0.8422392233676604,0.8422392233676604,0.031243464909493923,0.060051972046494484,0.20624218694865704
wiki-1k_train,30225,brandeis university,1,l6,0.16440159641070745,0.8156196473259477,0.7821958293108,0.13173883416331533,0.8233640308534738,0.8233640308534738,0.04952884581871331,0.07636991189792752,0.23036038083955646
wiki-1k_train,803057,nowy targ county,0,bm25,0.9071625423537789,0.9024217222995446,0.8666636806945062,0.9084373255204348,0.912277558625796,0.912277558625796,0.02555170701816678,0.06217521196231246,0.2182818199507892
wiki-1k_train,10916,russian armed forces,0,bm25,0.7685594784844388,0.7617425576231687,0.727749218013728,0.7660518084355032,0.7660518084355032,0.7660518084355032,0.04083612700924277,0.07112824195064604,0.22218326688744128
wiki-1k_train,94799,grumman,1,l6,0.8819731183265574,0.8983271712643108,0.7718793371028224,0.87581411446929,0.9019112273465635,0.812504565371392,0.0001846030354499817,0.031159054022282362,0.18353698193095624
wiki-1k_train,364764,thirty seconds to mars,1,l6,0.7684394312271181,0.8199440497137265,0.785114401193046,0.7709449754273137,0.8314368146211863,0.8264362117821538,0.06749818311072886,0.09633168997243047,0.2417851930949837
wiki-1k_train,118287,beersheba,2,bge,0.841845244806656,0.8310112671352822,0.8680188720405044,0.8335541021968624,0.8330420559402592,0.91370407583211,8.694990538060665e-05,0.02896820893511176,0.13955624494701624
wiki-1k_train,165903,mcfly,1,l6,0.8213385202158214,0.8717783823953824,0.8055477993963203,0.8119708039951039,0.8762912615983918,0.8479450519961267,5.73168508708477e-05,0.01817216188646853,0.08493000990711153
wiki-1k_train,1908121,dragon ball z,0,bm25,0.9558025383544613,0.9087204823108095,0.8415803799102731,0.9558514587876504,0.9144853539737932,0.885874084116077,0.008533100131899118,0.0379717571195215,0.1890910011716187
wiki-1k_train,169148,barcelona metro,2,bge,0.5289639817284792,0.8059046640495745,0.8985092754563434,0.5051920761970421,0.8052237418585053,0.9457992373224667,0.003422484965994954,0.03200907981954515,0.1766916869673878
wiki-1k_train,32288,flensburg,0,bm25,0.9231217514672664,0.8862139022433747,0.8529665972814892,0.9191021992597828,0.8893675412635144,0.8978595760857782,9.161094203591347e-05,0.031402256805449724,0.18077898491173983
wiki-1k_train,179296,city of license,2,bge,0.03812664826774365,0.032317759297979975,0.10502391119281482,0.0,0.0,0.11055148546612087,0.05623203585855663,0.08374285674653947,0.23679933487437665
wiki-1k_train,397889,progressivism in the united states,1,l6,0.028897915478494636,0.7173047602482858,0.6927713880739872,0.0,0.7292330400778813,0.7292330400778813,0.13459875900298357,0.16243781498633325,0.31892289803363383
wiki-1k_train,81711,deutsche bahn,1,l6,0.3374255392190168,0.3597181897758581,0.07056317474968235,0.3029884533505275,0.33547817477138686,0.07427702605229722,0.0015011979267001152,0.032624322921037674,0.18152707582339644
wiki-1k_train,304034,hulu,0,bm25,0.8248282824085315,0.8175675249215897,0.7437529537133212,0.8156485285864528,0.8170138754584216,0.7828978460140223,0.00013628904707729816,0.030975718051195145,0.180182381067425
wiki-1k_train,570350,cuban war of independence,2,bge,0.03671969113355931,0.15596642098167013,0.23444325191329787,0.0,0.13173883416331533,0.2467823704350504,0.062077813083305955,0.08968105516396463,0.2337212699931115
wiki-1k_train,2002598,meghan trainor,2,bge,0.42730251175348183,0.4972681616676568,0.5315800036778823,0.39719175736674095,0.47968081761812276,0.5595578986082972,0.00010574702173471451,0.03005288983695209,0.17827893188223243
wiki-1k_train,86275,assam,1,l6,0.5090878132642175,0.8695039310364476,0.47325025062669623,0.48338001959934374,0.8720100439963804,0.4981581585544171,0.00045252684503793716,0.03270984394475818,0.183647392783314
wiki-1k_train,1098171,birmingham,1,l6,0.22037354935959397,0.7937241080186758,0.7905935477296735,0.17999616853795875,0.7917012873320408,0.8322037344522879,0.0022829859517514706,0.030762282898649573,0.1832808719482273
wiki-1k_train,276522,californio,0,bm25,0.7427427020478221,0.7320822920058354,0.7137547375641914,0.7292330400778813,0.7292330400778813,0.7513207763833594,4.10021748393774e-05,0.015278386184945703,0.07146715722046793
wiki-1k_train,17233,ming dynasty,1,l6,0.43744223337281724,0.7901502855955631,0.7385708708114654,0.40897716319943916,0.7893596244431496,0.7774430219068058,0.004029143834486604,0.036138803930953145,0.18549161893315613
wiki-1k_train,1339785,bisexuality,1,l6,0.6991630669996342,0.8116202214292613,0.7531109166813105,0.6834535024529808,0.8103937765080871,0.792748333348748,0.0004237119574099779,0.029698131838813424,0.1799043680075556
wiki-1k_train,833411,manafest,2,bge,0.9104087140927063,0.897176366695297,0.95,0.9057433642082922,0.9057433642082922,1.0,2.6111025363206863e-05,0.007302781101316214,0.027495764195919037
wiki-1k_train,724,arabic alphabet,1,l6,0.4484181796274483,0.7649133829189048,0.7240343986948438,0.42104026944082895,0.7621414723103619,0.7621414723103619,0.0059484331868588924,0.034556124126538634,0.18943133624270558
wiki-1k_train,37546,internet service provider,1,l6,0.728063400329876,0.7586503157535566,0.7240343986948438,0.7292330400778813,0.7674385467575282,0.7621414723103619,0.07226265501230955,0.10030850814655423,0.24565785704180598
wiki-1k_train,14228,world health organization,1,l6,0.24516644525361952,0.7843267852010279,0.7482312195919536,0.22372529669744207,0.796998361779207,0.7876118100967933,0.08786752889864147,0.11542798904702067,0.2528913249261677
wiki-1k_train,216267,city of sydney,1,l6,0.767853734703924,0.768384585845405,0.7146232947432043,0.7674385467575282,0.774322783403588,0.7522350470981098,0.05071482597850263,0.07789375493302941,0.22614531079307199
wiki-1k_train,171338,indian epic poetry,0,bm25,0.78938480168161,0.7811162440023829,0.7436314120063673,0.7827699073751235,0.7827699073751235,0.7827699073751235,0.016545925987884402,0.04876243113540113,0.19481333019211888
wiki-1k_train,88741,federal government of the united states,1,l6,0.7187840002269358,0.737424937693977,0.7240343986948438,0.7292330400778813,0.7533380309923435,0.7621414723103619,0.15470523410476744,0.18217213707976043,0.3224720321595669
wiki-1k_train,260535,bankura district,2,bge,0.8137216784709376,0.7292848866562861,0.8342109370485816,0.8096995464022713,0.7292330400778813,0.8781167758406123,0.02234579110518098,0.0548648361582309,0.2034064820036292
wiki-1k_train,71424,scottish borders,1,l6,0.7541785210904597,0.8396976791272188,0.77486610215713,0.7451459497605297,0.8428666807192402,0.8156485285864528,0.015099355950951576,0.04487185785546899,0.2034881680738181
wiki-1k_train,14545,zx spectrum,1,l6,0.26218718838860455,0.7800368293095596,0.7156711294427264,0.22372529669744207,0.7767911141697906,0.7533380309923435,0.0014877801295369864,0.03346765716560185,0.21142642106860876
wiki-1k_train,32918,eure et loir,1,l6,0.4459640335348942,0.7686202615195243,0.727749218013728,0.41786000193345263,0.7660518084355032,0.7660518084355032,0.003700682194903493,0.03368338430300355,0.18448649812489748
wiki-1k_train,35000,romford,2,bge,0.41653248413075505,0.801513913164337,0.8241805207467776,0.3858546839444596,0.8003469789900088,0.8675584428913449,9.878282435238361e-05,0.029554494889453053,0.16762388870120049
wiki-1k_train,84323,will ferrell,0,bm25,0.6278152211375121,0.37249191517388736,0.3885170920490033,0.6082617375840956,0.3478416091674428,0.40896536005158246,0.00012057111598551273,0.028700890252366662,0.18033603997901082
wiki-1k_train,112620,fordingbridge,1,l6,0.8523970625648322,0.9017829594778206,0.8705878260502581,0.8446775858449045,0.9084373255204348,0.9164082379476401,3.849784843623638e-05,0.009270799811929464,0.04126774985343218
wiki-1k_train,6534,jane austen,1,l6,0.645896334526591,0.6498867077468758,0.5927706330786429,0.6280585646864507,0.6400868578253719,0.623969087451203,0.0027858309913426638,0.03006990090943873,0.1834468541201204
wiki-1k_train,127985,derbyshire dales,2,bge,0.4381397135778601,0.4308412558580968,0.7143564278656253,0.40896536005158246,0.40896536005158246,0.7519541345953951,0.0016019968315958977,0.032584437634795904,0.2122533416841179
wiki-1k_train,73669,shivaji,1,l6,0.7584398050572579,0.8504490832997469,0.7755275585529154,0.7457736642230267,0.852808242633259,0.8163447984767531,0.00016604596748948097,0.035721631022170186,0.1837769327685237
wiki-1k_train,203365,geo tv,0,bm25,0.7922324947104693,0.7830255552023134,0.7374196026153077,0.7844438560162545,0.7844438560162545,0.7762311606476924,0.010633319150656462,0.04338501114398241,0.1778641641139984
wiki-1k_train,18596,forgotten realms,1,l6,0.7157417020981858,0.8038679353972997,0.7837510411987794,0.701287808144588,0.8029133596932372,0.8250010959987152,0.001764202956110239,0.03259386890567839,0.18311663693748415
wiki-1k_train,8849,nicolas cage,0,bm25,0.6087019177414168,0.2538946563306713,0.16262197444435963,0.5886839361451678,0.22343546412760268,0.17118102573090488,0.002023041946813464,0.030905879102647305,0.1846442308742553
wiki-1k_train,26881,buffalo sabres,1,l6,0.1526126629954856,0.8321348631895257,0.41119367955809943,0.10869272721994033,0.8324391904447646,0.4328354521664205,0.0022926770616322756,0.03084134799428284,0.17760908626951277
wiki-1k_train,31034,norwegian resistance movement,0,bm25,0.11993328681462029,0.11226669768371605,0.08227474136873916,0.07855756257578417,0.07855756257578417,0.08660499091446228,0.018269135849550366,0.048092410899698734,0.19450158695690334
wiki-1k_train,13000,tiberius,0,bm25,0.790756804173918,0.7659253223817266,0.7267942598733579,0.77979879056679,0.7629361029998613,0.7650465893403767,0.00018447288312017918,0.03141713002696633,0.17721805605106056
wiki-1k_train,546413,atlantic hurricane,2,bge,0.17723947467365944,0.19316837907961504,0.21762333616407095,0.13564513029528946,0.16011250757373918,0.22907719596217996,0.006194096989929676,0.03410495608113706,0.1907755450811237
wiki-1k_train,4860,german language,1,l6,0.46620111714135487,0.8053788017194573,0.7878852894011131,0.4459530885340235,0.8101159981468099,0.829352936211698,0.031785534927621484,0.06068329978734255,0.21320219594053924
wiki-1k_train,570552,arsacid dynasty of armenia,0,bm25,0.8640310318970343,0.824983447725747,0.7786806879222314,0.8578974171271683,0.8259948446888598,0.8196638820234016,0.0036237018648535013,0.036224004812538624,0.18649759399704635
wiki-1k_train,21890,peter gabriel,1,l6,0.708327720687156,0.7901187418740921,0.7496560990949444,0.695829034897346,0.790265643909219,0.7891116832578362,0.010394179029390216,0.040787216974422336,0.1917842540424317
wiki-1k_train,1192937,fellow of the royal society of arts,0,bm25,0.7865641069389969,0.7581456782285839,0.7256979972545441,0.790265643909219,0.7664750386350381,0.7638926286889938,0.06909514614380896,0.09742498025298119,0.24349416908808053
wiki-1k_train,97130,sir,0,bm25,0.048090158431079166,0.039866692326226603,0.0,0.0,0.0,0.0,0.007512585027143359,0.03986055008135736,0.19668084383010864
wiki-1k_train,13678,university of arizona,1,l6,0.7215845000770433,0.7595820029970525,0.7385708708114654,0.7210409588460674,0.7674385467575282,0.7774430219068058,0.06052309018559754,0.08797620516270399,0.22575811413116753
wiki-1k_train,13071,the chronicles of narnia,1,l6,0.8188797899047215,0.8236089789790297,0.7436314120063673,0.810016185429562,0.8233640308534738,0.7827699073751235,0.002316144062206149,0.03129139798693359,0.18220533011481166
wiki-1k_train,135330,doordarshan,0,bm25,0.8466879776892102,0.8241567684111106,0.4150849181432111,0.8386505356066813,0.8244519699044711,0.43693149278232746,0.00011413800530135632,0.034481838112697005,0.19003277295269072
wiki-1k_train,7926,mexico city,1,l6,0.7595171381301743,0.8019155629680754,0.742825453497245,0.7587928550995602,0.8101159981468099,0.7819215299971001,0.05189577303826809,0.08100483100861311,0.22889658296480775
wiki-1k_train,230998,united states district court for the northern district of illinois,1,l6,0.2951453019441104,0.8134038270037673,0.8085604510254054,0.28334451709163677,0.8331180051670386,0.8511162642372689,0.16298170806840062,0.19028745405375957,0.3390932520851493
wiki-1k_train,89910,conducting,1,l6,0.04765237961979046,0.14432029593681517,0.0,0.0,0.11055148546612087,0.0,0.008787749102339149,0.040066394954919815,0.187162907095626
wiki-1k_train,128652,new zealand house of representatives,0,bm25,0.026560312535902686,0.02242674834194912,0.0,0.0,0.0,0.0,0.15596728795208037,0.1834719548933208,0.3326991628855467
wiki-1k_train,973727,nepalis,1,l6,0.049942192132177786,0.3334307014741107,0.29264903933651704,0.0,0.30805162035422845,0.30805162035422845,0.00020650704391300678,0.032930667977780104,0.17861499800346792
wiki-1k_train,160359,japanese national railways,0,bm25,0.035503548091460134,0.02980924304453656,0.0,0.0,0.0,0.0,0.07283993600867689,0.10145195899531245,0.2512336689978838
wiki-1k_train,128,american civil war,2,bge,0.1256845308123921,0.1545310948702712,0.3293482103038052,0.09689890921500267,0.13263922177159893,0.3466823266355844,0.08713665790855885,0.1143204728141427,0.2661566170863807
wiki-1k_train,21268,supercars championship,1,l6,0.6885073268804891,0.7405878476273199,0.6767817390403208,0.6762065012132035,0.7385790441094844,0.7124018305687587,0.015398692106828094,0.04380321316421032,0.19798520114272833
wiki-1k_train,106835,east africa,0,bm25,0.7877670456956288,0.7277310621903127,0.7385708708114654,0.7851434793305905,0.7292330400778813,0.7774430219068058,0.03501578909344971,0.06486415024846792,0.21563412505201995
wiki-1k_train,197106,charlotte motor speedway,1,l6,0.6630171127435086,0.8317318231261881,0.8116745397805103,0.6469710944714316,0.8324195433068186,0.8543942524005372,0.005899243988096714,0.03331632586196065,0.18372819107025862
wiki-1k_train,198102,portuguese football federation,0,bm25,0.7807342449787911,0.7506738923228435,0.7646954585486265,0.7762311606476924,0.7519541345953951,0.8049425879459227,0.027879751985892653,0.05705987894907594,0.20851354184560478
wiki-1k_train,124695,uefa super cup,2,bge,0.5620169529395844,0.6190599559330544,0.923352084474464,0.5432175231436265,0.611258990159995,0.971949562604699,0.015409850049763918,0.04438710422255099,0.19073041016235948
wiki-1k_train,20053,literary criticism,0,bm25,0.738102844864457,0.7309971525317884,0.6927713880739872,0.7292330400778813,0.7292330400778813,0.7292330400778813,0.018743481021374464,0.04727173992432654,0.20074228919111192
wiki-1k_train,11794,stonehenge,1,l6,0.2625772925223337,0.8488004562831993,0.8182512486748028,0.223793939880227,0.8517381055171529,0.8613171038682135,6.782892160117626e-05,0.026050846790894866,0.12584045599214733
wiki-1k_train,1709607,2017 world championships in athletics,0,bm25,0.03458851711950498,0.02935267260439477,0.0,0.0,0.0,0.0,0.07947730203159153,0.10647864895872772,0.2578509240411222
wiki-1k_train,436607,municipalities of germany,0,bm25,0.8169913378750363,0.7897868889336643,0.801900091728203,0.8123616314633781,0.7917012873320408,0.8441053597138979,0.019126107916235924,0.04962155991233885,0.20123373973183334
wiki-1k_train,1234,bulgaria,1,l6,0.7055401809069608,0.7395260472896286,0.3155997105322719,0.690307016978388,0.7352921469864098,0.33221022161291786,0.0009097419679164886,0.032562690088525414,0.18087384197860956
wiki-1k_train,24842,vanessa redgrave,2,bge,0.18150159996063087,0.2639382472611683,0.7383742493464704,0.13853120853641188,0.2335107394799052,0.7772360519436531,0.00037187105044722557,0.02849783399142325,0.18043557996861637
wiki-1k_train,120942,greater houston,0,bm25,0.8108017868696606,0.7560748511790198,0.6927713880739872,0.8029133596932372,0.7533380309923435,0.7292330400778813,0.007412537932395935,0.03618322475813329,0.18852738407440484
wiki-1k_train,88615,leyte,0,bm25,0.7935824023638772,0.7849189697036197,0.7436314120063673,0.7827699073751235,0.7827699073751235,0.7827699073751235,0.00017865211702883244,0.03175898012705147,0.18226221203804016
wiki-1k_train,1445512,city of leeds,1,l6,0.6947609319732914,0.7548702574902966,0.7290666194196518,0.6891954493387926,0.7587928550995602,0.7674385467575282,0.046340636909008026,0.07425355887971818,0.23228983487933874
wiki-1k_train,159639,cavalier,1,l6,0.04991532490977477,0.309140375189244,0.2672190273703269,0.0,0.28128318670560726,0.28128318670560726,0.00031131808646023273,0.02970213000662625,0.18383097415789962
wiki-1k_train,28534,numidia,1,l6,0.3762156120228459,0.4987319366154035,0.4075172446158138,0.34341498669192516,0.4831585045553429,0.4289655206482251,7.865298539400101e-05,0.02821484603919089,0.1373835220001638
wiki-1k_train,1529402,baltimore,1,l6,0.316603648784825,0.8377499001703596,0.43304558622731665,0.28128318670560726,0.8377362648919308,0.45583745918664914,0.0022388440556824207,0.029467441840097308,0.18190786195918918
wiki-1k_train,451378,franks,0,bm25,0.04853661707343634,0.03987548661048812,0.0,0.0,0.0,0.0,0.004994919057935476,0.034557684091851115,0.1706634322181344
wiki-1k_train,24481,trabzon,1,l6,0.8296617780506773,0.864073599284713,0.8074749156144914,0.8207250003376567,0.8681148425136609,0.8499735953836751,6.154482252895832e-05,0.024267887929454446,0.11408906686119735
wiki-1k_train,1286448,unicef,0,bm25,0.8419220544639027,0.5206003802073592,0.7355440554817241,0.8336589827172538,0.5041910461278604,0.7742569005070781,0.00019707810133695602,0.030599499121308327,0.18255031807348132
wiki-1k_train,1626061,ford motor company,2,bge,0.31284948669338264,0.4372887403353568,0.7638088029874492,0.28652662974467613,0.4241897605084525,0.8040092663025782,0.04103236412629485,0.06885612616315484,0.2194053630810231
wiki-1k_train,80366,isometric projection,0,bm25,0.8209033803634441,0.8135430957455232,0.7436314120063673,0.8163447984767531,0.8163447984767531,0.7827699073751235,0.018467203015461564,0.04786137095652521,0.19968091906048357
wiki-1k_train,6491,jeep,0,bm25,0.9092542029288195,0.5050373578534579,0.8230297549616093,0.904541202861306,0.4878373766050261,0.8663471104859046,0.00020674802362918854,0.02900191000662744,0.17246308806352317
wiki-1k_train,101124,university of iowa,1,l6,0.7313515756302181,0.7474660835119681,0.6927713880739872,0.7292330400778813,0.7522350470981098,0.7292330400778813,0.05299492506310344,0.07961996993981302,0.23203062801621854
wiki-1k_train,8998,nigeria,1,l6,0.7552177149552897,0.8906878737543003,0.8022311507722272,0.7426750847253913,0.8934112481521634,0.8444538429181339,0.0011868400033563375,0.029533191118389368,0.18337191501632333
wiki-1k_train,367154,italian wine,1,l6,0.4224699149300908,0.7772461850571943,0.4187815390713783,0.39462994548677366,0.7767911141697906,0.440822672706714,0.009209370939061046,0.040596419014036655,0.1896076740231365
wiki-1k_train,442306,central los angeles,0,bm25,0.7849745726428001,0.7781962521807099,0.7436314120063673,0.7827699073751235,0.7827699073751235,0.7827699073751235,0.034897895995527506,0.062223009997978806,0.20156257110647857
wiki-1k_train,87509,royal new zealand air force,0,bm25,0.7735228571574366,0.18235866065472148,0.7436314120063673,0.7827699073751235,0.1656852072202793,0.7827699073751235,0.125248528085649,0.15597886126488447,0.31143095321021974
wiki-1k_train,238290,butterfield overland mail,0,bm25,0.7237094120135333,0.6309396381944035,0.3452639396013201,0.7099028315895618,0.6201549580251001,0.36343572589612644,0.0026008959393948317,0.03057097690179944,0.18623642390593886
wiki-1k_train,199322,states and federal territories of malaysia,1,l6,0.7255610714966794,0.7699728903733217,0.7388201156403141,0.7292330400778813,0.7819215299971001,0.7777053848845412,0.09098814497701824,0.12081778491847217,0.26434186892583966
wiki-1k_train,404904,hakea,1,l6,0.2946928580173245,0.767201605774454,0.21162258406023546,0.2575960808652544,0.7660518084355032,0.22276061480024786,5.4415082558989525e-05,0.02450804808177054,0.11617818102240562
wiki-1k_train,3291,debian,1,l6,0.951552435599103,0.9525603128242117,0.7755275585529154,0.949031448998785,0.9594058765216499,0.8163447984767531,9.314087219536304e-05,0.030124699929729104,0.16971145872958004
wiki-1k_train,133149,july monarchy,2,bge,0.0432305933444057,0.193592030279383,0.6210396541950325,0.0,0.16559412347835012,0.6537259517842448,0.02826889301650226,0.057304385816678405,0.20879889815114439
wiki-1k_train,664,acorn electron,1,l6,0.4455401765312528,0.7682273394587728,0.22760316326989405,0.41786000193345263,0.7660518084355032,0.23958227712620428,0.005215139826759696,0.034803088987246156,0.1827532707247883
wiki-1k_train,113836,15th arrondissement of paris,1,l6,0.8471184437449097,0.8660174902205012,0.8001272621992774,0.8422392233676604,0.8706132980313397,0.8422392233676604,0.01141942385584116,0.04199573979713023,0.18976591690443456
wiki-1k_train,208266,circuit de monaco,1,l6,0.7805228418007264,0.7905862277853347,0.748718162034262,0.7762311606476924,0.7939464903612943,0.7881243810886969,0.029062297893688083,0.05757432896643877,0.21069527184590697
wiki-1k_train,2433785,dhanbad sadar subdivision,2,bge,0.7424893161975346,0.7330776377603503,0.8273617070970393,0.7292330400778813,0.7292330400778813,0.8709070601021467,0.0010892630089074373,0.037433875957503915,0.19308252609334886
wiki-1k_train,1632177,arab spring,0,bm25,0.04718481297391998,0.039612835350855524,0.0,0.0,0.0,0.0,0.010904774069786072,0.04023522511124611,0.19367761304602027
wiki-1k_train,139212,union cycliste internationale,0,bm25,0.04623452323870969,0.038860470260491276,0.0,0.0,0.0,0.0,0.014356467872858047,0.0424711958039552,0.19063280406408012
wiki-1k_train,918461,act of independence of lithuania,0,bm25,0.7853902444390468,0.47012809078976,0.40698755057873004,0.7827699073751235,0.458142605973879,0.42840794797761056,0.035483866930007935,0.06504763197153807,0.21528422180563211
wiki-1k_train,668604,brisbane roar fc,2,bge,0.15645222190257588,0.45652677155198756,0.7395259432071258,0.1132492911881539,0.4369602638955153,0.7784483612706589,0.004210856975987554,0.03186327707953751,0.18556493194773793
wiki-1k_train,30844,1972 summer olympics,1,l6,0.04341277512802911,0.1592311995715823,0.09205396375425254,0.0,0.12955981502167885,0.09689890921500267,0.025038382969796658,0.05264694197103381,0.19005259010009468
wiki-1k_train,1548587,nahuatl,0,bm25,0.7708192980851737,0.7332547880989548,0.6927713880739872,0.7587928550995602,0.7292330400778813,0.7292330400778813,0.00012250314466655254,0.034375317161902785,0.18060713517479599
wiki-1k_train,152460,ecm records,1,l6,0.7598252618647089,0.763401781105332,0.7385708708114654,0.7564511922106688,0.7674385467575282,0.7774430219068058,0.038973954040557146,0.06935078697279096,0.22135813208296895
wiki-1k_train,167795,south dublin,1,l6,0.4478375368761205,0.7774305695195713,0.7436314120063673,0.42840794797761056,0.7827699073751235,0.7827699073751235,0.04040030692704022,0.07153202500194311,0.22076637391000986
wiki-1k_train,1259044,ferdinand ii of aragon,2,bge,0.04507312141682719,0.037772488262903386,0.3885170920490033,0.0,0.0,0.40896536005158246,0.020033155102282763,0.04971822118386626,0.20330473710782826
wiki-1k_train,413476,national premier leagues victoria,2,bge,0.4305858989808874,0.4249194608658902,0.727749218013728,0.41786000193345263,0.41786000193345263,0.7660518084355032,0.0789230209775269,0.106223528040573,0.24089654302224517
wiki-1k_train,1402942,ascenso mx,0,bm25,0.846416421573193,0.47797986497523237,0.43683548524610416,0.8383902600932412,0.4598268265748465,0.4598268265748465,0.0001794770359992981,0.02925661113113165,0.16518668504431844
wiki-1k_train,10037,prague,1,l6,0.4557843338205733,0.8633212318215693,0.7910664757513748,0.4275092458747353,0.8653816069473965,0.8327015534224999,0.0012129880487918854,0.03051578998565674,0.17355685797519982
wiki-1k_train,80222,alternative rock,1,l6,0.4199219671151872,0.7303604182054121,0.6927713880739872,0.39462994548677366,0.7292330400778813,0.7292330400778813,0.019513577921316028,0.04866539686918259,0.19605799298733473
wiki-1k_train,195394,nova scotia house of assembly,0,bm25,0.733350151492397,0.7273758021307324,0.6927713880739872,0.7292330400778813,0.7292330400778813,0.7292330400778813,0.041198605904355645,0.06732414290308952,0.21864754986017942
wiki-1k_train,198977,darlington raceway,1,l6,0.7134571273456001,0.7249569158878796,0.7152057709034091,0.6985538466946999,0.7185405502439585,0.7528481798983254,0.0006094439886510372,0.02760667004622519,0.18028005491942167
wiki-1k_train,283954,the railway series,2,bge,0.28535143799452717,0.8123694908780776,0.8137723850205676,0.2567641943906379,0.8187417410932256,0.8566025105479659,0.03647263394668698,0.06565490597859025,0.21267966297455132
wiki-1k_train,177732,tasman district,1,l6,0.81462367837406,0.8381308502046395,0.8001272621992774,0.810016185429562,0.8422392233676604,0.8422392233676604,0.019604430999606848,0.04807795607484877,0.20038473210297525
wiki-1k_train,2269391,usl league one,0,bm25,0.7422428030841857,0.24510250639957504,0.278011547266146,0.7519541345953951,0.2335107394799052,0.2926437339643642,0.12913452205248177,0.15610800893045962,0.29197954502888024
wiki-1k_train,146273,wuxi,1,l6,0.5085831929224394,0.8228396188353467,0.8101964633928787,0.4827506192220987,0.8259948446888598,0.8528383825188197,5.0171976909041405e-05,0.019896514946594834,0.08391270902939141
wiki-1k_train,18505,charles ii of england,0,bm25,0.7591671771474593,0.7271307195047134,0.7385708708114654,0.7564511922106688,0.7292330400778813,0.7774430219068058,0.041732098907232285,0.06898705288767815,0.22053741686977446
wiki-1k_train,1018273,classical greece,1,l6,0.4218906540047906,0.7578077183103771,0.7146232947432043,0.39462994548677366,0.7564511922106688,0.7522350470981098,0.01115443604066968,0.040129472967237234,0.18542551901191473
wiki-1k_train,17774,calabria,0,bm25,0.8329535686991238,0.8085541395068939,0.742825453497245,0.8242165139119946,0.8072651999062199,0.7819215299971001,0.00018516811542212963,0.029657728038728237,0.17763798008672893
wiki-1k_train,104720,bottrop,0,bm25,0.8948537571697925,0.8832971153034057,0.7788032565819137,0.8893675412635144,0.8893675412635144,0.8197929016651724,2.283393405377865e-05,0.0058343480341136456,0.025143610779196024
wiki-1k_train,9512,oda nobunaga,1,l6,0.39673396745465217,0.8556410461965395,0.29264903933651704,0.3650325564049353,0.8571445033254159,0.30805162035422845,0.00017293216660618782,0.03183934511616826,0.18412266322411597
wiki-1k_train,79992,rebbe,1,l6,0.14557786629092304,0.7334213511671439,0.4530343379062877,0.10064529888126222,0.7292330400778813,0.4768782504276713,0.0001245590392500162,0.03311656415462494,0.1770932269282639
wiki-1k_train,87635,natalie imbruglia,1,l6,0.5527462531473905,0.885541686915677,0.4544610041072691,0.5293353092688656,0.8887610998072017,0.4783800043234412,0.00044052605517208576,0.031632971949875355,0.1801143530756235
wiki-1k_train,1182142,national health service,0,bm25,0.03355789788430762,0.027967396235209774,0.0,0.0,0.0,0.0,0.0875071999616921,0.11726064281538129,0.26610709307715297
wiki-1k_train,641874,saudi professional league,1,l6,0.3255464124324851,0.48184518099787355,0.4390257707908243,0.29820998182892455,0.4696044690223316,0.46213239030613085,0.0326234030071646,0.06008351012133062,0.2103902178350836
wiki-1k_train,103436,germany national football team,1,l6,0.24384201538711928,0.7186699941072939,0.6927713880739872,0.22372529669744207,0.7292330400778813,0.7292330400778813,0.09941460704430938,0.12815042515285313,0.2658568739425391
wiki-1k_train,70775,sikkim,0,bm25,0.8758070944403277,0.8479033957143222,0.7830056882163948,0.8693133345225939,0.8496868516984257,0.8242165139119946,0.00014452985487878323,0.033125174697488546,0.17810931685380638
wiki-1k_train,455937,dhanbad district,0,bm25,0.94529508882832,0.9418523438987803,0.8960609312032569,0.9474381779580925,0.952893002065309,0.9432220328455336,0.019575760001316667,0.05496271909214556,0.2051458868663758
wiki-1k_train,185335,suzuki,2,bge,0.7591135845342123,0.4486974276917498,0.7685623635399473,0.7465112966324987,0.42753837771925435,0.8090130142525762,0.00030377693474292755,0.03142739296890795,0.21052560186944902
wiki-1k_train,16104,lord mayor of london,0,bm25,0.8650883791709139,0.7780936034024959,0.7186286326001353,0.8653816069473965,0.7805561831251311,0.7564511922106688,0.02946526394225657,0.05635688384063542,0.20974263595417142
wiki-1k_train,31470,burgundy,1,l6,0.8139514205112865,0.822480677588052,0.727749218013728,0.8042459008109046,0.8220051424133208,0.7660518084355032,0.0003025850746780634,0.03101577516645193,0.18408719403669238
wiki-1k_train,575724,telugu cinema,1,l6,0.29416470972274217,0.785357383232971,0.6927713880739872,0.2578741793052055,0.7842631928859913,0.7292330400778813,0.003057211870327592,0.036324975779280066,0.1873841299675405
wiki-1k_train,141828,james caan,2,bge,0.4583188190600187,0.4069734382146853,0.7542491658432295,0.43324238610387966,0.38697316488232586,0.7939464903612943,0.012395481113344431,0.040480525232851505,0.19003035011701286
wiki-1k_train,9651,paleontology,1,l6,0.16827617384608562,0.7341760586438224,0.7290666194196518,0.12456157661624138,0.7292330400778813,0.7674385467575282,0.00020972802303731441,0.0314472708851099,0.182932318886742
wiki-1k_train,1259,botswana,1,l6,0.5148941117885178,0.8826718231858136,0.7765811529580726,0.48943968341613764,0.8861039963809056,0.8174538452190239,0.0002681408077478409,0.0332572169136256,0.18219192465767264
wiki-1k_train,478432,tirunelveli district,1,l6,0.7379977008411162,0.7554835078368949,0.7396119820903394,0.7292330400778813,0.7564511922106688,0.7785389285161468,0.019185597077012062,0.05283066420815885,0.20095155108720064
wiki-1k_train,160592,middlebury college,0,bm25,0.8964467525538797,0.83592845493374,0.8646154688153321,0.8988664234130068,0.8422392233676604,0.9101215461214023,0.03162090806290507,0.06005326099693775,0.21147290710359812
wiki-1k_train,1829108,national premier leagues queensland,0,bm25,0.8160491838572523,0.8106758274472597,0.7815048081093915,0.822636640115149,0.822636640115149,0.822636640115149,0.0786080879624933,0.10593725088983774,0.2543025331106037
wiki-1k_train,99071,royal flying corps,0,bm25,0.04419221091738029,0.03760380476146936,0.0,0.0,0.0,0.0,0.023527148878201842,0.0502165500074625,0.20254823775030673
wiki-1k_train,283646,government of new south wales,1,l6,0.4393725680152115,0.7807652944793192,0.7240343986948438,0.4328354521664205,0.796998361779207,0.7621414723103619,0.13629672303795815,0.16479164105840027,0.31230472098104656
wiki-1k_train,1169835,jalisco,0,bm25,0.8531560692036823,0.7909257103516025,0.7169682089710968,0.8454707065858669,0.7895262830630062,0.7547033778643125,0.00014837202616035938,0.03293715603649616,0.18049223301932216
wiki-1k_train,18591,egyptian language,0,bm25,0.7392309835027078,0.7314279468558849,0.6927713880739872,0.7292330400778813,0.7292330400778813,0.7292330400778813,0.013522065943107009,0.04332464188337326,0.19096780708059669
wiki-1k_train,83819,the wb,1,l6,0.20667643121537255,0.4424203331120966,0.0,0.16498778973169592,0.4218480976195612,0.0,0.0002331049181520939,0.03135458682663739,0.18808178789913654
wiki-1k_train,909768,communism,1,l6,0.1548893663186162,0.2375430998635947,0.15673840024511113,0.11055148546612087,0.2059708283809726,0.16498778973169592,0.0004840740002691746,0.029247700003907084,0.17989314091391861
wiki-1k_train,2892,colonialism,0,bm25,0.04839712214843835,0.04048216428118447,0.0,0.0,0.0,0.0,0.006121933227404952,0.03635183721780777,0.1909669293090701
wiki-1k_train,221045,liberal conservatism,0,bm25,0.7920802165745721,0.7837606697178121,0.7436314120063673,0.7827699073751235,0.7827699073751235,0.7827699073751235,0.005850569810718298,0.03722900780849159,0.18858261476270854
wiki-1k_train,123821,linnean society of london,0,bm25,0.745779745293677,0.41708198431738197,0.7028361580329575,0.7398275347715343,0.4013143274130543,0.7398275347715343,0.02915422013029456,0.058530725073069334,0.20657961210235953
wiki-1k_train,1914857,armed forces of south russia,1,l6,0.12215769089388644,0.36283828405549595,0.2304685656664288,0.09047666698890877,0.35029530205040144,0.2425984901751882,0.06830308795906603,0.09873891691677272,0.2475620920304209
wiki-1k_train,134777,prosieben,1,l6,0.7777215831782909,0.7991147787039482,0.7809048852926547,0.7660518084355032,0.8003594380898702,0.8220051424133208,3.89651395380497e-05,0.015829638112336397,0.07050003902986646
wiki-1k_train,98980,nablus,1,l6,0.49122069243424243,0.8517786019904227,0.7967180088263472,0.4644740531950221,0.853195564148425,0.8386505356066813,0.00010477704927325249,0.030937648145481944,0.17664153408259153
wiki-1k_train,5842,horror fiction,1,l6,0.4699581477050181,0.7331236757349017,0.6927713880739872,0.44393583392503927,0.7292330400778813,0.7292330400778813,0.006356112891808152,0.03443322889506817,0.1784528170246631
wiki-1k_train,1641822,polish navy,1,l6,0.7584223898621967,0.8359915734051562,0.77486610215713,0.748259110978855,0.8377362648919308,0.8156485285864528,0.00933760218322277,0.0379776603076607,0.19262593518942595
wiki-1k_train,807133,animal rights,1,l6,0.4951085864743676,0.8364184645686532,0.3325602674973427,0.4755362658734645,0.8425628606360388,0.35006343947088703,0.02630381495691836,0.055433521047234535,0.1977472899015993
wiki-1k_train,28027,federal emergency management agency,1,l6,0.03954672289686545,0.18080072085415633,0.1565979797840358,0.0,0.1554132829603698,0.1648399787200377,0.044786042999476194,0.07215746399015188,0.21422010799869895
wiki-1k_train,683928,ehf champions league,1,l6,0.4502646077657858,0.7794828194950121,0.7695153761580839,0.42840794797761056,0.7827699073751235,0.810016185429562,0.026700859190896153,0.05619259108789265,0.19858014513738453
wiki-1k_train,401110,caudovirales,1,l6,0.4611347327238096,0.7642341510602398,0.7385708708114654,0.4328354521664205,0.7674385467575282,0.7774430219068058,2.5597866624593735e-05,0.006441050674766302,0.021712672896683216
wiki-1k_train,27160,trans canada highway,0,bm25,0.8001668476386506,0.7815103843664807,0.390924233188911,0.7939464903612943,0.7818700924502158,0.4114991928304327,0.016164578963071108,0.0446102989371866,0.19798283907584846
wiki-1k_train,288100,utah transit authority,1,l6,0.6815212223735851,0.919353519925278,0.8240221950579137,0.6710760853858939,0.9288860610878724,0.8673917842714882,0.024137859931215644,0.052644386887550354,0.20111334486864507
wiki-1k_train,22992,metro goldwyn mayer,0,bm25,0.788011622300069,0.5884973528444705,0.7379515584613011,0.7774430219068058,0.5764110133592938,0.7767911141697906,0.0018742589745670557,0.030474542872980237,0.16756942006759346
wiki-1k_train,121660,cold war,1,l6,0.44527616316421786,0.7839781228044603,0.26647810065931304,0.4256807044452342,0.7893596244431496,0.2805032638519085,0.03754428192041814,0.06550751603208482,0.20582345803268254
wiki-1k_train,84432,nara prefecture,1,l6,0.7554808379828014,0.8057765348923867,0.7646954585486265,0.7429500715833809,0.8049425879459227,0.8049425879459227,0.0011736250016838312,0.03253495506942272,0.18239283305592835
wiki-1k_train,4682,french horn,1,l6,0.4343435763610095,0.752165157018655,0.7143564278656253,0.40896536005158246,0.7519541345953951,0.7519541345953951,0.016013565007597208,0.04677727911621332,0.19184742798097432
wiki-1k_train,622603,2011 pan american games,1,l6,0.7268762153792708,0.7527123848138291,0.7509185260888689,0.7292330400778813,0.7621414723103619,0.7904405537777568,0.07965819607488811,0.10685465298593044,0.25057354709133506
wiki-1k_train,12063,samaria,0,bm25,0.7936069331490258,0.4472904147247616,0.29264903933651704,0.7827699073751235,0.42840794797761056,0.30805162035422845,6.969412788748741e-05,0.02760886331088841,0.14235576218925416
wiki-1k_train,177999,french community of belgium,1,l6,0.7856925532611094,0.8048104488617538,0.8001272621992774,0.7827699073751235,0.810016185429562,0.8422392233676604,0.03450793796218932,0.06391809391789138,0.21733563393354416
wiki-1k_train,89797,composer,0,bm25,0.04713240490691112,0.039474259399627065,0.0,0.0,0.0,0.0,0.01091145002283156,0.04005136317573488,0.1902543711476028
wiki-1k_train,118543,mpumalanga,1,l6,0.8218623036646916,0.841973163287796,0.8001272621992774,0.812504565371392,0.8422392233676604,0.8422392233676604,5.651591345667839e-05,0.027054805075749755,0.16589696402661502
wiki-1k_train,83195,university of copenhagen,1,l6,0.1845230018467795,0.7772337609519928,0.7542491658432295,0.15366855106070515,0.7844438560162545,0.7939464903612943,0.05289123416878283,0.083004035288468,0.23072183202020824
wiki-1k_train,127742,worthing,2,bge,0.4918715641392696,0.7973612019130132,0.8342109370485816,0.46574388439890124,0.7960154823816253,0.8781167758406123,0.002101012971252203,0.031790298875421286,0.1795350769534707
wiki-1k_train,7535,latin literature,0,bm25,0.7907376654350633,0.7826438571655492,0.7436314120063673,0.7827699073751235,0.7827699073751235,0.7827699073751235,0.011033705901354551,0.041894977912306786,0.1906474120914936
wiki-1k_train,82053,outsider art,0,bm25,0.8497493410900243,0.8463295685098999,0.7577595806778689,0.8499818094022296,0.8535949978492585,0.797641663871441,0.030739815905690193,0.057977394899353385,0.19874766585417092
wiki-1k_train,127830,penzance,2,bge,0.16387802940245286,0.3867049236890059,0.6927713880739872,0.11990091623523128,0.36363364064135895,0.7292330400778813,0.00010157516226172447,0.031912676291540265,0.1824199662078172
wiki-1k_train,166563,guru gobind singh,2,bge,0.8255944654342017,0.5621281252013931,0.8410924757143858,0.8168988766746699,0.5490152882156552,0.8853605007519851,0.0017176279798150063,0.035276108887046576,0.18691510590724647
wiki-1k_train,165586,lakota language,1,l6,0.7396020916854481,0.7774341964158018,0.7137547375641914,0.7292330400778813,0.7767911141697906,0.7513207763833594,0.012383429799228907,0.04109461489133537,0.195365599822253
wiki-1k_train,592238,south africa national rugby sevens team,2,bge,0.6764599917385145,0.3435395985136964,0.727749218013728,0.6834535024529808,0.3378866632598197,0.7660518084355032,0.13691869308240712,0.16470878617838025,0.2999861519783735
wiki-1k_train,26197,incheon,1,l6,0.4719607369007408,0.7916412559622099,0.43304558622731665,0.4442052741876672,0.7893596244431496,0.45583745918664914,0.00012584403157234192,0.030293365009129047,0.18358753388747573
wiki-1k_train,353166,east champaran district,1,l6,0.4731206794924559,0.804725040335768,0.7436314120063673,0.45565422603204897,0.812504565371392,0.7827699073751235,0.04416276514530182,0.07769397809170187,0.22645631921477616
wiki-1k_train,296192,cbc television,1,l6,0.7609913441800119,0.7889379778825814,0.7644281153376137,0.7522350470981098,0.7893596244431496,0.8046611740395934,0.01379665290005505,0.0416095748078078,0.18993448093533516
wiki-1k_train,120583,bath rugby,1,l6,0.2904335033364538,0.8353033581134132,0.4236554341073223,0.25413260542595406,0.8369176985350588,0.4459530885340235,0.0035992839839309454,0.03542613983154297,0.18132927897386253
wiki-1k_train,217973,air racing,2,bge,0.12142164953101474,0.49288112514859733,0.727749218013728,0.08225208046880018,0.48014429857672847,0.7660518084355032,0.02785375597886741,0.05496245110407472,0.20731224794872105
wiki-1k_train,29959,rimini,1,l6,0.3745855792807873,0.8368158833895226,0.7778046540385642,0.3417040350999442,0.8374393060550054,0.8187417410932256,0.00012036599218845367,0.03167666494846344,0.18097937083803117
wiki-1k_train,12529,six day war,0,bm25,0.13880321244382898,0.02821530381198142,0.0,0.11055148546612087,0.0,0.0,0.08624686812981963,0.11583112715743482,0.26585435518063605
wiki-1k_train,248592,indie pop,0,bm25,0.7511623679102866,0.7427118462467894,0.7028361580329575,0.7398275347715343,0.7398275347715343,0.7398275347715343,0.005966617958620191,0.036090486915782094,0.17823674180544913
wiki-1k_train,1271109,gossip girl,2,bge,0.7157560620771082,0.8010816499088601,0.8024663358543312,0.7032662132713721,0.8008859061512043,0.844701406162454,0.008688164176419377,0.036132042994722724,0.1851034201681614
wiki-1k_train,458,algiers,1,l6,0.1999322682725161,0.7346107900381137,0.3990952691095447,0.1579084322324807,0.7292330400778813,0.4201002832732049,0.0002976860851049423,0.03008701791986823,0.18434321717359126
wiki-1k_train,32267,sochi,1,l6,0.7534848623491676,0.8818047001515275,0.854886098672874,0.7405599688691703,0.8848432628266216,0.8998801038661832,0.00017077592201530933,0.031888655852526426,0.18125970591790974
wiki-1k_train,168690,cowal,0,bm25,0.8602535965900985,0.4728952085887274,0.745695305981816,0.8529304384574175,0.4569604244921579,0.78494242734928,3.96000687032938e-05,0.014650478027760983,0.06530366302467883
wiki-1k_train,1186009,ottawa redblacks,1,l6,0.32192531714405104,0.7448274337414563,0.7028361580329575,0.28658043405243383,0.7398275347715343,0.7398275347715343,0.0011880400124937296,0.02917762892320752,0.18216152698732913
wiki-1k_train,218546,rosh yeshiva,0,bm25,0.8204716268733874,0.8157756078059013,0.7436314120063673,0.8111439820388029,0.8163447984767531,0.7827699073751235,0.0004158089868724346,0.03521263785660267,0.1805415078997612
wiki-1k_train,365980,hong kong action cinema,1,l6,0.17424620805776395,0.7322133439362453,0.6927713880739872,0.13481497274338683,0.7292330400778813,0.7292330400778813,0.015031051822006702,0.04145711683668196,0.1963295298628509
wiki-1k_train,102289,columbus crew sc,2,bge,0.7649704745690891,0.8275903354701625,0.8593141427182407,0.7552637960029562,0.8288625731401131,0.904541202861306,0.00955812307074666,0.03713159915059805,0.18888588529080153
wiki-1k_train,346611,northeast philadelphia,0,bm25,0.7407429793016933,0.7336201446801562,0.6927713880739872,0.7292330400778813,0.7292330400778813,0.7292330400778813,0.008125232998281717,0.0366572979837656,0.20028588688001037
wiki-1k_train,88440,tabasco,1,l6,0.20308655351775137,0.381545570219109,0.17970689282037278,0.16117024649330172,0.3607600921196449,0.18916515033723452,6.750901229679585e-05,0.029964104061946273,0.13404937903396785
wiki-1k_train,132227,sibiu,1,l6,0.8158964104743519,0.8845293581187971,0.8001272621992774,0.806239474870948,0.8893675412635144,0.8422392233676604,8.686305955052376e-05,0.02897182898595929,0.1396932052448392
wiki-1k_train,4051,european commission,0,bm25,0.8459558409669906,0.7706221906862117,0.7035319704257118,0.8454367223157155,0.7732418540689807,0.7405599688691703,0.028185985051095486,0.05457142600789666,0.19549041613936424
wiki-1k_train,71133,severn valley railway,1,l6,0.8410615541890091,0.8558611350067389,0.8299751968666514,0.8375021025895036,0.8613171038682135,0.8736581019648963,0.017588102025911212,0.0477321851067245,0.19262206298299134
wiki-1k_train,17070,south west africa,1,l6,0.7696937235506395,0.8583364171790494,0.6540876080042449,0.7726645837693185,0.8719738813639288,0.6885132715834157,0.0709731939714402,0.09919459605589509,0.24750669696368277
wiki-1k_train,98896,french revolutionary wars,0,bm25,0.6092813289102617,0.13780491388261534,0.15001301062085665,0.6005160042737561,0.11055148546612087,0.1579084322324807,0.052398455096408725,0.0804941481910646,0.23373645613901317
wiki-1k_train,3692,esperanto,1,l6,0.5221831155237872,0.8484689840490703,0.8252283554462996,0.49705807714759564,0.8499223076909024,0.8686614267855786,7.541384547948837e-05,0.030624021776020527,0.17094624182209373
wiki-1k_train,18910,chhattisgarh,1,l6,0.8800733298293585,0.9127311652432543,0.8856229443837403,0.873791842612888,0.9177856793292537,0.9322346782986741,0.00010476703755557537,0.033201671205461025,0.18112841015681624
wiki-1k_train,316105,ogun state,2,bge,0.7641284080941094,0.7697795741650493,0.7821815367097256,0.7674385467575282,0.7794531992308974,0.8233489860102374,0.08016927307471633,0.11109638819471002,0.2683362530078739
wiki-1k_train,17391,interstate highway system,0,bm25,0.8351861700096217,0.7978539905991289,0.6927713880739872,0.8342209890612722,0.8015480128212682,0.7292330400778813,0.030994106084108353,0.05762538104318082,0.21159940701909363
wiki-1k_train,2412,claudius,1,l6,0.1750858267723155,0.7851399183459554,0.1574009468592653,0.13173883416331533,0.7827699073751235,0.1656852072202793,0.00024353200569748878,0.031301432056352496,0.1843105189036578
wiki-1k_train,212817,software framework,0,bm25,0.7413698775049546,0.7334053526617972,0.6927713880739872,0.7292330400778813,0.7292330400778813,0.7292330400778813,0.0052159070037305355,0.03485693992115557,0.18608161504380405
wiki-1k_train,37720,guinness world records,1,l6,0.18131186383760622,0.7211650337243002,0.7156711294427264,0.1556110119751481,0.7292330400778813,0.7533380309923435,0.08955478598363698,0.11713781603612006,0.2710726070217788
wiki-1k_train,889253,northern alberta,0,bm25,0.7734229674476047,0.7659202765846514,0.727749218013728,0.7660518084355032,0.7660518084355032,0.7660518084355032,0.017093980917707086,0.04673878592438996,0.19756115204654634
wiki-1k_train,203747,greek alphabet,1,l6,0.5051858816693785,0.7590262405599612,0.4187815390713783,0.4813077969730804,0.7564511922106688,0.440822672706714,0.007588088978081942,0.035430538933724165,0.18448808789253235
wiki-1k_train,134182,independent film,0,bm25,0.7319733224512635,0.7251651692313886,0.6927713880739872,0.7292330400778813,0.7292330400778813,0.7292330400778813,0.04581785900518298,0.07470590388402343,0.21215771697461605
wiki-1k_train,753,apple ii,2,bge,0.763556455055756,0.7672572583545907,0.7679174895537871,0.7564511922106688,0.7674385467575282,0.8083341995303023,0.02118436503224075,0.04932276392355561,0.20882909605279565
wiki-1k_train,239792,pordenone,1,l6,0.8500966735739359,0.86984883344115,0.7553553601982161,0.8422392233676604,0.87581411446929,0.7951109054718065,4.1448045521974564e-05,0.016496731899678707,0.06775074894540012
wiki-1k_train,90040,episcopal see,1,l6,0.04638634828413862,0.4464767862219254,0.198920815846042,0.0,0.42840794797761056,0.20939033246951788,0.014839750016108155,0.043163295136764646,0.20532900211401284
wiki-1k_train,1492908,pretty little liars,2,bge,0.04640752531700288,0.03854941219281077,0.3088767826159624,0.0,0.0,0.3251334553852236,0.013363871956244111,0.042595759965479374,0.18599813687615097
wiki-1k_train,782597,randers,0,bm25,0.7936019736578126,0.7839971976094362,0.7718793371028224,0.7827699073751235,0.7827699073751235,0.812504565371392,8.191377855837345e-05,0.026807716581970453,0.13912767288275063
wiki-1k_train,1108478,seattle sounders fc,2,bge,0.1957699677933714,0.7147482819286057,0.7661856524644327,0.1550301528081101,0.7097130210848133,0.8065112131204555,0.005233051022514701,0.03287949599325657,0.17343174596317112
wiki-1k_train,239673,amateur wrestling,2,bge,0.048470167690088335,0.04079052939890007,0.1404476055484719,0.0,0.0,0.14783958478786519,0.005744897061958909,0.03458383004181087,0.18776231305673718
wiki-1k_train,722886,lega basket serie a,0,bm25,0.7808407399074232,0.19173865225881506,0.6927713880739872,0.7774430219068058,0.16498778973169592,0.7292330400778813,0.030606555985286832,0.05938976095058024,0.19796919589862227
wiki-1k_train,1470967,ashanti people,2,bge,0.6063633785139103,0.5988796999056317,0.6197471000290727,0.5942566357917078,0.5942566357917078,0.6523653684516556,0.0357542980927974,0.06846331502310932,0.21853568707592785
wiki-1k_train,73863,udinese calcio,2,bge,0.7776711363789806,0.768477597321754,0.7809048852926547,0.7660518084355032,0.7660518084355032,0.8220051424133208,0.00025778799317777157,0.030610430985689163,0.1650759452022612
wiki-1k_train,7902,muhammad,2,bge,0.369218150056985,0.41605594078562197,0.42094717577876184,0.33641548850857145,0.39462994548677366,0.4431022902934335,0.0013813499826937914,0.03243697388097644,0.18341502198018134
wiki-1k_train,157,author,0,bm25,0.04461999156516431,0.03746737757381352,0.0,0.0,0.0,0.0,0.021297604078426957,0.04961234424263239,0.197932813083753
wiki-1k_train,32949,yonne,1,l6,0.12181927946980112,0.2387850126512665,0.07813947644536016,0.07563540659898957,0.21100863473925052,0.08225208046880018,4.0760962292551994e-05,0.01384909194894135,0.059320081025362015
wiki-1k_train,28099,county waterford,1,l6,0.7290821676645901,0.7762009899609419,0.3921851767744719,0.7210409588460674,0.7774430219068058,0.4128265018678652,0.02457702299579978,0.051469114841893315,0.2080420800484717
wiki-1k_train,58012,malay language,0,bm25,0.8202682065099193,0.819756976302286,0.7916857881015393,0.8147032943522694,0.8224347152954868,0.8333534611595151,0.014193331124261022,0.04433015896938741,0.19180575711652637
wiki-1k_train,248490,north queensland cowboys,2,bge,0.32294631200174234,0.2112012929034691,0.7137547375641914,0.29820998182892455,0.18707552603717398,0.7513207763833594,0.04555635689757764,0.0726938487496227,0.220011617988348
wiki-1k_train,12312,sea of marmara,0,bm25,0.7759261970893632,0.7630947869733883,0.6927713880739872,0.7674385467575282,0.7621414723103619,0.7292330400778813,0.012271280167624354,0.04274681117385626,0.1953762723132968
wiki-1k_train,12323,scottish highlands,1,l6,0.2639366040435423,0.7337095799095944,0.6927713880739872,0.2269144532931665,0.7292330400778813,0.7292330400778813,0.006223300006240606,0.034552681958302855,0.1906500409822911
wiki-1k_train,1334466,robert burns,0,bm25,0.5932459571345987,0.23301402624342077,0.09561303393719911,0.5764110133592938,0.20487217334631352,0.10064529888126222,0.017175558023154736,0.04591688886284828,0.19766988209448755
wiki-1k_train,11172,russian civil war,0,bm25,0.3211595146643767,0.031898653689151645,0.1230818242705949,0.29820998182892455,0.0,0.12955981502167885,0.058156796963885427,0.0867149168625474,0.23952615284360945
wiki-1k_train,72619,university of notre dame,1,l6,0.1317823134220203,0.44536380827447736,0.2984820379911836,0.10064529888126222,0.43693149278232746,0.314191618938088,0.06352634215727448,0.09058168530464172,0.22965666209347546
wiki-1k_train,17746,burgos,0,bm25,0.8094905536222728,0.7705160955913191,0.29307627189647506,0.7995307582122839,0.7674385467575282,0.3085013388383948,0.00022908509708940983,0.030766448006033897,0.179909726139158
wiki-1k_train,82280,jilin,0,bm25,0.7885445867659144,0.7866400786260608,0.7186286326001353,0.7774430219068058,0.7842631928859913,0.7564511922106688,9.428686462342739e-05,0.03016842482611537,0.17936140089295805
wiki-1k_train,93387,runcorn,1,l6,0.8064396444087225,0.8958320594192221,0.8446064375422214,0.7962778453593606,0.8991015282518566,0.8890594079391805,8.021900430321693e-05,0.02743761520832777,0.16500072297640145
wiki-1k_train,473429,casale monferrato,2,bge,0.25305641425896297,0.41595812922867115,0.44555196788316265,0.21379498456252058,0.39459153998357466,0.4690020714559607,0.00017602578736841679,0.03210302791558206,0.18027643370442092
wiki-1k_train,363883,united kingdom constituencies,1,l6,0.035769954006562625,0.4309069713090165,0.3384994519010111,0.0,0.4218857427829596,0.35631521252738013,0.07199115515686572,0.10059749614447355,0.2529547521844506
wiki-1k_train,1883,basel,1,l6,0.31707583165595554,0.7831766951361088,0.7396119820903394,0.28128318670560726,0.7808805914050382,0.7785389285161468,0.0005129911005496979,0.03102351608686149,0.17912236507982016
wiki-1k_train,24430,mackinac island,1,l6,0.8805926384197009,0.946058942482818,0.8529208174704233,0.879023535541335,0.9554778352085002,0.897811386810972,0.01764183514751494,0.04585982416756451,0.19690777314826846
wiki-1k_train,3422,diesel engine,1,l6,0.18544732503551387,0.4335231213557923,0.37489844821243495,0.14783958478786519,0.41671768179225166,0.39462994548677366,0.01924710883758962,0.04757108888588846,0.19246029085479677
wiki-1k_train,11336,sun,1,l6,0.048784992328957937,0.3242326345852161,0.06848334949020415,0.0,0.29820998182892455,0.07208773630547806,0.004413367016240954,0.03293421887792647,0.18161889514885843
wiki-1k_train,244652,top 14,1,l6,0.21847062593608654,0.7256353663496491,0.6927713880739872,0.18867944506503656,0.7292330400778813,0.7292330400778813,0.0462896681856364,0.07361782202497125,0.2148042970802635
wiki-1k_train,95866,mexican americans,0,bm25,0.7831394436875864,0.7769382809641301,0.7436314120063673,0.7827699073751235,0.7827699073751235,0.7827699073751235,0.04710173583589494,0.07494069985114038,0.22446567891165614
wiki-1k_train,93537,phitsanulok province,0,bm25,0.5584173652888768,0.5509667219641715,0.47789414483145565,0.5378992150383444,0.5393998922070133,0.5030464682436375,0.009689989034086466,0.04293885291554034,0.1872903909534216
wiki-1k_train,103655,parker brothers,2,bge,0.4543343671402936,0.4183059105195395,0.7281512867032861,0.43224031243922356,0.4013143274130543,0.7664750386350381,0.02577629406005144,0.05300581222400069,0.20477106817997992
wiki-1k_train,1125100,taxonomic rank,0,bm25,0.7389808639088036,0.730766115534795,0.6927713880739872,0.7292330400778813,0.7292330400778813,0.7292330400778813,0.014665359165519476,0.04644783306866884,0.19344764109700918
wiki-1k_train,18489,nicholas i of russia,2,bge,0.19226724862371966,0.19784857357584407,0.7705867829368627,0.15170397398880528,0.1656852072202793,0.8111439820388029,0.006966486107558012,0.035941408248618245,0.1881281603127718
wiki-1k_train,231699,val guest,0,bm25,0.6029336781383209,0.3675068959086525,0.5946782139328126,0.5839847115317984,0.3449808091164267,0.6259770672976975,0.006805954035371542,0.03757970407605171,0.18376612104475498
wiki-1k_train,8856,new hampshire,0,bm25,0.44980903500068437,0.3028618860659858,0.36461655878159277,0.43988400185319,0.2903424276207017,0.383806903980624,0.09923489904031157,0.126032967120409,0.27442115801386535
wiki-1k_train,87094,rhythmic gymnastics,1,l6,0.24430333653885303,0.7603353464572367,0.7385708708114654,0.20487217334631352,0.7564511922106688,0.7774430219068058,0.0011841219384223223,0.030194994993507862,0.18204481597058475
wiki-1k_train,73666,odenwald,2,bge,0.8218491267976662,0.5005482262294764,0.8230435859561092,0.812504565371392,0.487073104629285,0.8663616694274834,5.603698082268238e-05,0.02257635584101081,0.09274481097236276
wiki-1k_train,6659,jewish holidays,1,l6,0.2171332736310435,0.767571853185723,0.727749218013728,0.1781028996411463,0.7660518084355032,0.7660518084355032,0.007720843190327287,0.038061787374317646,0.18699235026724637
wiki-1k_train,18539,crimean war,1,l6,0.3245545465687323,0.343587829141733,0.0,0.29820998182892455,0.3254281339617121,0.0,0.03841979708522558,0.06840003118850291,0.2196688251569867
wiki-1k_train,339412,saif ali khan,1,l6,0.20618955559302285,0.3061447369115314,0.11457829602695031,0.16559412347835012,0.279993086715295,0.1206087326599477,0.004177846945822239,0.03657902288250625,0.18570491392165422
wiki-1k_train,145463,0 6 0,0,bm25,0.038939459182126976,0.0324013914221392,0.0,0.0,0.0,0.0,0.05069704004563391,0.08066489500924945,0.22917975205928087
wiki-1k_train,78832,all in the family,0,bm25,0.04355863951169517,0.03804689196935605,0.0,0.0,0.0,0.0,0.04757035803049803,0.0882753930054605,0.3692570701241493
wiki-1k_train,9704,paleozoic,0,bm25,0.8007095510524568,0.7706717960872498,0.7322158438078183,0.790265643909219,0.768303631955541,0.7707535197977036,0.00015519303269684315,0.03341131587512791,0.18125512194819748
wiki-1k_train,1317707,katwa subdivision,0,bm25,0.9052372392847439,0.8368757418269539,0.8593141427182407,0.9006547401402716,0.8385535304652716,0.904541202861306,0.0014954020734876394,0.03789425105787814,0.19432725803926587
wiki-1k_train,553038,paris opera,1,l6,0.3305223055607897,0.7986238478515095,0.7558324644596979,0.29969257088441825,0.8003594380898702,0.7956131204838925,0.016083180904388428,0.045024588936939836,0.1921234659384936
wiki-1k_train,832661,japan campaign,1,l6,0.044269173001267405,0.7805210608263919,0.7436314120063673,0.0,0.7827699073751235,0.7827699073751235,0.021361651131883264,0.04886881913989782,0.18637494323775172
wiki-1k_train,167551,nigel bruce,2,bge,0.14700945160246903,0.17498340699156045,0.20310523533439453,0.10284745002580738,0.14067777954659338,0.21379498456252058,0.002553681144490838,0.03179311309941113,0.18355275900103152
wiki-1k_train,8862,netherlands,1,l6,0.7502810712449827,0.7709859684924071,0.3802974908864955,0.7384123854896277,0.7691797977232251,0.4003131483015742,0.004522927105426788,0.03636751603335142,0.1867905301041901
wiki-1k_train,1075662,indian premier league,1,l6,0.11390920530933432,0.6336703830490619,0.22048580920514602,0.07855756257578417,0.6323214526120031,0.23209032547910108,0.046466873958706856,0.07383653707802296,0.21672013611532748
wiki-1k_train,8851,nascar,1,l6,0.4226125725607306,0.8706969621906597,0.8237729502290652,0.39243283555050923,0.8726888587186543,0.8671294212937528,0.000688944011926651,0.028988935984671116,0.17343163001351058
wiki-1k_train,80953,south tyrol,1,l6,0.4030807937414713,0.6822768960003568,0.3878244880162437,0.3826082157285118,0.6840956718164712,0.4082363031749934,0.04633379797451198,0.07849593902938068,0.22282267990522087
wiki-1k_train,825,house of ascania,1,l6,0.43868471028976147,0.7512727552623463,0.7169682089710968,0.41873493640123594,0.7547033778643125,0.7547033778643125,0.0403383809607476,0.06947173201479018,0.22131163999438286
wiki-1k_train,12394,szlachta,1,l6,0.24889750483454626,0.785299345964786,0.29264903933651704,0.20939033246951788,0.7827699073751235,0.30805162035422845,8.509005419909954e-05,0.030413778964430094,0.18251042906194925
wiki-1k_train,9633,portugal,1,l6,0.668948639889614,0.7814980640617916,0.7418365618347862,0.652163555600913,0.7788083687787748,0.7808805914050382,0.0022754010278731585,0.03138891910202801,0.1875110249966383
wiki-1k_train,8204,mississippi river,1,l6,0.7573352051025575,0.8954849871999502,0.8188990551931212,0.7513011292454134,0.9035871136270435,0.8619990054664435,0.027176330098882318,0.05486654327251017,0.2122862981632352
wiki-1k_train,1049025,scenic rim region,1,l6,0.7382311482469709,0.7770124428253165,0.7355440554817241,0.7312568390035658,0.77979879056679,0.7742569005070781,0.02754288213327527,0.0587964931037277,0.21308623300865293
wiki-1k_train,110149,sphingidae,0,bm25,0.019987675985586262,0.0,0.0056563207458707855,0.0,0.0,0.0,1.0432908311486244e-05,1.738104037940502e-05,1.5414785593748093e-05
wiki-1k_train,143126,first australian imperial force,0,bm25,0.02305922311736308,0.019395444834747477,0.0,0.0,0.0,0.0,0.19952795910649002,0.2266625219490379,0.37030847324058414
wiki-1k_train,207002,bashkortostan,1,l6,0.8153454924456849,0.8472062412605591,0.7661239797087792,0.8056574605343653,0.8513425135082666,0.8064462944302939,7.38839153200388e-05,0.029378656996414065,0.12696985388174653
wiki-1k_train,13962,venice,1,l6,0.1935501836862993,0.35246132806388764,0.14977555923077115,0.1516475513271569,0.3277697968506034,0.15765848340081176,0.0019254519138485193,0.033350138925015926,0.18694068188779056
wiki-1k_train,2392,canonization,0,bm25,0.04924632652576602,0.039980431868870035,0.0,0.0,0.0,0.0,0.002721607917919755,0.036181896924972534,0.18055616994388402
wiki-1k_train,268895,victoria police,1,l6,0.7609638727723682,0.8346022827453955,0.7518415901746744,0.7523974700777446,0.8373367245306608,0.7914122001838678,0.015080137876793742,0.04297243291512132,0.1977088360581547
wiki-1k_train,16237,pseudonym,0,bm25,0.7424305544681513,0.7340939916138034,0.6927713880739872,0.7292330400778813,0.7292330400778813,0.7292330400778813,0.0012601208873093128,0.03208183799870312,0.18485866207629442
wiki-1k_train,21139,salt lake city,1,l6,0.8285250600797983,0.843765982599115,0.7350429763270218,0.8344564450537488,0.8563087253667503,0.7737294487652862,0.07252840488217771,0.1006991418544203,0.2552278027869761
wiki-1k_train,93597,gunma prefecture,0,bm25,0.8099738879308704,0.742891212490375,0.7644281153376137,0.8003469789900088,0.739237515227159,0.8046611740395934,0.0012936419807374477,0.034126094076782465,0.1818230040371418
wiki-1k_train,37970,amersfoort,0,bm25,0.811442740229283,0.8093071419724133,0.7627676917085753,0.8015480128212682,0.8103514541392864,0.8029133596932372,6.753997877240181e-05,0.02550864708609879,0.12116119707934558
wiki-1k_train,2612,cleveland indians,2,bge,0.04663039467146645,0.4384744492886713,0.7240343986948438,0.0,0.4201002832732049,0.7621414723103619,0.012443267973139882,0.039220530074089766,0.184639842947945
wiki-1k_train,66818,tokyo disney resort,1,l6,0.792084681909627,0.8193408980842927,0.778271683955048,0.7827699073751235,0.8192333515316295,0.8192333515316295,0.005953736836090684,0.03437674674205482,0.19246204779483378
wiki-1k_train,862773,wigan,1,l6,0.6700284015306565,0.765919337257399,0.7385708708114654,0.6528220267185876,0.7621414723103619,0.7774430219068058,0.0005490360781550407,0.0292115721385926,0.17998367827385664
wiki-1k_train,11326,south australia,1,l6,0.7032360849306177,0.8477609702517644,0.7240343986948438,0.6994521894301944,0.8579095282311958,0.7621414723103619,0.050838883966207504,0.07801198912784457,0.22608132008463144
wiki-1k_train,896124,british ceylon,2,bge,0.5992434156196664,0.4988120561223444,0.6400459558414471,0.5839847115317984,0.48712796231078337,0.6737325850962601,0.022689721081405878,0.05715155112557113,0.20470474613830447
wiki-1k_train,12319,scottish national party,0,bm25,0.7265627931947036,0.72138432222428,0.6927713880739872,0.7292330400778813,0.7292330400778813,0.7292330400778813,0.08618981600739062,0.11372653115540743,0.2658768901601434
wiki-1k_train,4421,cinema of china,0,bm25,0.04704542559110401,0.03897946436192279,0.0,0.0,0.0,0.0,0.010790518019348383,0.04024853394366801,0.1826069769449532
wiki-1k_train,296526,gold mining,0,bm25,0.3290586454832799,0.2157423763357906,0.0,0.29820998182892455,0.18707552603717398,0.0,0.01598344394005835,0.045149490935727954,0.188446796964854
wiki-1k_train,341793,gloucestershire county cricket club,0,bm25,0.765354154055092,0.7593238509659725,0.727749218013728,0.7660518084355032,0.7660518084355032,0.7660518084355032,0.055371421156451106,0.08231008425354958,0.22336077224463224
